idx,question_id,context,question,options,image_1,image_2,image_3,image_4,image_5,image_6,image_7,image_type,answers,explanation,topic_difficulty,question_type,subfield,language,main_question_id,sub_question_id,is_arithmetic,ans_image_1,ans_image_2,ans_image_3,ans_image_4,ans_image_5,ans_image_6,release,group_id,strata_full,strata_final
589,english_242_5_r3,"Robert Waterman, and Sophia Chen, are portfolio managers of a U.S-based investment
firm, Simon Fraser Analytics. Waterman and Chen are thinking investing in U.S. and U.K bonds.
They consider all kinds of yield curve and other strategies. Exhibit 1 shows the data they collected
from the liquid government bonds on U.S and U.K market.
<image_1>
Also both of them are interested in:
1. Riding the yield curve over next year
2. Long or short call and/or put options on U.K. government bonds through purchasing
convexity
3. Carrying out a carry trade between U.S and U.K 3-year duration bonds.
Waterman and Chen consider to buy a bond issued by a Norwegian BeeBalm Manufacture
firm. Exhibit 2 shows their expectation. 
<image_2>
According to their market expectation, they decide to hedge the NOK currency risk with a
one-year forward contract after investing in the BeeBalm bond. However, they find that market
has become inactive resulting in high transaction costs. There is a more active forward market for
the Swedish currency (SEK), so they determine to construct a cross hedge by selling the SEK
forward to buy the USD.
Lastly, Waterman and Chen think about to purchase a BB-rated U.S. corporate bond with a
duration of 3.5 and a yield of 3.7%. While they do not agree on the best way to measure the
credit spread, they both agree its credit will improve and spread will narrow down.
• Waterman says we can use Exhibit 1 to calculate the G-spread of the U.S. bond as being
3.64%
• Chen says the I-spread is superior because it is based on swap fixed rates and these have
less credit risk.
• Chen also admit that G-spread has an advantage because it is the return we can expect to
earn if we hedge interest rate risk. /n <ocr>image_1 ocr text: Exhibit 1 Government Bonds Yield Duration UnitedStates United Kingdom 0.9 0.5% 1.00% 1.9 0.8% 1.70% 3.0 1.00% 2.00% 4.1 1.10% 2.10% 4.9 1.20% 2.20% 5.8 1.25% 2.25%/nimage_2 ocr text: Exhibit 2 BeeBalm Manufacture firm bond data Risk free rate in Norway 2.8% Risk free rate in U.S 0.50% Return on BeeBalm bond in Norwegian NOK 7.00% Expected changes in the NOK relative to the U.S.dollar -0.40%</ocr>","In order for the cross hedge of selling the SEK forward to work, the correlation of","['A. SEK and NOK must be high, approaching +1'
 'B. SEK and USD must be high, approaching +1'
 'C. Both the SEK and NOK must be highly correlated to the USD, approaching +1']",,,,,,,,table,A,"Solution: A
The U.S.-based firm would normally sell the foreign currency (NOK) and buy the USD to hedge
the currency risk. An alternative is to sell another currency that is highly correlated to the NOK, a
form of cross hedge (sometimes called a proxy hedge). The idea is that if the NOK declines versus
the USD, the SEK will also decline for a gain on the short SEK contracts that offsets the loss on
NOK. There must be high correlation and a predictable relationship of the SEK and NOK for this to
work. Higher correlation to the USD has nothing to do directly with the cross hedge of the
currency risk. Note that if the USD and the other currencies are highly correlated, it suggests they
change in similar fashion to each other; in other words, the exchange rate will be relatively stable
and change in currency value will be a less significant factor in the return earned from investing
in the foreign bond.",hard,multiple-choice,fixed income,english,242,5,0,,,,,,,release_basic_txt,english_242,hard_multiple-choice_fixed income,hard_multiple-choice
1365,english_479_2_r3,"Consider an instrument that will pay off S dollars in 2 years, where S is the value of the Nikkei index. The index is currently 20,000. The yen/dollar exchange rate is 100 (yen per dollar). The correlation between the exchange rate and the index is 0.3 and the dividend yield on the index is 1% per annum. The volatility of the Nikkei index is 20% and the volatility of the yen/dollar exchange rate is 12%. The interest rates (assumed constant) in the U.S. and Japan are 4% and 2%, respectively. Recall the change of numeraire principle in the image.<image_1> /n <ocr>image_1 ocr text: Define: Px(t, T):Value at time t in currency X of a zero-coupon bond paying off 1 unit of currencyX at time T Pyt, T): Value at time t in currency Y of a zero-coupon bond paying off 1 unit of currency Yat time T VTValue of V at time T Ex(V): Expected value of Vt in a world defined by numeraire Px(t, T) EyV):Expected value of V in a world defined by numeraire Pyt, T) The numeraire ratio when we move from the Pyt,T) numeraire to the Pxt,T) numeraire is Pxt,T) Wt Pyt,T where S(t) is the spot exchange rate units of Y per unit of X) at time t.It follows from this that the numeraire ratio W(t) is the forward exchange rate (units of Y per unit of X) for a contract maturing at time T.Define: wVolatility of W vVolatility of V PvwInstantaneous correlation between V and W. From equation (28.35), the change of numeraire increases the growth rate of V by ay, where ay=Pvww (30.4) If it is assumed that the volatilities and correlation are constant, this means that Ex(Vr) = Ey(Vr)ePw0y0wT (30.5) or as an approximation ExV=EyVr1+PvwywT (30.6) These equations can be used to value diff swaps where interest in one currency is applied to a principal in another currency..</ocr>",Suppose that the exchange rate at some point during the life of the instrument is $Q$ and the level of the index is $S$. Can a U.S. investor create a portfolio that changes in value by approximately $\bigtriangleup S$ dollar when the index changes in value by $\bigtriangleup S$ yen by investing S dollars in the Nikkei and shorting $SQ$ yen?,,,,,,,,,screenshot,Yes.,"An amount SQ yen is invested in the Nikkei. Its value in yen changes to $SQ(1+\frac{\bigtriangleup S}{ S})$. In dollars this is worth $SQ\frac{1+\bigtriangleup S/S}{Q+\bigtriangleup Q}$, where $\bigtriangleup Q$ is the increase in $Q$ . When terms of order two and higher are ignored, the dollar value becomes $S(1+\bigtriangleup S/S -\bigtriangleup Q/Q)$. \\
 The gain on the Nikkei position is therefore $\bigtriangleup S -S\bigtriangleup Q /Q$, when $SQ$ yen are shorted the gain in dollars is $SQ(\frac{1}{Q}-\frac{1}{Q+\bigtriangleup Q})$\\
 This equals $S\bigtriangleup Q / Q$ when terms of order two and higher are ignored. The gain on the whole position is therefore $\bigtriangleup S$as required.",hard,open question,derivatives,english,479,2,0,,,,,,,release_basic_txt,english_479,hard_open question_derivatives,hard_open question
614,english_247_3_r3,"Daenerys Targaryen is the owner of an investment management firm, Westeros Funds. The firm's
three largest funds, Arya Investments, Bran Capital and Cersei Partners, offer a variety of
investment styles with a range of investment approaches. Characteristics of the three funds are
presented in Exhibit 1.
<image_1>
Targaryen has been worried recently that her fund managers may be subject to some
common behavioral biases. Commenting on these biases, Targaryen makes the following two
statements:
1) ""I noticed that one of the funds has been poorly diversified, with a large number of holdings
in securities that haven't performed well over the last few years. I think this fund has
excessive risk exposure.""
2) ""The manager of one of my funds has not sold his securities in a very long time with the
expectation of strong returns, and as a result likely missed out on profitable new investment
opportunities.""
The North foundation is one of Westeros’ Clients. In a meeting with Westeros, the
foundation board tells Targaryen that they are considering hiring a new equity investment
manager, and want Targaryen to evaluate two candidate funds. Fund information is presented in
Exhibit2
<image_2>
<image_3> /n <ocr>image_1 ocr text: Exhibit 1: Fund Information for Arya, Bran and Cersei Arya Bran Cersei Target active risk. 9.00% 6.50% 1.00% Maximum sector deviation 2.50% 0.00% 2.00% Maximum risk contribution to a single security. 7.00% 1.00% 1.00% Monthly arithmetic return 0.70% 0.80% 1.00% Standard deviation of return. 3.00% 4.00% 4.50%/nimage_2 ocr text: Exhibit 2: Description of Funds Fund Description Dorne's manager seeks returns by following a comprehensive process of understanding the business model and competitive advantages of each firm.He also uses financial models to forecast free cash flows and integrates growth in the. Dorne analysis to determine each security's current valuation. The fund manager uses his judgment to evaluate the relative importance of this analysis and decides on. portfolio allocation with the help of the investment committee. The fund, with the help of analysts, maintains a wide coverage of companies within each industry.. Essos is a long-only fund and takes no leverage. It aims to achieve return premiums from a balanced exposure to known, rewarded factors. It incorporates. EsSoS research-based rules and factor-based models to determine appropriate sector weights. The fund seeks to reduce exposure to idiosyncratic risk and holds a large. number of securities using a scoring approach to rank them according to value and./nimage_3 ocr text: profitability metrics within sectors. The limit on any single security position is  2% irrespective of benchmark weight, sector deviations  8% from the benchmark. and active risk limited to 5%. Riverland focuses on skillfully timing exposures to factors, both rewarded and unrewarded, and to other asset classes. The fund's managers use timing skills to. Riverland opportunistically shift their portfolio to capture returns from factors such as country, asset class, and sector.</ocr>","Based on return and risk data in Exhibit 1, which manager's portfolio has the highest expected compound return using a leverage factor of 2",['A. Arya' 'B. Bran' 'C. Cersei'],,,,,,,,table,C,Solution: C.<ans_image_1>,hard,multiple-choice,equity,english,247,3,0,,,,,,,release_basic_txt,english_247,hard_multiple-choice_equity,hard_multiple-choice
217,english_163_4_r3,"Alpha Consultants is working with the German-based Berg Pension Fund to select a fixed-income firm to manage a €100 million global bond portfolio. Delta Managers is the third and final presenter to Berg's investment committee. After going through its investment philosophy and process, Delta addresses several questions.
Alpha expresses concern about the use of leverage in the portfolio. Delta indicates that by using 100% leverage, it can generate incremental returns. Delta provides the committee with the portfolio's characteristics in Exhibit 1.


<image_1>

Berg's committee is concerned that the portfolio's duration is inappropriate given the committee's view that rates might rise. They ask how Delta can use the futures market to manage the portfolio's interest rate risk. The committee states that it would like a target duration of 4.


Delta then makes the following statement to the committee:
International interest rates are not perfectly correlated. In fact, because this is a global bond portfolio, 60% of the portfolio is from German issuers and has average duration of 7 and the remainder is from UK issuers with average duration of 4.5, both before any hedging activities to meet the committee's duration target. Historically, the country beta of the United Kingdom (i.e., for German rates relative to UK rates) is estimated to be 0.55.


<image_2>

Berg's committee then asks Delta to make a recommendation about whether the portfolio should be hedged back to the euro, its domestic currency. Delta responds that short interest rates are currently 2.50% in the United Kingdom and 3.25% in Germany and that Delta's currency strategists forecast that the euro will depreciate by 0.35%.
Berg's committee then asks whether a global portfolio would benefit from the inclusion of emerging market debt. Delta responds that returns can be attractive in emerging markets during certain periods but that the following risks of this asset class must be understood:
Risk 1: Returns are frequently characterized by substantial positive skewness. Risk 2: If a default of sovereign debt occurs, recovery against sovereign states can be difficult. Risk 3: The frequency of default and ratings transition is significantly higher than it is in developed market corporate bonds with similar ratings.
At the conclusion of the presentation, Alpha and Berg's committee convene to discuss which of the three managers that presented should be selected for the €100 million mandate. Alpha advises Berg that the following considerations are important when evaluating fixed-income portfolio managers:
Criterion 1: Style analysis will enable us to understand the active risks the manager has taken relative to the benchmark and which biases have consistently added to performance. Criterion 2: Decomposing the portfolio's historical returns will show whether the manager's skills will allow the manager to consistently outperform over time. Criterion 3: We could select two of the three managers that presented if our analysis shows that the correlation between their alphas is low. /n <ocr>image_1 ocr text: Exhibit 1 Portfolio Characteristics Assets Liabilities Portfolio ( millions 200 100 Duration 6 1 Expected return (%) 5.5 Interest rate on borrowed 4.75 funds (%)/nimage_2 ocr text: Exhibit 2 Futures Market Data E Futures contract price 100,000 Conversion factor 1.15 Duration of cheapest-to-deliver 5.2 bond Market price of cheapest-to-deliver 98,000 bond</ocr>","Based on Delta's expectations regarding currencies, and assuming that interest rate parity holds, should Delta most likely recommend using forward contracts to hedge the portfolio's British pound exposure?","['A. No, because the euro is expected to depreciate by more than 0.35%'
 'B. Yes'
 'C. No, because the euro is expected to appreciate by more than 0.35%']",,,,,,,,table,B,"Answer = B. Using interest rate parity, the euro is expected to depreciate by 3.25% – 2.50% = 0.75%. Delta's strategists believe that the euro will depreciate by only 0.35%. Based on expected returns alone, Delta should hedge the currency risk using a forward contract and lock in a 0.75% gain in British pounds.",medium,multiple-choice,fixed income,english,163,4,0,,,,,,,release_basic_txt,english_163,medium_multiple-choice_fixed income,medium_multiple-choice
1196,english_422_4_r3,<image_1> /n <ocr>image_1 ocr text: State of Return on Return on Economy Stock A Stock B Bear .108 .067 Normal .126 .113 Bull .064 .276</ocr>,Calculate standard deviation of Stock B.,,,,,,,,,table,".1401, or 14.01%","To calculate the standard deviation, we first need to calculate the variance. To find the variance, we find the squared deviations from the expected return. We then multiply each possible squared deviation by its probability, and then add all of these up. The result is the variance. So, the variance and standard deviation of Stock B are:
 <ans_image_2>",easy,open question,equity,english,422,4,0,,,,,,,release_basic_txt,english_422,easy_open question_equity,easy_open question
334,english_185_3_r3,"Kamiko Watanabe, is a portfolio adviser at Wakasa Bay Securities. She specializes in the use of derivatives to alter and manage the exposures of Japanese equity and fixed-income portfolios. She has meetings today with two clients, Isao Sato and Reiko Kondo. Sato is the manager of the Tsushima Manufacturing pension fund, which has a target asset allocation of 60% equity and 40% bonds. The fund has separate equity and fixed-income portfolios, whose characteristics are provided in Exhibits 1 and 2. Sato expects equity values to increase in the coming two years and, in order to avoid substantial transaction costs now and in two years, would like to use derivatives to temporarily rebalance the portfolio. He wants to maintain the current beta of the equity portfolio and the current duration of the bond portfolio.

<image_1>
<image_2>
In order to rebalance the pension fund to its target allocations to equity and bonds, Watanabe recommends using Nikkei 225 Index futures contracts, which have a beta of 1.05 and a current contract price of ¥1,525,000, and Nikko Bond Performance Index futures, which have a duration of 6.90 and a current contract price of ¥4,830,000. She assumes the cash position has a duration of 0.25. Sato wants to know if other derivatives could be used to rebalance the portfolio. In response, Watanabe describes the characteristics of a pair of swaps that, together, would accomplish the same rebalancing as the proposed futures contracts strategy. Kondo manages a fixed-income portfolio for the Akito Trust. The portfolio’s market value is ¥640 million, and its duration is 6.40. Kondo believes interest rates will rise and asks Watanabe to explain how to use a swap to decrease the portfolio’s duration to 3.50. Watanabe proposes a strategy that uses a pay-fixed position in a three-year interest rate swap with semi-annual payments. Kondo decides he wants to use a four-year swap to manage the portfolio’s duration. After some calculations, Watanabe tells him a pay-fixed position in a four-year interest rate swap with a duration of –2.875 would require a notional principal of ¥683 million (rounded to the nearest million yen) to achieve his goals.

Kondo asks Watanabe whether it would be possible to cancel the swap prior to its maturity. Watanabe responds with three statements: Statement 1: If you purchase a swaption from the same counterparty as the original swap, it is common to require the payments of the two swaps be netted or cash settled if the swaption is exercised. Statement 2: You could purchase a payer swaption with the same terms as the original swap. This approach would protect you from falling fixed swap rates but at the cost of the premium you would pay to the swaption counterparty. Statement 3: During the life of the swap, you could enter into a new pay-floating swap with the same terms as the original swap, except it would have a maturity equal to the remaining maturity of the original swap. However, the fixed rate you receive might be lower than the fixed rate you are paying on the original swap. /n <ocr>image_1 ocr text: Exhibit 1:Tsushima Pension Fund Equity Portfolio Characteristics Current marketvalue 27.5 billion Benchmark Nikkei 225Index Current beta 1.15/nimage_2 ocr text: Exhibit 2:Tsushima Pension Fund Bond Portfolio Characteristics Current market value 27.5 billion NikkoBond Performance Benchmark Index composite Current duration 4.75</ocr>",Which of these is most likely to be a characteristic of one of the two swaps Watanabe describes to Sato,"['A. Receive return on Nikko Bond Performance Index'
 'B. Pay return on Nikkei 225 Index' 'C. Receive Libor']",,,,,,,,table,C,Answer = C. One of the swaps would be pay Nikko Bond Performance Index return and receive Libor.,hard,multiple-choice,derivatives,english,185,3,0,,,,,,,release_basic_txt,english_185,hard_multiple-choice_derivatives,hard_multiple-choice
459,english_213_4_r3,"Jevan Chen is a tax adviser who provides tax-aware
advice to various private clients.
Two of Chen’s clients are Sameeha Payne and Chaow Yoonim, who are US citizens and
reside in the United States. A third client, LaShawna Kaminski, lives in a tax jurisdiction
with a flat tax rate of 20%, which applies to all types of income and capital gains.
Payne is the founder and sole owner of Solar Falls Power, a privately held renewable
energy company located in the United States. In addition to owning Solar Falls Power,
Payne is also the sole owner of the property that the company uses as its headquarters.
The vast majority of Payne’s wealth is represented by these two assets. Payne’s tax cost
basis in each asset is close to zero.
Payne consults with Chen to develop a strategy to mitigate the risk associated
with the two concentrated ownership positions. Payne’s primary objective is to mitigate
the concentration risk of both positions without triggering a taxable event while
maintaining sole ownership. Payne’s secondary objective is to monetize the property.
Payne is considering becoming a resident of Singapore, which operates under a
territorial tax system, while maintaining her US citizenship. She contacts Chen to
discuss tax implications related to the potential change in residency. She asks Chen
the following tax-related
question:
As a US citizen, if I become a resident of Singapore, would I be taxed (1)
only on income earned where I am a resident, (2) only on income earned
where I am a citizen, or (3) on all income earned worldwide?
Chen next advises Yoonim, who recently inherited shares of Steelworq from a
relative who passed away. Yoonim’s deceased relative was a resident of the United
States, which is a country that uses a “step-up”
in basis at death. The deceased relative
purchased the Steelworq shares 20 years ago for $14,900 (including commissions and
other costs). At the time of the relative’s death, the Steelworq shares had a market
value of $200,000, and Yoonim recently sold the shares for $180,000. Yoonim’s capital
gains tax rate is 20%.
Yoonim seeks to diversify his portfolio by using the proceeds from the sale of
Steelworq shares to invest in mutual funds. Yoonim’s investment adviser identifies
three mutual funds, and Yoonim asks Chen to determine which fund will be the most
tax efficient going forward. Selected data for the three mutual funds is presented in
Exhibit 1.
<image_1>
Yoonim next asks Chen to evaluate Mutual Fund D, which has an embedded gain
of 5% of the ending portfolio value. Yoonim asks Chen to calculate a post-liquidation
return over the most recent three-year
period. Mutual Fund D exhibited after-tax
returns of 7.0% in Year 1, 3.3% in Year 2, and 7.5% in Year 3, and capital gains are
taxed at a 20% rate.
Finally, Chen turns his attention to Kaminski, who currently has $1 million invested
in a tax-deferred
account earning 7% per year. Kaminski will sell this investment at the
end of five years, withdraw the proceeds from the sale in a lump sum, and use those
proceeds to fund the purchase of a vacation home. Kaminski asks Chen to calculate
the after-tax
wealth that will be available in five years. /n <ocr>image_1 ocr text: Exhibit 1 Selected Data on Mutual Funds A,B,and C Capital Gains Starting Assets Gains Distributions Losses Fund A $3,000,000 $300,000 $400,000 Fund B $4,000,000 $500,000 $300,000 $200,000 Fund C $5,000,000 $700,000 $500,000</ocr>","Based on Exhibit 1, the mutual fund most likely to be the most tax efficient going forward is:",['A. Fund A' 'B. Fund B' 'C. Fund C'],,,,,,,,table,A,"A is correct. Fund A has a lower percent capital gain exposure (PCGE) than
does Fund B or Fund C. PCGE is an estimate of the percentage of a fund’s assets
that represent gains and measures how much the fund’s assets have appreciated.
It can be an indicator of possible future capital gain distributions. PCGE
can be used to gauge the amount of tax liability embedded in a mutual fund.
The negative PCGE of Fund A implies that Fund A is more likely to be the most
tax-efficient
fund going forward, because it can use the embedded losses in its
portfolio to offset future realized gains. <ans_image_1>",hard,multiple-choice,portfolio management,english,213,4,0,,,,,,,release_basic_txt,english_213,hard_multiple-choice_portfolio management,hard_multiple-choice
396,english_198_3_r3,"Serena is a risk management specialist with Liability Protection Advisors. Trey, CFO
of Kiest Manufacturing, enlists Serena’s help with three projects. The first project is
to defease some of Kiest’s existing fixed-rate
bonds that are maturing in each of the
next three years. The bonds have no call or put provisions and pay interest annually.
Exhibit 1 presents the payment schedule for the bonds.
<image_1>
The second project for Serena is to help Trey immunize a $20 million portfolio of
liabilities. The liabilities range from 3.00 years to 8.50 years with a Macaulay duration
of 5.34 years, cash flow yield of 3.25%, portfolio convexity of 33.05, and basis point
value (BPV) of $10,505. Serena suggested employing a duration-matching
strategy
using one of the three AAA rated bond portfolios presented in Exhibit 2.
<image_2>
Serena explains to Trey that the underlying duration-matching
strategy is based
on the following three assumptions.
1 Yield curve shifts in the future will be parallel.
2 Bond types and quality will closely match those of the liabilities.
3 The portfolio will be rebalanced by buying or selling bonds rather than using
derivatives.

The third project for Serena is to make a significant direct investment in broadly
diversified global bonds for Kiest’s pension plan. Kiest has a young workforce, and
thus, the plan has a long-term
investment horizon. Trey needs Serena’s help to select
a benchmark index that is appropriate for Kiest’s young workforce. Serena discusses
three benchmark candidates, presented in Exhibit 3.
<image_3>
With the benchmark selected, Trey provides guidelines to Serena directing her to
(1) use the most cost-effective
method to track the benchmark and (2) provide low
tracking error.
After providing Trey with advice on direct investment, Serena offered him additional
information on alternative indirect investment strategies using (1) bond mutual funds,
(2) exchange-traded
funds (ETFs), and (3) total return swaps. Trey expresses interest
in using bond mutual funds rather than the other strategies for the following reasons.
Reason 1 Total return swaps have much higher transaction costs and initial
cash outlay than bond mutual funds.
Reason 2 Unlike bond mutual funds, bond ETFs can trade at discounts to
their underlying indexes, and those discounts can persist.
Reason 3 Bond mutual funds can be traded throughout the day at the net
asset value of the underlying bonds. /n <ocr>image_1 ocr text: Exhibit 1 Kiest Manufacturing Bond Payment Schedule (as of beginning of Year 1) Maturity Date Payment Amount End of Year 1 $9,572,000 End of Year 2 $8,392,000 End of Year 3 $8,200,000/nimage_2 ocr text: Exhibit2 Possible AAA Rated Duration-Matching Portfolios Portfolio A Portfolio B Portfolio C Bonds (term, coupon) 4.5 years, 2.63% 3.0 years, 2.00% 1.5 years, 1.25% 7.0 years, 3.50% 6.0 years, 3.25% 11.5 years,4.38% 8.5 years, 3.88% Macaulay duration 5.35 5.34 5.36 Cash flow yield. 3.16% 3.33% 3.88% Convexity 31.98 34.51 50.21 BPV $10,524 $10,506 $10,516/nimage_3 ocr text: Exhibit 3 Global Bond Index Benchmark Candidates Effective Index Name Duration Index Characteristics Global Aggregate 7.73 Market cap weighted; Treasuries, corpo- rates, agency, securitized debt Global Aggregate GDP 7.71 Same as Global Aggregate, except GDP Weighted weighted Global High Yield 4.18 GDP weighted; sovereign, agency, corporate debt</ocr>",Which portfolio in Exhibit 2 fails to meet the requirements to achieve immunization for multiple liabilities?,['A. Portfolio A' 'B. Portfolio B' 'C. Portfolio C'],,,,,,,,table,A,"A is correct. The two requirements to achieve immunization for multiple liabilities are for the money duration (or BPV) of the asset and liability to match and for the asset convexity to exceed the convexity of the liability. Although all three portfolios have similar BPVs, Portfolio A is the only portfolio to have a lower convexity than that of the liability portfolio (31.98, versus 33.05 for the $20 million liability portfolio), and thus, it fails to meet one of the two requirements needed for immunization.",hard,multiple-choice,fixed income,english,198,3,0,,,,,,,release_basic_txt,english_198,hard_multiple-choice_fixed income,hard_multiple-choice
1136,english_398_9_r3,"The treasurer of Amaro Canned Fruits, Inc., has 
 projected the cash flows of Projects A, B, and C as follows:
 <image_1>
 Suppose the relevant discount rate is 12 percent per year. /n <ocr>image_1 ocr text: Year Project A Project B Project C 0 $225,000 $450,000 $225,000 165,000 300,000 180,000 2 165,000 300,000 135.000</ocr>","Suppose Amaro’s budget for these projects is $450,000. The projects are not divisible. Which project(s) should Amaro accept?",,,,,,,,,table,Projects A and C,"Remember that the NPV is additive across projects. Since we can spend $450,000, we could take Project B or Project A and Project C. Since the combined NPV of Projects A and C is higher than Project B, we should take both Projects A and C.",easy,open question,alternative investments,english,398,9,0,,,,,,,release_basic_txt,english_398,easy_open question_alternative investments,easy_open question
443,english_210_3_r3,"Monongahela Ap is an equity fund analyst. His manager asks him to evaluate three
actively managed equity funds from a single sponsor, Chiyodasenko Investment Corp.
Ap’s assessments of the funds based on assets under management (AUM), the three
main building blocks of portfolio construction, and the funds’ approaches to portfolio
management are presented in Exhibit 1. Selected data for Fund 1 is presented
in Exhibit 2.
<image_1>
<image_2>
Ap learns that Chiyodasenko has initiated a new equity fund. It is similar to Fund
1 but scales up active risk by doubling all of the active weights relative to Fund 1. The
new fund aims to scale active return linearly with active risk, but implementation
is problematic. Because of the cost and difficulty of borrowing some securities, the
new fund cannot scale up its short positions to the same extent that it can scale up
its long positions.
Ap reviews quarterly holdings reports for Fund 3. In comparing the two most
recent quarterly reports, he notices differences in holdings that indicate that Fund 3
executed two trades, with each trade involving pairs of stocks. Initially, Fund 3 held
active positions in two automobile stocks—one was overweight by 1 percentage point
(pp), and the other was underweight by 1pp. Fund 3 traded back to benchmark weights
on those two stocks. In the second trade, Fund 3 selected two different stocks that
were held at benchmark weights, one energy stock and one financial stock. Fund 3
overweighted the energy stock by 1pp and underweighted the financial stock by 1pp.
In Fund 3’s latest quarterly report, Ap reads that Fund 3 implemented a new formal
risk control for its forecasting model that constrains the predicted return distribution
so that no more than 60% of the deviations from the mean are negative. /n <ocr>image_1 ocr text: Exhibit1 Ap's Assessments ofFunds 1,2,and3 Fund Size Number of Fund Fund Category (AUM) Securities Description 1 Small-cap stocks Large Small Fund 1 focuses on skillfully timing exposures to factors,both rewarded and unrewarded, and to other asset classes.The fund's managers use timing skills to opportunistically shift their portfolio to capture returns from factors such as country, asset class,and sector.Fund 1 prefers to make large trades. 2 Large-cap stocks Large Large Fund 2 holds a diversified portfolio and is concentrated in terms of factors.It targets individual securities that reflect the manager's view that growth firms will outperform value firms Fund 2 builds up its positions slowly,using unlit venues when possible. 3 Small-cap stocks Small Large Fund 3 holds a highly diversified portfolio.The fund's managers start by evaluating the risk and return characteristics of indi vidual securities and then build their portfolio based on their stock-specific forecasts.Fund 3 prefers to make large trades/nimage_2 ocr text: Exhibit2 Selected Data for Fund 1 Factor Market Size Value Momentum Coefficient 1.080 0.098 -0.401 0.034 Variance of the market 0.00109 0.00053 0.00022 -0.00025 factor return and covari ances with the market factor return Portfolio's monthly standard deviation of returns 3.74%</ocr>",Which fund in Exhibit 1 most likely has the greatest implicit costs to implement its strategy?,['A. Fund 1' 'B. Fund 2' 'C. Fund 3'],,,,,,,,table,A,"A is correct. Because Fund 1 has a large AUM but focuses on small-cap stocks, holds a relatively small number of securities in its portfolio, and prefers to make large trades, Fund 1 likely has the highest implicit costs. Each of these characteristics serves to increase the market impact of its trades. Market impact is a function of the security’s liquidity and trade size. The larger a trade size relative to a stock’s average daily volume, the more likely it is that the trade will affect prices. The relatively low level of trading volume of small-cap stocks can be a significant implementation hurdle for a manager running a strategy with significant assets under management and significant positive active weights on smaller companies.",hard,multiple-choice,equity,english,210,3,0,,,,,,,release_basic_txt,english_210,hard_multiple-choice_equity,hard_multiple-choice
574,english_239_4_r3,"Gari Dimeola is an investment advisor specializing in derivatives strategies in equity, fixed income,
and currency markets.
Dimeola is approached by his client, Ryan Karunathilike, for advice regarding option
strategies. Karunathilike is a U.K. domiciled client who wants to hedge a short position in Euros
(EUR) over the coming month. The current spot EUR/GBP exchange rate is 1.1523. Dimeola
advises Karunathilike that he has three strategies using derivatives on the EUR/GBP exchange
rate available to him, which are displayed in Figure 1.
<image_1>
Karunathilike asks Dimeola to review his existing options strategies. He presents the
signs of the Greek exposures of his strategies as displayed in Figure 2.
<image_2>
Karunathilike has identified a stock, GHS Corp., which historically has had options exhibiting
a volatility skew. The options of GHS currently exhibit a volatility smile, and Karunathilike believes
that within the next days implied volatility will revert back to a more usual profile. Karunathilike
asks Dimeola to design an options strategy to allow him to profit from this view. /n <ocr>image_1 ocr text: Figure 1:Hedging Strategies Recommended by Dimeola Strategy Position 1 Sell one month EUR/GBP forward 2 Buy one month GBP/EUR call option 3 Buy one-month EUR/GBP put option/nimage_2 ocr text: Figure 2:Greek Exposures of Dimeola's Existing Option Strategies Strategy Delta Gamma Theta Vega A Positive Positive Positive Positive B Positive Negative Positive Negative C Small Negative Positive Negative</ocr>","The most appropriate options strategy, given Karunathilike’s view on the implied volatility profile of GHS Corp, is to sell","['A. out-the-money calls and buy out-the-money puts'
 'B. out-the-money puts and buy in-the-money puts'
 'C. at-the-money calls and buy at-the-money puts']",,,,,,,,table,A,"Solution: A.
A volatility smile occurs when both out-the money (OTM) puts and OTM calls have higher implied volatility than at-the-money (ATM) options. A volatility smirk occurs when OTM puts have higher implied volatility but OTM calls have lower implied volatility. Since options prices decline as implied volatility falls, Karunathilike should sell OTM calls and buy OTM puts to profit from his view.",hard,multiple-choice,derivatives,english,239,4,0,,,,,,,release_basic_txt,english_239,hard_multiple-choice_derivatives,hard_multiple-choice
391,english_197_1_r3,"Cécile is a junior analyst for an international wealth management firm. Her supervisor,
Margit, asks Cécile to evaluate three fixed-income
funds as part of the firm’s global
fixed-income
offerings. Selected financial data for the funds Aschel, Permot, and
Rosaiso are presented in Exhibit 1. In Cécile’s initial review, she assumes that there is
no reinvestment income and that the yield curve remains unchanged.
<image_1>

After further review of the composition of each of the funds, Cécile makes the
following notes:
Note 1 Aschel is the only fund of the three that uses leverage.
Note 2 Rosaiso is the only fund of the three that holds a significant number of
bonds with embedded options.

Margit asks Cécile to analyze liability-based
mandates for a meeting with Villash
Foundation. Villash Foundation is a tax-exempt
client. Prior to the meeting, Cécile
identifies what she considers to be two key features of a liability-based
mandate.
Feature 1 It can minimize the risk of deficient cash inflows for a company.
Feature 2 It matches expected liability payments with future projected cash
inflows.
Two years later, Margit learns that Villash Foundation needs $5 million in cash to
meet liabilities. She asks Cécile to analyze two bonds for possible liquidation. Selected
data on the two bonds are presented in Exhibit 2.

<image_2> /n <ocr>image_1 ocr text: Exhibit 1 Selected Data on Fixed-Income Funds Aschel Permot Rosaiso Current average bond price $117.00 $91.50 $94.60 Expected average bond price in one $114.00 $96.00 $97.00 year (end of Year 1) Average modified duration 7.07 7.38 6.99 Average annual coupon payment $3.63 $6.07 $6.36 Present value of portfolio's assets $136.33 $68.50 $74.38 (millions) Bond type* Fixed-coupon bonds 95% 38% 62% Floating-coupon bonds 2% 34% 17% Inflation-linked bonds 3% 28% 21% Quality* AAA 65% 15% 20% BBB 35% 65% 50% B 0% 20% 20% Not rated 0% 0% 10% Value of portfolio's equity (millions) $94.33 Value of borrowed funds (millions) $42.00 Borrowing rate 2.80% Return on invested funds 6.20% *Bond type and quality are shown as a percentage of total for each fund./nimage_2 ocr text: Exhibit2 Selected Data for Bonds 1 and2 Bond 1 Bond2 Current market value $5,000,000 $5,000,000 Capital gain/loss $400,000 $400,000 Coupon rate 2.05% 2.05% Remaining maturity 8years 8 years Investment view Overvalued Undervalued Income tax rate 39% Capital gains tax rate 30%</ocr>","Based on Exhibit 1, which fund provides the highest level of protection against inflation for coupon payments?",['A. Aschel' 'B. Permot' 'C. Rosaiso'],,,,,,,,table,B,"B is correct. Permot has the highest percentage of floating-coupon bonds and inflation-linked bonds. Bonds with floating coupons protect interest income from inflation because the reference rate should adjust for inflation. Inflation-linked bonds protect against inflation by paying a return that is directly linked to an index of consumer prices and adjusting the principal for inflation. Inflation-linked bonds protect both coupon and principal payments against inflation. The level of inflation protection for coupons equals the percentage of the portfolio in floating-coupon bonds plus the percentage of the portfolio in inflation-linked bonds: Aschel = 2% + 3% = 5%. Permot = 34% + 28% = 62%. Rosaiso = 17% + 21% = 38%. Thus, Permot has the highest level of inflation protection, with 62% of its portfolio in floating-coupon and inflation-linked bonds.",hard,multiple-choice,fixed income,english,197,1,0,,,,,,,release_basic_txt,english_197,hard_multiple-choice_fixed income,hard_multiple-choice
270,english_173_4_r3,"Amy Allison is a fund manager at Downing Securities. The third quarter ends today, and she is preparing for her quarterly review with her five largest U.S.-based clients. To complete her analysis, she has obtained the market data in Exhibit 1.

<image_1>

Allison’s assistant has prepared the following summaries of each client’s current situation, including any recent inquiries or requests from the client.
· Client A has a $20 million technology equity portfolio. At the beginning of the previous quarter, Allison forecasted a weak equity market and recommended adjusting the risk of the portfolio by reducing the portfolio’s beta from 1.20 to 1.05. To reduce the beta, Allison sold NASDAQ 100 futures contracts at $124,450 on 25 December. During the quarter, the market decreased by 3.5%, the value of the equity portfolio decreased by 5.1%, and the NASDAQ futures contract price fell from $124,450 to $119,347. Client A has questioned the effectiveness of the futures transaction used to adjust the portfolio beta.
· Client B’s portfolio holds $40 million of U.S. large-cap value stocks with a portfolio beta of 1.06. This client wants to shift $22 million from value to growth stocks with a target beta of 1.21. Allison will implement this shift using S&P/Barra Growth and S&P/Barra Value futures contracts.
· Client C anticipates receiving $75 million in December. This client is optimistic about the near-term performance of the equity and debt markets and does not want to wait until the money is received to invest it. The client wants Allison to establish a position that allocates 60% of the money to a well-diversified equity portfolio with a target beta of 1.00 and 40% of the money to a long-term debt portfolio with a target modified duration of 5.75. Allison plans to use the December U.S. Treasury-bond futures to establish the debt position.
· Client D’s $100 million portfolio contains $60 million in U.S. large-cap stocks, $20 million in U.S. Treasury bills, and $20 million in U.S. Treasury bonds. The client wants to create a synthetic cash position because he believes that in three months, the level of the S&P 500 Index will be 925.00, and Treasury bond yields will have declined.
· Client E’s $60 million portfolio contains $40 million in large-cap growth stocks and $20 million in U.S. Treasury bonds. The beta of the stock portfolio is 1.25 and the duration of the bond portfolio is 5.0. The client believes that macro economic conditions over the next three months are such that the level of the S&P/Barra Growth Index will be 400.00 and the price of the U.S. Treasury bond futures contract will be $110,400.
· Client F has $10 million in cash and is optimistic about the near-term performance of U.S. large-cap stocks and U.S. Treasury bonds. The client anticipates positive performance for approximately three months. Client F asks Allison to implement a strategy that will create profit from this view if it proves to be correct. /n <ocr>image_1 ocr text: Exhibit 1 Market Data As of 30 September Level of NASDAQ 100 Index 1223.14 Level of s&P500 Index 984.03 Level of S&P/Barra Growth Index 496.24 Level of S&P/Barra Value Index 484.28 Price of December S&P 5oo Index futures contract $245,750 Price of December S&P/Barra Growth futures contract $117,475 Price of December S&p/Barra Value futures contract $120,875 Beta of s&P/Barra Growth futures contract 1.15 Betaof s&P/Barra Value futures contract 1.03 Price of December U.S.Treasury-bond futures contract $106,906 Implied modified duration of U.S.Treasury-bond futures contract 6.87 Macaulay duration of U.S.Treasury-bond futures contract 7.05</ocr>","With respect to Client D's market view, Allison will most likely","['A. buy S&P 500 Index Futures and buy U.S. Treasury bond futures'
 'B. sell S&P 500 Index Futures' 'C. sell U.S. Treasury bond futures']",,,,,,,,screenshot,B,"Answer = B . Selling the S&P 500 Index futures will be a profitable trade should the index decline to 925, and it effectively converts a long stock position into cash.",hard,multiple-choice,derivatives,english,173,4,0,,,,,,,release_basic_txt,english_173,hard_multiple-choice_derivatives,hard_multiple-choice
1214,english_424_10_r3,"You have been provided the following data about the securities of three firms, the market portfolio, and the risk-free asset:
 <image_1>
 *With the market portfolio. /n <ocr>image_1 ocr text: Security Expected Return Standard Deviation Correlation* Beta FirmA .10 .31 (i) .85 Firm B .14 (ii) .50 1.40 Firm C .16 .65 .35 (ii) The market portfolio .12 .20 (iv) (1) The risk-free asset .05 (vi) (vii) (vii)</ocr>","Is the stock of Firm B correctly priced according to the capital asset pricing model (CAPM)? If this security is not correctly priced, what is your investment recommendation for someone with a well
 diversified portfolio?",,,,,,,,,table,"Firm B’s stock is overpriced, and you should sell it","Using the CAPM to find the expected return of the stock, we find:
 Firm B:
 E(RB) = Rf + βB[E(RM) – Rf]
 E(RB) = .05 + 1.4(.12 – .05)
 E(RB) = .1480, or 14.80%
 According to the CAPM, the expected return on Firm B’s stock should be 14.80 percent. However, the expected return on Firm B’s stock given in the table is 14 percent. Therefore, Firm B’s stock is overpriced, and you should sell it.",easy,open question,portfolio management,english,424,10,0,,,,,,,release_basic_txt,english_424,easy_open question_portfolio management,easy_open question
1280,english_442_4_r3,"The largest exchange in the world for trading stock options is the Chicago Board Options Exchange (CBOE; www.cboe.com). Table 1.2 gives the bid and ask quotes for some of the call options trading on Apple (ticker symbol: AAPL), on May 21, 2020. Table 1.3 does the same for put options trading on Apple on that date. The quotes are taken from the CBOE website. The Apple stock price at the time of the quotes was bid 316.23, ask 316.50. The bid–ask spread for an option (as a percent of the price) is usually much greater than that for the underlying stock and depends on the volume of trading. The option strike prices in Tables 1.2 and 1.3 are $290, $300, $310, $320, $330, and $340. The maturities are June 2020, September 2020, and December 2020. The precise expiration day is the third Friday of the expiration month. The June options expire on June 19, 2020, the September options on September 18, 2020, and the December options on December 18, 2020.
 The tables illustrate a number of properties of options. The price of a call option decreases as the strike price increases, while the price of a put option increases as the strike price increases. Both types of option tend to become more valuable as their time to maturity increases.
 <image_1>
 <image_2> /n <ocr>image_1 ocr text: Table 1.2Prices of call options on Apple,May 21,2020;stock price:bid$316.23,ask $316.50 (Source:CBOE) Strike price June2020 September 2020 December 2020 ($) Bid Ask Bid Ask Bid Ask 290 29.80 30.85 39.35 40.40 46.20 47.60 300 21.55 22.40 32.50 33.90 40.00 41.15 310 14.35 15.30 26.35 27.25 34.25 35.65 320 8.65 9.00 20.45 21.70 28.65 29.75 330 4.20 5.00 15.85 16.25 23.90 24.75 340 1.90 2.12 11.35 12.00 19.50 20.30/nimage_2 ocr text: Table 1.3Prices of put options on Apple,May 21,2020stock price:bid $316.23 ask$316.50(Source:CBOE). Strike price June 2020 September2020 December 2020 ($) Bid Ask Bid Ask Bid Ask 290 3.00 3.30 12.70 13.65 20.05 21.30 300 4.80 5.20 15.85 16.85 23.60 24.90 310 7.15 7.85 19.75 20.50 28.00 28.95 320 11.25 12.05 24.05 24.80 32.45 33.35 330 17.10 17.85 28.75 29.85 37.45 38.40 340 24.40 25.45 34.45 35.65 42.95 44.05</ocr>","However, if stock price falls and the option is exercised when the stock price is $250, there is a loss. How much is the loss?",,,,,,,,,screenshot,"$4,000, or $2,730","The trader must buy 100 shares at $290 when they are worth only $250. This leads to a loss of $4,000, or $2,730 when the initial amount received for the option contract is taken into account.",hard,open question,derivatives,english,442,4,0,,,,,,,release_basic_txt,english_442,hard_open question_derivatives,hard_open question
737,english_289_2_r3,"Assume that security returns are generated by the single-index model,
<image_1>
where Ri is the excess return for security i and RM is the market’s excess return. The risk-free rate is 2%. Suppose also that there are three securities A, B, and C, characterized by the follow- ing data:
<image_2> /n <ocr>image_1 ocr text: R=a+R+e/nimage_2 ocr text: Security Bi E(R) (e;) A 0.8 10% 25% B 1.0 12% 10% C 1.2 14% 20%</ocr>",Is there an arbitrage opportunity in this market? What is it ?Analyze the opportunity graphically.,,,,,,,,,table,There is no arbitrage opportunity and there is no arbitrage.,"There is no arbitrage opportunity because the well-diversified portfolios all plot on the security market line (SML). Because they are fairly priced, there is no arbitrage.",medium,open question,portfolio management,english,289,2,0,,,,,,,release_basic_txt,english_289,medium_open question_portfolio management,medium_open question
192,english_158_5_r3,"Nadia Ahmed is the head trader for Tweed Asset Management (Tweed) based in London, England. She is reviewing some of the trade requests the desk has received from its personal and institutional portfolio managers and is deciding on what tactics to recommend.
Ahmed starts by reviewing the trade requests from one of Tweed’s personal portfolio managers, Edwin Moore. She passes the requests along to Vladimir Norsk, one of the firm’s traders. The first trade Ahmed asks Norsk to execute is a purchase of 2,000 shares of BDF Ltd., which trades on the SEAQ, London’s dealer market for infrequently traded shares. Norsk reviews the current limit order book for BDF shown in Exhibit 1.

<image_1>


Norsk was able to fill the order for BDF during the day by executing the trades shown in Exhibit 2.

<image_2>

The next request that Ahmed reviews is for the purchase of 300,000 shares of WWT pie from a client who is quite concerned about price execution. She reviews the trading volumes from the previous day (Exhibit 3) and, prepares her recommendation on the trade.

<image_3>

The final order from Moore that Ahmed asks Norsk to execute is a purchase of 1,000 shares of JAK pie with a limit order of £25.00 good for the day.
Norsk was unsuccessful in filling the limit order on the first day and after consultation with the client they agree to revise the price. Two days later Norsk successfully purchases 800 shares of JAK at £26.25 with commission costs of £135.00. Moore decides to cancel the order for the remaining 200 shares when the shares close that day at £26.75.
Moore and Ahmed discuss the implementation shortfall from the investment in JAK, based on the $25.50 closing price in Exhibit 3, and Moore makes the following statement:
I know that market movement is a factor in the implementation shortfall. Because market movement is beyond Norsk’s control, when assessing his performance, we should adjust the calculation to only include the commission costs and the missed trading opportunity for the 200 shares. /n <ocr>image_1 ocr text: Exhibit 1 Limit OrderBook for BDF at 11:15:08 Bid Ask Dealer Price Size Dealer Price Size C 15.42 800 B 15.48 1,800 B 15.38 2,000 A 15.50 1,000 A 15.36 500 C 15.52 600/nimage_2 ocr text: Exhibit2 Execution of BDF Purchase Time of Trade Trade Trade Size Price Ask Price Ask Size Bid Price Bid Size 11:15:09 1,500 15.46 15.48 1,500 15.38 2,000 12:20:30 500 15.50 15.50 1,000 15.36 500/nimage_3 ocr text: Exhibit3 Selected Trading Information London Stock Exchange Previous Day Price History Average Daily Volume Stock (ADV) High Low Close WWT 450,000 12.50 12.43 12.48 JAK 2,000,000 25.80 24.20 25.50</ocr>",Moore’s statement about assessing the trader’s performance is best described as:,"['A. incorrect, as only commission costs should be included.'
 'B. correct.' 'C. incorrect, as delay costs should also be included.']",,,,,,,,screenshot,A,"A is correct. Moore’s statement is incorrect, only explicit costs such as the £135 commission cost should be included in assessing the trader’s performance. The missed trading opportunity cost is also a result of market movement.",hard,multiple-choice,portfolio management,english,158,5,0,,,,,,,release_basic_txt,english_158,hard_multiple-choice_portfolio management,hard_multiple-choice
254,english_170_6_r3,"Karina Mamani is a senior partner at Trujillo Partners, an investment advisory firm headquartered in Lima, Peru. Mamani specializes in domestic (Peruvian) markets. Peru's currency is the nuevo sol (PEN). Its major stock exchange is the Bolsa de Valores de Lima (BVL), and the primary index for that market is the Indice General Bolsa de Valores (IGBVL).
One of Mamani's clients, Angel Huanca, anticipates receipt of PEN10,000,000 from debt investments that are maturing in two months. He will invest these proceeds in an IGBVL index fund. Huanca expects the Peruvian stock market to increase dramatically in the next two months and does not want to miss out on the expected gain. He asks Mamani to recommend a way to obtain exposure to the IGBVL immediately. Mamani recommends a long futures position using a two-month futures contract on the IGBVL that is priced at PEN21,800 and has a contract size of PEN10 times the price. The index has a beta of 0.98, and the futures contract has a beta of 1.05.
Huanca owns a company that produces auto parts, primarily for export to the United States. He tells Mamani he is worried the nuevo sol will strengthen relative to the US dollar and other currencies, making it more difficult for him to compete with firms in the United States and elsewhere. He asks Mamani to help him devise long-term strategies to deal with this risk.
Huanca recently received 3.2 million common stock shares of Urubamba Copper, Ltd. in partial payment for a mining equipment company he sold to Urubamba. The terms of the sale require him to hold this stock for at least 18 months before selling it. Although Huanca believes Urubamba is a well-run company, its share price is closely tied to commodity prices, which he believes might decline. He tells Mamani, ""I know I can use options on Urubamba to manage the risk of my concentrated stock position. Either a covered call strategy or a protective put strategy will reduce the volatility of my position and establish a minimum value for it, but the covered call strategy will also enhance my return if Urubamba's price remains stable, and the protective put strategy will not.""
Another of Mamani's clients, Arequipa Industries (AI), is about to borrow PEN120 million for two years at a floating rate of 180-day Libor (currently 3.25%) plus a fixed spread of 90 basis points with semiannual resets, interest payments based on actual days/360, and repayment of principal at maturity. AI's management is worried that Libor might rise during the term of the loan and asks Mamani to recommend strategies to reduce this risk. Mamani suggests a zero-cost collar on 180-day Libor with a cap of 4.70% and a floor of 2.25%, payment dates matching the loan payments (on 30 June and 31 December, with the first payment on 31 December), and interest based on actual days/360. She develops various examples of the collar's impact, including one using the interest rate scenario in Exhibit 1.


<image_1>


Mamani informs AI's management that, as an alternative, it could enter into an interest rate swap to effectively convert its floating-rate loan to a fixed-rate loan. Mamani states, ""You would take a position in a two-year swap with semiannual payments and a notional principal equal to your loan balance. You would pay a fixed rate equal to current two-year Libor and receive 180-day Libor."" Mamani adds, ""Entering into the swap would reduce your firm's market value risk and cash flow risk."" /n <ocr>image_1 ocr text: Exhibit 1 180-Day Libor Rates Days in Date Libor Period 30-Jun-12 2.60% 182 31-Dec-12 2.25% 183 30-Jun-13 2.00% 183 30-Dec-13 2.50% 182/nimage_2 ocr text: The number of futures contracts is where Tis the target, S is the current position, and fis the futures contract.In this case, the number of contracts is 0.98-0 10.000,000 42.8=43 1.05 1021800</ocr>",Is Mamani's explanation of the impact of the interest rate swap on AI's risk most likely correct?,"['A. No, it is incorrect regarding cash flow risk.' 'B. Yes.'
 'C. No, it is incorrect regarding market value risk.']",,,,,,,,table,C,"Answer = C. Although converting the loan from a floating rate to a fixed rate using the swap reduces AI's cash flow risk (because the firm's loan payments become known), it increases the firm's market value risk because the value of the firm will be negatively affected if market interest rates decrease.",hard,multiple-choice,derivatives,english,170,6,0,,,,,,,release_basic_txt,english_170,hard_multiple-choice_derivatives,hard_multiple-choice
471,english_216_3_r3,"Robert Harding is a portfolio manager at ValleyRise, a hedge fund based in the United
States. Harding monitors the portfolio alongside Andrea Yellow, a junior analyst.
ValleyRise only invests in equities, but Harding is considering other asset classes to
add to the portfolio, namely derivatives, fixed income, and currencies. Harding and
Yellow meet to discuss their trading strategies and price benchmarks.
Harding begins the meeting by asking Yellow about factors that affect the selection
of an appropriate trading strategy. Yellow tells Harding:
Statement 1 Trading with greater urgency results in lower execution risk.
Statement 2 Trading larger size orders with higher trade urgency reduces
market impact.
Statement 3 Securities with high rates of alpha decay require less aggressive
trading to realize alpha.
After further discussion about Yellow’s statements, Harding provides Yellow a list
of trades that he wants to execute. He asks Yellow to recommend a price benchmark.
Harding wants to use a benchmark where the reference price for the benchmark is
computed based on market prices that occur during the trading period, excluding
trade outliers.
Earlier that day before the meeting, Yellow believed that the market had underreacted
during the pre- market trading session to a strong earnings announcement from
ABC Corp., a company that Yellow and Harding have been thoroughly researching for
several months. Their research suggested the stock’s fair value was $90 per share, and
the strong earnings announcement reinforced their belief in their fair value estimate.
Right after the earnings announcement, the pre- market price of ABC was $75.
Concerned that the underreaction would be short- lived, Harding directed Yellow to
buy 30,000 shares of ABC stock. Yellow and Harding discussed a trading strategy,
knowing that ABC shares are very liquid and the order would represent only about
1% of the expected daily volume. They agreed on trading a portion of the order at the
opening auction and then filling the remainder of the order after the opening auction.
The strategy for filling the remaining portion of the order was to execute trades at
prices close to the market price at the time the order was received.
Harding and Yellow then shift their conversation to XYZ Corp. Harding tells
Yellow that, after extensive research, he would like to utilize an algorithm to purchase
some shares that are relatively liquid. When building the portfolio’s position in XYZ,
Harding’s priority is to minimize the trade’s market impact to avoid conveying information
to market participants. Additionally, Harding does not expect adverse price
movements during the trade horizon.
Harding and Yellow conclude their meeting by comparing trade implementation
for equities with the trade implementation for the new fixed- income, exchange- traded
derivatives, and currency investments under consideration. Yellow tells Harding:
Reading 25 ■ Trade Strategy and Execution
297
Statement 4 Small currency trades and small exchange-traded
derivatives
trades are typically implemented using the direct market access
(DMA) approach.
Statement 5 The high-touch
agency approach is typically used to execute
large, non-urgent
trades in fixed-income
and exchange-traded
derivatives markets.
The next day, Harding instructs Yellow to revisit their research on BYYP, Inc.
Yellow’s research leads her to believe that its shares are undervalued. She shares her
research with Harding, and at 10 a.m. he instructs her to buy 120,000 shares when
the price is $40.00 using a limit order of $42.00.
The buy-side
trader releases the order for market execution when the price is
$40.50. The only fee is a commission of $0.02 per share. By the end of the trading
day, 90,000 shares of the order had been purchased, and BYYP closes at $42.50. The
trade was executed at an average price of $41.42. Details about the executed trades
are presented in Exhibit 1.

<image_1>
While the buy-side
trader executes the BYYP trade, Harding and Yellow review
ValleyRise’s trade policy document. After reviewing the document, Yellow recommends
several changes: 1) add a policy for the treatment of trade errors; 2) add a policy that
ensures over-the-
counter
derivatives are traded on venues with rules that ensure
minimum price transparency; and 3) alter the list of eligible brokers to include only
those that provide execution at the lowest possible trading cost. /n <ocr>image_1 ocr text: Exhibit 1 BYYP Trade Execution Details Trades Execution Price Shares Executed Trade 1 $40.75 10,000 Trade 2 $41.25 30,000 Trade 3 $41.50 20,000 Trade 4 $41.75 30,000 Total 90,000</ocr>","Based on Exhibit 1, the opportunity cost for purchasing the 90,000 shares of BYYP is:","['A. $22,500' 'B. $60,000' 'C. $75,000']",,,,,,,,table,C,"C is correct. Opportunity cost is based on the number of shares left unexecuted in the order and reflects the cost of not being able to execute all shares at the decision price. The opportunity cost is calculated as: Opportunity cost = $(S- \sum s_j)(P_n - P_d)$ = (120,000 – 90,000) × ($42.50 – $40.00) = $75,000",hard,multiple-choice,portfolio management,english,216,3,0,,,,,,,release_basic_txt,english_216,hard_multiple-choice_portfolio management,hard_multiple-choice
678,english_261_2_r3,Consider the following limit-order book of a specialist in <image_1>. The last trade in the stock occurred at a price of $50. /n <ocr>image_1 ocr text: Limit Buy Orders Limit SellOrders Price Shares Price Shares $49.75 500 $50.25 100 49.50 800 51.50 100 49.25 500 54.75 300 49.00 200 58.25 100 48.50 600</ocr>,At what price would the next market buy order be filled?,,,,,,,,,table,$51.50,The next market buy order will be filled at the next-best limit-sell order price: $51.50,easy,open question,equity,english,261,2,0,,,,,,,release_basic_txt,english_261,easy_open question_equity,easy_open question
168,english_154_2_r3,"Donna Everitt is a financial advisor at Mountainview Investment Counsel (MIC). Early Tuesday morning, she meets with a new client, Marjorie Sunnydale, to understand her financial history and objectives. Everitt mentions that she will be preparing an investment policy statement (IPS) for her. Marjorie says that one was prepared by her previous advisor, but that its purpose was not explained to her. The first question that Marjorie asks Everitt is what benefits an IPS might provide. Everitt prepares the following notes (Exhibit 1) as the meeting continues.


After compiling the information in Exhibit 1, Everitt concludes that Marjorie has a low risk tolerance.
As they continued their Tuesday meeting, Marjorie asks Everitt to determine whether she will be able to fund her immediate goals if she accepts King’s buyout offer.
Just prior to ending their Tuesday meeting, Marjorie mentions that three months ago she met with Gardiner-Parkway Advisors (GPA), and they prepared an IPS for her. She said that she was not satisfied with their work and this is why she has sought out assistance from MIC. She mentions the following three statements that were included in GPA’s IPS:■
Marjorie has a multi-stage time horizon: the first stage is four years, until herintended retirement, followed by a second stage of 22 years;■
Marjorie intends to proceed with a planned donation to the engineering schoolfrom which she graduated, and there appears to be sufficient liquidity to meetthis goal;■
Currently, the sizable investment in Westmeyer shares provides both tax deferral and tax reduction benefits

<image_1>
<image_2>

The Thursday afternoon phone call
On Thursday afternoon, Everitt phones Marjorie to ask her to return to the office to sign-off on the IPS which she had just prepared. Marjorie indicates that in the intervening few days several important developments have taken place that need to be incorporated into her IPS:■
Further negotiations with King resulted in her immediately accepting an offer of$13,000 per share for all of her shares in SSE.■
King agreed to maintain her $150,000 salary only for the rest of the current yearduring which the planned transition will be completed.■
Marjorie decided to accept a reduced pension of $100,000 per year, starting atage 60.■
The donation to the engineering school will now be increased to $3 million.■
Anna’s education will now be funded immediately with a single contribution of$850,000 invested in the same way as the remainder of her portfolio.■
Marjorie plans on transferring the Westmeyer shares to Anna at age 21, eitherdirectly or through a trust set up in her will. In either case, Anna will beinformed about her great-grandmother’s wishes concerning the shares, with thehope that they will continue to be honored. Should Anna not survive to age 21,the shares will be donated to the engineering school.
Marjorie had indicated that she wished to have her investment portfolio structuredto limit shortfall risk (defined as expected real return minus two standard deviations) to be no lower than a negative 12% in any one year. Before revising Marjorie’s IPS for the new information, Everitt carries out additional research on expected future college costs and general inflation, and now estimates that Marjorie requires a real after-tax return of 5% p.a. to meet her future needs. She provides summary statistics for three asset allocation alternatives (Exhibit 2) that she thinks will satisfy Marjorie’s requirements.

<image_3> /n <ocr>image_1 ocr text: Exhibit1 Notes from the Tuesday Meeting Family Structure Marjorie Sunnydale is a 59-year-old widow.Her husband, William, passed away two years ago.Their one child, Janice, died last year leaving a daughter,Anna for whom Marjorie is the sole support. Anna's father is unknown, and Marjorie is in the process of legally adopting her. Anna is now 3 years old. Family Assets Solar Source Energy, Twenty years ago,Marjorie and William,both engineers, founded Solar Source Energy SSE) after Inc.(SSE developing and patenting a method to produce spray-on solar cells.During the past twenty years they remained its sole owners and have grown it to become a major player in the do-it-yourself green energy movement. The SSE shares were independently appraised shortly before William's death at$10,o00 each, with an estimated growth potential of 4% p.a.The company has never paid dividends. Marjorie inherited William's shares in SSE without immediate tax consequences, and any capital gains arising on these shares will be deferred until she disposes of them.She now owns all of the company's 1,Ooo outstanding shares,with an effective cost base for tax purposes of$0 per share. The buyout offer for On the previous Friday, King Environmental (King) made a buyout offer for the immediate pur- SSE shares chase of 30% of her shares at$11,000 per share with an option on the remainder at$13,000 per share in four years. Marjorie's current salary of$150,000 per year will continue for the next four years. Other stock Marjorie inherited 10,O00 shares of Westmeyer stock (NYSE) from her mother.Her mother was investments a childhood friend of the company founder, and she pledged never to sell these shares.Marjorie plans on continuing to honor her mother's wishes.The shares are currently priced at$65 per share with a cost base of$5 per share for tax purposes. Real estate Marjorie intends on permanently keeping the home, which she and William built, in the family.It is worth$750,000 and carries no mortgage. Cash Marjorie has $200,000 in cash equivalents Immediate and Longer Term Goals Living expenses Marjorie's salary of$150,000 equals her current living expenses and are expected to remain con stant over time. Gifting Prior to William's death, Marjorie and William planned on giving a $2 million donation to the engineering school from which they both had graduated.The gift was never made, but Marjorie wishes to complete the process within the next few months. Educational funding Marjorie has read that the annual cost of education at leading universities 15 years from now is estimated to be more than $150,000 per year.Accordingly,she would like to have $1.3 million available for Anna's education when she is 18.She plans on making four annual payments, starting immediately, into a savings fund that will be invested conservatively to earn 3% per annum to achieve the desired goal. Retirement Marjorie expects to retire in four years,at age 63, at which time she is entitled to a full fixed pension of$130,000 per year for as long as she lives. Alternatively, a reduced pension is available to her next year at the age of 60. Support for Anna As Anna's sole surviving family member, Marjorie wants to adequately provide for her support through at least age 35. Health Marjorie is in good health and expects to live to age 85, given her lifestyle and family history/nimage_2 ocr text: Exhibit 1 (Continued) Tax Status and Inflation Expectations Marjorie faces a 40% tax on all income and dividends, and a 25% tax on any capital gains Everitt anticipates a long-run inflation rate of 1.5%/nimage_3 ocr text: Exhibit2 Proposed Asset Allocation Alternatives 1 2 3 Expected real-after tax return 7.4% 9.5% 6.3% Expected annual standard deviation 12.5% 15.0% 9.0% Sharpe ratio 0.35 0.43 0.37 Correlation with Westmeyer shares 0.23 0.19 0.45</ocr>","Everitt’s conclusion about Marjorie’s risk tolerance, after compiling Exhibit 1, is most likely based on her:",['A. level of wealth.' 'B. source of wealth.' 'C. stage of life.'],,,,,,,,screenshot,C,"C is correct. Situational profiling attempts to categorize individual investor characteristics by stage of life or by economic circumstances. At age 59, Marjorie is primarily in the maintenance phase in the life-stage classification, approaching retirement. This phase focuses on preserving accumulated wealth and risk tolerance normally begins to decline.",hard,multiple-choice,portfolio management,english,154,2,0,,,,,,,release_basic_txt,english_154,hard_multiple-choice_portfolio management,hard_multiple-choice
886,english_336_6_r3,"Plant, Inc., is considering making an offer to purchase Palmer Corp. Plant’s vice president of finance has collected the following information:<image_1> .Plant also knows that securities analysts expect the earnings and dividends of Palmer to grow at a constant rate of 4 percent each year. Plant management believes that the acquisition of Palmer will provide the firm with some economies of scale that will increase this growth rate to 6 percent per year. /n <ocr>image_1 ocr text: Plant Palmer Price-earnings ratio 14.5 10 Shares outstanding 1,500,000 750,000 Earnings $4,200,000 $960,000 Dividends 1,050,000 470,000</ocr>","Should the acquisition be attempted? If so, should it be as in question3 or as in question 5?",,,,,,,,,table,Yes.Question 5.,"Yes, the acquisition should go forward, and Plant should offer shares since the NPV is higher.",hard,open question,corporate finance,english,336,6,0,,,,,,,release_basic_txt,english_336,hard_open question_corporate finance,hard_open question
449,english_211_3_r3,"Ayanna Chen is a portfolio manager at Aycrig Fund, where she supervises assistant
portfolio manager Mordechai Garcia. Aycrig Fund invests money for high-net-
worth
and institutional investors. Chen asks Garcia to analyze certain information relating
to Aycrig Fund’s three sub-managers,
Managers A, B, and C.
Manager A has $250 million in assets under management (AUM), an active risk
of 5%, an information coefficient of 0.15, and a transfer coefficient of 0.40. Manager
A’s portfolio has a 2.5% expected active return this year.
Chen directs Garcia to determine the maximum position size that Manager A can
hold in shares of Pasliant Corporation, which has a market capitalization of $3.0 billion,
an index weight of 0.20%, and an average daily trading volume (ADV) of 1% of
its market capitalization.
Manager A has the following position size policy constraints:
■■ Allocation: No investment in any security may represent more than 3% of total
AUM.
■■ Liquidity: No position size may represent more than 10% of the dollar value of
the security’s ADV.
■■ Index weight: The maximum position weight must be less than or equal to 10
times the security’s weight in the index.
Manager B holds a highly diversified portfolio that has balanced exposures to
rewarded risk factors, high active share, and a relatively low active risk target.
Selected data on Manager C’s portfolio, which contains three assets, is presented
in Exhibit 1.
<image_1>
Chen considers adding a fourth sub-manager
and evaluates three managers’ portfolios,
Portfolios X, Y, and Z. The managers for Portfolios X, Y, and Z all have similar
costs, fees, and alpha skills, and their factor exposures align with both Aycrig’s and
investors’ expectations and constraints. The portfolio factor exposures, risk contributions,
and risk characteristics are presented in Exhibits 2 and 3.
<image_2>
<image_3>
Chen and Garcia next discuss characteristics of long–short and long-only
investing.
Garcia makes the following statements about investing with long–short and
long-only
managers:
Statement 1 A long–short portfolio allows for a gross exposure of 100%.
Statement 2 A long-only
portfolio generally allows for greater investment
capacity than other approaches, particularly when using strategies
that focus on large-cap
stocks.
Chen and Garcia then turn their attention to portfolio management approaches.
Chen prefers an approach that emphasizes security-specific
factors, engages in factor
timing, and typically leads to portfolios that are generally more concentrated than
those built using a systematic approach. /n <ocr>image_1 ocr text: Exhibit 1 Selected Data on Manager C's Portfolio Covariance Portfolio Standard Weight Deviation Asset1 Asset2 Asset3 Asset 1 30% 25.00% 0.06250 0.01050 0.00800 Asset 2 45% 14.00% 0.01050 0.01960 0.00224 Asset 3 25% 8.00% 0.00800 0.00224 0.00640/nimage_2 ocr text: Exhibit 2 Portfolio Factor Exposures and Factor Risk Contribution Factor Exposure Factor Risk Contribution Portfolio Portfolio Portfolio Portfolio Portfolio Portfolio x Y Z x Y Z Market 1.07 0.84 1.08 103% 82% 104% Size 0.13 0.15 0.12 -2% 7% -3% Value 0.04 0.30 0.05 -5% 18% -6% Momentum 0.08 0.02 0.07 7% -3% 7% Quality 0.10 0.35 0.11 -4% -21% -5% Unexplained 1% 17% 3% Total n/a n/a n/a 100% 100% 100%/nimage_3 ocr text: Exhibit3 Portfolio Risk Characteristics Portfolio X Portfolio Y Portfolio Z Annualized volatility 10.50% 13.15% 15.20% Annualized active risk 2.90% 8.40% 4.20% Active share 0.71 0.74 0.63</ocr>",Manager B’s portfolio is most likely consistent with the characteristics of a:,['A. pure indexer' 'B. sector rotator' 'C. multi-factor manager'],,,,,,,,table,C,"C is correct. Most multi-factor products are diversified across factors and securities and typically have high active share but have reasonably low active risk (tracking error), often in the range of 3%. Most multi-factor products have a low concentration among securities in order to achieve a balanced exposure to risk factors and minimize idiosyncratic risks. Manager B holds a highly diversified portfolio that has balanced exposures to rewarded risk factors, a high active share, and a relatively low target active risk—consistent with the characteristics of a multi-factor manager.",hard,multiple-choice,equity,english,211,3,0,,,,,,,release_basic_txt,english_211,hard_multiple-choice_equity,hard_multiple-choice
229,english_166_1_r3,"Katherine Ng, a Global Investment Performance Standards (GIPS) specialist, has been hired as a consultant to assist Rune Managers in becoming a GIPS-compliant firm. Rune is a global asset manager with several divisions around the world that invest in both stock and bond strategies. James Arnott, a performance specialist at Rune, is responsible for the project. In their first meeting, Ng and Arnott discuss the GIPS standards and the steps Rune will need to take to become compliant.
Ng recommends starting with the definition of the firm. She tells Arnott that how the firm is defined will affect the compliance process and that the standards recommend the firm be defined as broadly as possible. Arnott replies that Rune management has been discussing the firm definition, and they want the definition to include all Rune divisions except the European division, Rune Europe. Rune Europe has its own strategies and management team that are distinct from the rest of Rune. Ng replies that the Rune Europe division should be included in the definition of the firm because the division markets itself as part of Rune Managers.
Ng then asks about Rune's policies for the inclusion of portfolios in composites. Arnott responds that Rune has the following policies for all composites:
Policy 1: All new accounts funded with cash or securities on or before the 10th day of the month are added to the composite at the beginning of the following month. Those funded after the 10th day of the month are added at the beginning of the 2nd month after funding, or at the beginning of the calendar month after the proceeds are substantially invested in the appropriate strategy.
Policy 2: All portfolios are deemed ""non-discretionary"" on the date the notice of termination of the management relationship is received and removed from the composite at the end of the month of notification.
The discussion then moves on to a new composite that Rune is constructing. Arnott tells Ng that the marketing department has decided to target domestic Swiss investors and would like to carve out the Swiss portion of international and global accounts for the period of 1 January 2006 through 1 January 2011 and allocate cash to each carved-out segment to create a Swiss franc (CHF) composite. Ng responds that this new composite will comply with the standards, but Rune must disclose the percentage of composite assets that are carve-outs for each annual period end, as well as the policy used to allocate cash to the carved-out segments.
Arnott interjects that the marketing department is looking forward to claiming GIPs compliance in advertisements. He is meeting with the marketing department and asks Ng what they need to be aware of regarding the Standards in advertising. Ng responds that there are several requirements in the GIPS Advertising Guidelines; specifically, the following must be disclosed in the advertisements: the firm description, composite and benchmark descriptions, and the number of accounts in the composite.

Arnott and Ng then move on to discuss one of Rune's GIPS-compliant performance presentations, provided in Exhibit 1.

<image_1>

Rune Managers claims compliance with the Global Investment Performance Standards (GIPS®) and has prepared and presented this report in compliance with the GIPS standards. Rune Managers has not been independently verified.
Notes:
1. Rune Managers is an investment manager registered with the US SEC. Rune Managers has divisions in Europe, Asia, and the United States that invest in various equity and bond strategies.
2. The Rune Mid-Capitalization Equity Composite includes all institutional portfolios that invest in mid-capitalization US equities, with the goal of providing long-term capital growth and steady income from dividends by investing in low price-to-earnings, undervalued securities.
3. A complete list and description of Rune Managers' composites, as well as policies for valuing portfolios and preparing compliant presentations, are available upon request.
4. The composite was created on 30 November 2005.
5. Leverage, derivatives, and short positions are not used by this strategy.
6. Performance is expressed in US dollars. The returns include the reinvestment of all income. Gross-of-fees returns are presented before management and custodial fees but after all trading expenses. Net-of-fees returns are calculated by deducting the actual fees of the accounts from the gross composite return.
7. The management fee schedule is as follows: 0.80% on the first $10 million, 0.55% on the next $40 million, 0.40% on assets greater than $50 million.
8. This presentation is not required to conform to any laws or regulations that conflict with the GIPS standards.
9. Internal dispersion is calculated using the asset-weighted standard deviation of annual gross returns of those portfolios that were included in the composite for the entire year.
10. The three-year annualized standard deviation measures the variability of the composite and the benchmark returns during the preceding 36-month period. The standard deviation is not presented for 2006 through 2010 because monthly composite and benchmark returns were not available, and it is not required for periods prior to 2011. /n <ocr>image_1 ocr text: Exhibit 1 Rune Mid-Capitalization Value Equity Composite Benchmark: Russell Midcap Value Index Composite Composite 3- Composite Benchmark Number Internal Composite Gross Year Std. Year Net Return Return of Dispersion % of Firm Return Dev. Portfolios Assets (%) (%) (%) (%) (%) 2006 11.2 10.69 12.65 15 0.09 7.1 2007 18.92 18.68 20.22 19 0.06 7.2 2008 0.07 0.17 1.42 22 0.46 6.8 2009 33.75 33.95 38.44 23 0.25 5.5 2010 31.44 31 34.21 26 0.95 5.9 2011 22.09 21.73 24.75 22.83 25 0.21 6.9</ocr>","In their discussion of the Rune Europe division, which of the following is most likely correct","[""A. Ng's analysis, because of how the division markets itself""
 ""B. Arnott's analysis, because of how the division is managed""
 ""C. Arnott's analysis, because of how the strategies are run""]",,,,,,,,table,A,"Answer = A. Ng is correct. Because Rune Europe is using the Rune Managers name and marketing materials, the division is not being held out to clients or potential clients as a distinct business entity and so it should be included in the definition of the firm.",medium,multiple-choice,portfolio management,english,166,1,0,,,,,,,release_basic_txt,english_166,medium_multiple-choice_portfolio management,medium_multiple-choice
536,english_230_6_r3,"The Azur fund is a sovereign wealth fund valued at USD792 billion located in the country of
Azurbikan. Azurbikan is a member of OPEC petroleum exporting countries with the main funding
source of the fund being oil exports.
Noir Rashwan, is the managing director ofthe fund and is currently meeting with the
board of directors of the fund, consisting of representatives from various goverment
departments, business leaders, and other stakeholders. Her agenda is to discuss concerns
regarding low oil prices and how that affects the country's wealth in its concentrated position in
oil, a proposed change to the fund's strategic asset allocation to increase the overall return of
the fund in response to the low price of oil, and divestiture of some real estate assets to capture
gains. Rashwan first presents the current and proposed asset allocations shown below.
<image_1>
She explains to the board of directors that since the fund has low liquidity needs the
proposed strategic asset allocation will allow the skilled submanagers to add value through
active management of the non-traditional assets.
In 2008, many of the fund's foreign investments that were purchased at the peak of the real
estate market lost substantial amounts of value. Some of those real estate values have since
rebounded and are currently above the purchase price. Rashwan proposes to sell the fund's USD
100 million stake in a hotel located in the United States in South Beach Miami. Zein Minkara,
president of a major pharmaceutical company, states, ""We should sell now to lock in the gains,
avoiding the substantial and painfullosses that many of our real estate holdings experienced
during the last global recession."" The hotel property value has a pre-tax standard deviation of 13%
and would be subject to a 20% capital gains tax.
Regarding the low price of oil, Jamal Zayat, Sultan of Azurbikan, states, ""Since we're part of
OPEC, a consortium of oil exporting nations, we should agree to restrict the world supply of oil, thus propping up its price as we've been able to do in the past."" Siham Atallah, chairman of the
central bank of Azurbikan, discusses changes in the economic environment of oil production
putting downward pressure on oil prices. These changes include reduced demand in gasoline
through greater fuel-efficient cars, weak economies of Europe and developing countries, and the
development of new technologies allowing countries to extract oil and natural gas from areas
that were once unprofitable.
Atallah ends with a summary of short-term capital market expectations:
• “Overall global GDP is expected to grow at a moderate pace,
• the yield curve is expected to flatten with shor-term rates increasing while long-term rates
remain steady,
• yield spreads are exceedingly high, and
• global real estate values are showing signs of overvaluation in some markets."" /n <ocr>image_1 ocr text: CurrentAsset Proposed asset Allocation Allocation Cash 4% Domestic government bonds 20% 1% Domestic corporate bonds 10% 2% Global bonds 10% 2% Domesticequity 35% %6 Global equities 10% 12% Real estate 15% 10% Infrastructure 10% Hedge funds 17% Private equity 33%</ocr>","Based on the short-term capital market expectations, which of the following tactical asset allocations would least likely be implemented","['A. Increase high yield bonds and reduce real estate'
 'B. Decrease long-term bonds and reduce real estate'
 'C. Increase equities and increase corporate bonds']",,,,,,,,table,B,"Solution: B.
Since long-term rates are not projected to increase, there would be no need to decrease the
allocation to long-term bonds. The increase in short-term rates will make cash instruments like
money market funds more attractive; high yield spreads mean corporate bond prices are
undervalued, allowing for opportunities to invest in investment grade and high yield bonds.",hard,multiple-choice,portfolio management,english,230,6,0,,,,,,,release_basic_txt,english_230,hard_multiple-choice_portfolio management,hard_multiple-choice
435,english_209_1_r3,"Aleksy Nowacki is a new portfolio manager at Heydon Investments. The firm currently
offers a single equity fund, which uses a top-down
investment strategy based on fundamentals.
Vicky Knight, a junior analyst at Heydon, assists with managing the fund.
Nowacki has been hired to start a second fund, the Heydon Quant Fund, which
will use quantitative active equity strategies. Nowacki and Knight meet to discuss
distinct characteristics of the quantitative approach to active management, and Knight
suggests three such characteristics:
Characteristic 1 The focus is on factors across a potentially large group of
stocks.
Characteristic 2 The decision-making
process is systematic and
non-discretionary.
Characteristic 3 The approach places an emphasis on forecasting the future
prospects of underlying companies.
Nowacki states that quantitative investing generally follows a structured and well-defined
process. Knight asks Nowacki:
“What is the starting point for the quantitative investment process?”
The new Heydon Quant Fund will use a factor-based
strategy. Nowacki assembles
a large dataset with monthly standardized scores and monthly returns for the strategy
to back-test
a new investment strategy and calculates the information coefficient.
FS(t) is the factor score for the current month, and FS(t + 1) is the score for the next
month. SR(t) is the strategy’s holding period return for the current month, and SR(t
+ 1) is the strategy’s holding period return for the next month.

As an additional step in back-testing
of the strategy, Nowacki computes historical
price/book ratios (P/Bs) and price/earnings ratios (P/Es) using calendar year-end
(31
December) stock prices and companies’ financial statement data for the same calendar
year. He notes that the financial statement data for a given calendar year are not
typically published until weeks after the end of that year.
Because the Heydon Quant Fund occasionally performs pairs trading using statistical
arbitrage, Nowacki creates three examples of pairs trading candidates, presented
in Exhibit 1. Nowacki asks Knight to recommend a suitable pair trade.
<image_1>
Knight foresees a possible scenario in which the investment universe for the
Heydon Quant Fund is unchanged but a new factor is added to its multifactor model.
Knight asks Nowacki whether this scenario could affect the fund’s investment-style
classifications using either the returns-based
or holdings-based
approaches. /n <ocr>image_1 ocr text: Exhibit1 Possible Pairs Trades Based on Statistical Arbitrage Current Price Ratio Compared with Long. Historical Price Historical Correlation Stock Pair Term Average Ratio Relationship between Returns 1 and 2 Not significantly Mean reverting High different 3and4 Significantly different Mean reverting High 5 and 6 Significantly different Not mean reverting Low</ocr>",Which of the following asset allocation methods would not likely be used by Nowacki and Knight to select investments for the existing equity fund?,"['A. Sector and industry rotation' 'B. Growth at a reasonable price'
 'C. Country and geographic allocation']",,,,,,,,table,B,"B is correct. The firm currently offers a single equity fund, which uses a top-down investment strategy. Country and geographic allocation and sector and industry rotation are both top-down strategies that begin at the top or macro level and are consistent with the fund’s top-down investment strategy. Growth at a reasonable price (GARP), however—a growth-based approach—is a bottom- up asset selection strategy that begins with data at the company level. Therefore, Nowacki and Knight likely would not use the GARP approach to select investments for the existing equity fund, which uses a top-down investment strategy. A is incorrect because sector and industry rotation is a top-down strategy, consistent with the fund’s top-down approach. C is incorrect because country and geography selection is a top-down strategy, consistent with the fund’s top-down approach.",easy,multiple-choice,equity,english,209,1,0,,,,,,,release_basic_txt,english_209,easy_multiple-choice_equity,easy_multiple-choice
205,english_161_3_r3,"The Arbuckel family office was formed 10 years ago following the family’s sale of its minority ownership interest in a National Football League (NFL) franchise. The family office was created to formally manage the family’s investment affairs. The family’s investment portfolio has traditionally consisted of money market funds, corporate bonds, publicly traded US large-cap stocks, and equity small-cap mutual funds. Glen Arbuckel, the patriarch of the family, and his daughter, Jenna Arbuckel-Davis, co-manage the family office. They are considering adding alternative investments to the portfolio. They have hired Bill Clarke of Snyder Capital Management to provide independent investment counseling.
Clarke states that alternative investments typically include real estate, private equity, commodities, hedge funds, managed futures, and distressed securities. Arbuckel’s intention is to select private equity as the family’s first alternative investment because he believes that private equity is similar in nature to the ownership structure of NFL teams.
Clarke also states that alternative investments create some issues for private wealth investors that are distinct from those created by traditional investments. For example, consideration of decision risk will help the investor maintain his intended time horizon throughout the life of the alternative investment. Tax issues are not necessarily more complex because current income and capital appreciation are the primary sources of return for both alternative and traditional investments. Clarke notes that determining the suitability of an alternative investment is equally complex for both private wealth investors and institutional investors.
Arbuckle-Davis mentions an interest in venture capital and asks Clarke to discuss the venture capital timeline. Clarke illustrates the stage characteristics of a company as it evolves from a formative-stage company to an expansion-stage company. Arbuckel-Davis studies the various stage characteristics and decides that the best opportunities are investments that support the initial expansion of a company already producing and selling a product.
To invest in private equity, Clarke states that direct investment in an acquired company typically includes the purchase of common equity and convertible preferred stock. Other sources of capital for an acquired company include bank debt and senior notes. In terms of payment priority, in the event of an acquired company’s liquidation, bank debt and senior notes are normally senior to both convertible preferred stock and common equity, and convertible preferred stock is senior to common equity. When an acquired company is sold at a favorable price, bank debt, senior notes, and convertible preferred stock receive only promised payments whereas common equity earns very large returns.
Arbuckel suggests to his daughter that a private equity fund of funds may be more suitable than direct investment. He explains that the family would benefit from the ability of the fund manager to select worthy investments and maintain active involvement in those investments. Clarke notes that the compensation of a fund manager typically
consists of a flat management fee plus an incentive fee arrangement. He states that the incentive fee arrangement normally includes a profit-sharing component for the general partner, a hurdle rate for the limited partner, and a return of fees by the general partner to the limited partner based on the performance of the fund over the investment timeline . Clark illustrates by providing three examples of an incentive fee arrangement, as shown in Exhibit 1.

<image_1>


Clarke cautions that the strategy for a private equity investment should be formulated before any investment decision is made. The questions to consider with respect to the family’s investment policy statement include:
Question 1: How will the choice of the exit strategy affect the return objective?
Question 2: How will the limited secondary market affect the liquidity constraint?
Question 3: How will the capital call commitment period affect the time horizon constraint? /n <ocr>image_1 ocr text: Exhibit 1 Examples of Incentive Fee Arrangements Example A Example B Example C 20% Carriedinterest 20% 20% Clawback escrow Yes No Yes Preferred return 8% 8% 7%</ocr>","In considering the venture capital timeline, the most suitable financing stage for the Arbuckel family is most likely:",['A. the first stage' 'B. the second stage' 'C. the third stage.'],,,,,,,,table,B,"Answer = B.
Venture Capital that supports the initial expansion of a company already producing and selling a product is considered Second-Stage financing.",hard,multiple-choice,alternative investments,english,161,3,0,,,,,,,release_basic_txt,english_161,hard_multiple-choice_alternative investments,hard_multiple-choice
258,english_171_4_r3,"The Kohler Family Foundation, an entity not subject to taxes, partially supports the financing of annual operating expenses for Kohler College . In addition to these annual costs, the Foundation has just committed itself to partially fund five different campus building renovation projects over the next 15 years, including student housing renovations in three dormitories and the expansion of classroom wings in two academic buildings.
Because of these new financial commitments, the Foundation’s investment committee, chaired by Frederick Schumacher, has decided to engage ECU Investment Management for advice on changing the Foundation’s portfolio asset allocation.
Thomas Roth, a senior investment consultant at ECU, conducts an introductory meeting with Schumacher to examine the Foundation’s asset allocation.
Schumacher explains to Roth:
“Our investment committee has discussed the necessity for changes to our approach to strategic asset allocation. We believe that these three standards should drive the Foundation’s strategic asset allocation and we want your opinion of them:
Standard 1: Our allocation should include long-term exposures to the systematic risks of the various asset classes.
Standard 2: Asset class weights should satisfy our investment objectives and constraints.
Standard 3: Perceived disequilibriums in markets in a given period should affect our asset weightings in the subsequent period.”
Roth states: “Your future building renovation projects indicate that an asset/liability management (ALM) approach to the Foundation’s strategic asset allocation would be appropriate . ALM seeks to adopt the optimal asset allocation in relationship to funding financial obligations.”
Schumacher replies:
“That seems to be an intelligent suggestion. I imagine the following three outcomes would result from adopting that approach:
Outcome 1: We would have a higher allocation to fixed income.
Outcome 2: The global market equilibrium portfolio would be our default asset allocation to which we would make adjustments to meet our future liabilities.
Outcome 3: Portfolio risk control related to our future spending needs would likely not be very precise.”
Roth inquires: “Can you explain how the Foundation has approached asset allocation in the past ? I would also like to understand your asset class specification methods.”

Schumacher explains: “Historically, our portfolio has comprised a diversified collection of domestic large-cap equities. We now believe we should diversify into additional asset classes, such as domestic mid-cap and small-cap equities. I have listed the asset classes we are considering in Exhibit 1 for your review.”


<image_1>


Schumacher observes: “Asset classes 4, 5, and 6 all have low correlations with equities . For diversification purposes, does it really make a difference which one we add?”
Roth comments: “We believe the addition of asset classes to your existing equity portfolio should be done with the goal of achieving a mean–variance improvement when including the new asset class. The Foundation should invest a major portion of the portfolio internationally, diversified across asset classes. As an example, our ECU Global Tactical Allocation Fund invests in non–US dollar (USD) equities, fixed income, and real estate, as well as in real return assets, such as commodities. The primary inputs to our tactical asset allocation decisions are a long-term outlook for the next three to five years and a six-month short-term forecast for each asset class. The weighted foreign currency exposure of our equities and fixed income mirrors the US Dollar Index, and we value our real estate and real return assets in USD. Exhibit 2 shows our fund’s strategic asset allocation weightings plus investment return and currency forecasts.”

<image_2>


Note: Short-term US Dollar Index forecast versus weighted currencies in portfolio: +3%.
Schumacher says: “I have the following three concerns with respect to investing internationally:
Concern 1: In times of market stress, diversification benefits can be drastically reduced.
Concern 2: Capital in some countries does not flow freely across borders, which can result in increased market segmentation.
Concern 3: Traditional mean–variance analysis may not apply.”
Roth replies: “Your concerns pertain to conditional correlation, market integration, and the efficient frontier; however, they are not all necessarily disadvantages.” /n <ocr>image_1 ocr text: Exhibit 1 Asset Class Correlations and 12-Month Sharpe Ratios Agricultural All LargeMidSmall Municipal Sharpe Asset Class Commodities Commodities Cap Cap Cap Bonds Ratio Index Index 1 Large cap 1 2.31 2 Mid cap 0.992 1 2.1 3 Small cap 0.978 0.983 1 2.54 Agricultural 4 Commodities 0.112 0.112 0.094 1 0.998 Index All Commodities 5 0.102 0.0950.085 0.553 1 0.026 Index Taxable 6 0.109 0.119 0.117 0.108 0.146 1 -0.055 municipal Bonds/nimage_2 ocr text: Exhibit 2 ECU Global Tactical Allocation Fund Asset class Asset weightings LT Outlook ST Forecast Developed market equities 55% 9.00% 12% Developed market fixed income 25% 3.00% 0% International real estate 10% 11.00% 12% Real return assets 15% 4.00% 7% Note: Short-term US Dollar Index forecast versus weighted currencies in portfolio: +3%</ocr>","Based on the information contained in Exhibit 1 and mean-variance analysis, Roth is least likely to improve the Foundation’s portfolio by the inclusion of:","['A. taxable municipal bonds.' 'B. the Agricultural Commodities Index.'
 'C. the All Commodities Index']",,,,,,,,table,A,"Answer = A . Roth would obtain the smallest mean–variance improvement by including taxable municipal bonds. For an investor to gain by adding a new asset class, that asset class’s Sharpe ratio must exceed the product of the existing portfolio’s Sharpe ratios and the correlation of the asset class’s return with the current portfolio’s return. All three asset classes have similar low correlations with large-cap equities; however, with a negative Sharpe ratio, municipal bonds could never produce a greater product than the product of the other two positive inputs and the existing portfolio’s Sharpe ratio.",hard,multiple-choice,portfolio management,english,171,4,0,,,,,,,release_basic_txt,english_171,hard_multiple-choice_portfolio management,hard_multiple-choice
601,english_245_1_r3,"William Pugh is a portfolio manager for the pension plan of the FMJ Corporation. Pugh is
evaluating portfolio managers for the pension plan.
PMA Asset Management follows a passive investment strategy that is implemented using
ETF’s rather than conventional mutual funds. PMA proposes to offer a new index portfolio that
reflects the Russell 2000 small-cap value index. PMA indicates that the technique used to
construct the new index portfolio assumes that the factors used to explain stock returns are
uncorrelated.
ASM Partners is an active manager. A common strategy that ASM implements is a pairs trade
where they take equal long and short positions in two common stocks in a single industry. These
positions are constructed so that they have no correlation with equity market returns.
CKI Financial Advisors also follows an active portfolio strategy. CKI has an active risk of 6%,
an information coefficient of 0.2, and a transfer coefficient of 0.5. CKI’s portfolio has a 2.8%
expected active return this year. A portfolio analysis for CKI is provided below in Exhibit 1.
<image_1>
ECO Asset Management follows an ESG investment strategy, its Investment universe includes
all US companies and sectors that have favorable environmental, social, and governance (ESG)
ratings and specifically excludes companies with products or services related to tobacco and
defense.
The manager of ECO is considering advocating for the implementation of ESG standards
through activist investing, and he makes the following comments:
Plenty of activist managers focusing on ESG issues exist, managers of these strategies utilize
the same tactics as more traditional activist investors because they both typically have shorter
time horizons and take stakes in target companies greater than 10% of the target’s outstanding
equity. Some of these tactics include proposing significant changes in corporate governance,
seeking board representation and engaging in proxy contests. /n <ocr>image_1 ocr text: Exhibit 1 Portfolio Anavsis for CKI Portfolio Benchmark Number of Stocks 25 700 Weighted Average Market Cap $25 billion $50 billion Dividend Yield 3.7% 1.8% P/E 12 22 P/B 1.2 2.5 Projected EPS growth 8% 13%</ocr>",The most appropriate technique for constructing PMA’s new portfolio is,['A. optimization' 'B. full-replication' 'C. stratified sampling'],,,,,,,,table,C,"Solution: C.
The Russell 2000 small-cap value index contains a large proportion of illiquid stocks. PMA also
indicates that they assume that the factors used to explain stock returns are uncorrelated. In such
cases the best index construction method is stratified sampling.",easy,multiple-choice,equity,english,245,1,0,,,,,,,release_basic_txt,english_245,easy_multiple-choice_equity,easy_multiple-choice
40,english_34_1_r3,<ocr>image_1 ocr text: Expected Standard Portfolio Return Deviation W %6 21% X 5% (% Y 15% 36% Z 12% 15%</ocr>,Which one of the following portfolios cannot lie on the efficient frontier as described by Markowitz? <image_1>,"['A. Only portfolio A cannot lie on the efficient frontier'
 'B. Only portfolio B cannot lie on the efficient frontier'
 'C. Only portfolio C cannot lie on the efficient frontier'
 'D. Only portfolio D cannot lie on the efficient frontier'
 'E. Cannot be determined from the information given']",,,,,,,,table,D,"When plotting the above portfolios, only D lies below the efficient frontier as described by Markowitz. It has a
higher standard deviation than C with a lower expected return.",easy,multiple-choice,portfolio management,english,34,1,0,,,,,,,release_basic_txt,english_34,easy_multiple-choice_portfolio management,easy_multiple-choice
518,english_227_5_r3,"Olli Nava is a junior economist for Globofunds Asset Management, a large investment
management company. She has been asked to produce capital market expectations for asset
classes in several different markets relevant to the Diversified Absolute Return Strategies Fund
(DARS), the company’s largest fund.
Nava is aware that long-term GDP trend forecasting is considered the starting point to form
capital market expectations at Globofunds, but she is unsure why this is the case. She asks a
colleague, Jedd Wiggins to explain why long-term trend GDP growth is considered so important
when forecasting asset class returns. Wiggins makes the following two statements.
• Statement 1: There is both theoretical and empirical support for the case that the average
level of real government bond yields is causally linked to the trend rate of growth in the
economy.
• Statement 2: Over the long run, the total return of an equity market is causally linked to the
growth rate of GDP.
To make a forecast of trend GDP growth in the domestic economy, Nava collates the
following Globofunds data displayed in Figure 1. 
<image_1>
Nava has the view that increased levels of globalization will lead to the current account
playing a larger role in growth rate of economies. She considers the macroeconomic linkages
between the three main economies which the fund is exposed to. Macroeconomic data relating
to these economies is displayed in Figure 2.
<image_2>
Nava also considers the movement in foreign exchange to be a key determinant of the
medium-term performance of DARS. She considers the macroeconomic policy of the three main
developing markets which the fund is exposed to and collates the data as shown in Figure 3.
<image_3>
Nava attempts to forecast the likely foreign exchange rate movements that will affect the
fund. She notes that the largest foreign currency exposure is in Country X. The current spot rate
of the domestic currency of the fund (DOM) versus the foreign currency of Country X (FOR) is
DOM/FOR = 1.3020. Data related to the expected returns in the domestic and foreign markets is
displayed below in Figure 4.
<image_4>
Nava also considers purchasing power parity as a tool for long-term foreign exchange rate
forecasting. She notes that expected inflation in the domestic country is higher than the expected
inflation in Country X. /n <ocr>image_1 ocr text: Figure 1:Information on Domestic Economy Annual labor input growth 0.8% Annual labor productivity growth 1.2% Annual inflation 2.5% Dividend yield 3.0% Long-term change in profits as a share of GDP 0% Long-term change in PE multiples 0%/nimage_2 ocr text: Figure 2: Macroeconomic Data Relating to Three Economies Economy Savings Investment Taxation Government Spending 1 Increasing Decreasing Increasing Decreasing 2 Decreasing Increasing Decreasing Increasing 3 Increasing Increasing Increasing Increasing/nimage_3 ocr text: Figure 3: Macroeconomic Data Relating to Three Developing Markets Developing Market Capital Flows Exchange Rate A Restricted Fixed B Unrestricted Fixed C Unrestricted Floating/nimage_4 ocr text: Figure 4:Expected Returns in Domestic Markets and Foreign Country X Return Domestic Country X Short-term interest rates 0.75% 1.25% Term premium 0.00% 0.50% Credit premium 1.10% 0.60% Equity premium 3.00% 4.00% Liquidity premium 0.00% 0.00%</ocr>","Based on purchasing power parity, Nava should forecast that, relative to the current spot rate, the DOM/FOR exchange rate is forecast to",['A. fall' 'B. rise' 'C. remain unchanged'],,,,,,,,table,B,"Solution: B.
Purchasing power parity states that high inflation currencies are expected to weaken. If the
domestic country inflation is expected to be higher than inflation in Country X, then the domestic currency is expected to weaken. This means the DOM/FOR quote will rise as there will be more DOM units per FOR units.",hard,multiple-choice,economics,english,227,5,0,,,,,,,release_basic_txt,english_227,hard_multiple-choice_economics,hard_multiple-choice
278,english_175_1_r3,"Virginia Norfolk, is head of the client strategy committee at Chesapeake Partners, LLC, an investment consulting firm. Chesapeake advises a diverse client base on a variety of investment matters including asset allocation and manager selection. Each month the committee meets to discuss client inquiries and assignments the consultants are working on. Norfolk convenes the committee to discuss pressing issues for several clients.
Norfolk asks William Burg, a field consultant, to present on a new client, a small college that Chesapeake advises with regard to the pension fund and the endowment. Burg needs to recommend to the client an appropriate benchmark for each fund. Burg tells the committee, ""I recommend that the pension fund benchmark be changed from the pension's liabilities as the benchmark to a bond market index. The pension is closed to new participants and thus the amount and timing of future cash flows are known. The endowment is invested across many asset classes and generate an adequate return to meet its obligations, which consists of a 5% annual contribution to the college's operating fund. The endowment's benchmark for fixed-income managers should continue to be a bond market index, such as Barclays Aggregate Bond Index.""
Alex Manassas, a committee member asks Burg, ""What factors do you consider in selecting a benchmark bond index?"" Burg responds, ""I look at three key factors when selecting a benchmark. Market value risk should be similar for the portfolio and the benchmark. The longer the duration, the greater the total return potential because rates are low now and the yield curve is so steep. Income risk is important for comparable assured income streams, which can be more stable and dependable in a portfolio with long maturities. The average credit risk in the benchmark should be measured against the investor's overall portfolio and satisfy credit quality constraints in the policy statement.""
Boris Markov is the firm's actuary and expert on asset liability management. His client is a life insurance company that sells guaranteed investment contracts (GICs). The company hired Chesapeake because it has not met the target yield of 4% on the GICs it sold. Markov proposes a new approach to satisfy the obligation: ""First, the new single-period immunization strategy should require as a minimum condition that the duration of the bond portfolio equal the investment horizon. In addition, if the bond portfolio has a yield to maturity equal to the target yield and a maturity equal to the investment horizon, then the target value will be achieved"".
Markov then discusses another client that will require a rebalancing of its portfolio after a shift in interest rates over the last year to maintain the initial dollar duration. He uses the data in the table below to explain to the committee his rebalancing methodology.

<image_1>

Juan Ramirez, Chesapeake's chief investment officer, brings forward to the committee two investment issues that he would like to discuss. Ramirez tells the committee, ""Some of our client's portfolios are for the purpose of funding liabilities, and I am concerned that these liabilities will not be met, given certain risks. In particular, I have noticed that client portfolios have a substantial position in mortgaged-backed securities. We should reallocate these securities to invest in corporate bonds so the portfolio's convexity matches that of the liabilities.""
Ramirez then presents the committee with the second investment issue. He is focused on a presentation that Alpha Managers, an investment firm that hopes to make it onto Chesapeake's ""buy list,"" made recently. He tells the committee, ""I am perplexed by the bottom-up capability that Alpha claims to have in adding value to portfolios. They claim to have a bias to yield maximization across securities without regard to rating differentials."" /n <ocr>image_1 ocr text: Exhibit 1 Data for Initial Portfolio and after Interest Rate Shift Initial Portfolio Portfolio after Rate Shift over One Year Price Market Value Duration Price Market Value Duration Bond #1 $104.35 $10,435,000 5.5 $99.75 $9,975,000 4.7 Bond #2 89.55 8,955,000 2.2 95.00 9,500,000 1.3 Bond #3 107.15 10,715,000 5.4 102.40 10,240,000 4.6</ocr>",Burg's statement regarding the factors he uses in selecting a benchmark bond index is most likely:,"['A. incorrect regarding credit risk and incorrect regarding market risk.'
 'B. correct regarding market risk and incorrect regarding income risk.'
 'C. incorrect regarding market risk and correct regarding income risk.']",,,,,,,,table,C,"Answer = C. Burg is incorrect regarding market risk. Although market risk should be comparable for the portfolio and benchmark index, given a normal upward-sloping yield curve, a bond portfolio's yield to maturity increases as the maturity of the portfolio increases. Because a long duration portfolio is more sensitive to changes in interest rates, a long portfolio will likely fall more in price than a short one. Burg's statement on credit risk is correct.",hard,multiple-choice,fixed income,english,175,1,0,,,,,,,release_basic_txt,english_175,hard_multiple-choice_fixed income,hard_multiple-choice
310,english_181_3_r3,"Andres Rioja is the treasurer of Empresas Crianza. His duties have recently been expanded to include oversight of the firm’s pension fund. Given his limited experience in overseeing investments, he is relying on an outside consultant. Rioja prepares a number of questions for his first meeting with the consultant, Manolo Priorat of Consulta Jerez. Priorat starts the meeting by summarizing for Rioja the status of the defined benefit pension plan and makes the following statement: The pension liability has a duration of 14 years and a present value of $4 billion. The liabilities are discounted using the spot rate on high-quality long-term corporate bonds. Presently, the asset portfolio covers 87.5% of these liabilities and is invested entirely in fixed-income assets. The plan assets have fallen short of the pension liabilities over the past five years because their durations are not properly matched. I am concerned that Crianza has selected the wrong benchmark for the pension plan. The current benchmark is a weighted average of the benchmarks for the various strategies used in the investment of pension assets. I believe the appropriate benchmark should be the liability itself. Priorat and Rioja review the fixed-income funds in which the pension assets are currently invested. Portfolio managers have been given the mandate to meet or exceed their respective benchmarks based on their investment styles. Details of the various portfolios are provided in Exhibit 1.


<image_1>


Rioja updates Priorat on Crianza’s current plans for the pension plan. Rioja states: “Crianza will make a $500 million contribution to fully fund the plan and invest the funds in Treasury STRIPs. In addition, we would like to completely reallocate pension investments away from the fund that presents the greatest contingent claim risk and into the long corporate bond fund.”

Rioja then asks Priorat, “I would like to understand the risk profile of each index benchmark we have assigned to the portfolio managers. What measures are available to do this?” Priorat responds,
There are several key measures that come to mind. Effective duration measures the sensitivity of the index’s price to a relatively small parallel shift in interest rates. For large non-parallel changes in interest rates, a convexity adjustment is used to improve the accuracy of the index’s estimated price change. Key rate duration measures the effect of shifts in key points along the yield curve. Key rate durations are particularly useful for determining the relative attractiveness of various portfolio strategies, such as bullet strategies versus barbell strategies. Spread duration describes how a non-Treasury security’s price will change as a result of the widening or narrowing of the spread contribution.
Rioja then asks about the rationale for active managers to do secondary market trades. Priorat responds,
Secondary market trades should be evaluated in a total return framework. The exception is the yield or spread pickup trade, which should be evaluated in the context of additional yield. Credit-upside trades provide an opportunity for managers to capitalize on unexpected upgrades. Curve-adjustment trades are yet another example of investors expressing their interest rate views in the credit markets in anticipation of interest rate changes. Finally, Priorat offers further explanation of how active managers can add value. He notes,
Structural analysis of corporate bonds is an important part of active management. Credit bullets in conjunction with long-end Treasury structures are used in a barbell strategy. Callable bonds provide a spread premium that can be valuable to an investor during periods of high interest rate volatility. Put structures will provide investors with some protection in the event that interest rates rise sharply but not if the issuer has an unexpected credit event.” /n <ocr>image_1 ocr text: Exhibit 1:Portfolio Information Duration Asset Value Portfolio Benchmark Investment Style (years) ($ thousands) 3-Month US T- Money market 0.25 175,000 Active management Bill Mortgage-backed Barclays 3 700,000 Enhanced indexing securities fund Mortgage Emerging market bond. JP Morgan 4.6 675,000 Active management fund EMBI Long corporate bond. Barclays Long 14 1,575,000 Active management fund Corporate Barclays Treasury bond STRIPs 24 375,000 Pure bond indexing 20+Year STRIP</ocr>","If Rioja rebalances the portfolio as he proposes in his statement to Priorat, the dollar duration of the assets relative to the dollar duration of the liabilities is most likely to:",['A. fall well short.' 'B. be far exceeded.' 'C. be nearly matched.'],,,,,,,,screenshot,C,"Answer = C. The portfolio has to be rebalanced to match the dollar duration of the liabilities. The liabilities have dollar duration of $4,000,000 (thousands) × 14 = $56,000,000 (thousands). The mortgage-backed securities fund is the asset class that poses contingent claim risk, so it is being liquidated, and the $700,000 thousand is being invested in the long corporate bond fund. The new $500,000 thousand contribution is invested in Treasury STRIPs. The reallocated assets have dollar durations nearly identical to the liabilities as calculated in the following table:<ans_image_1>",easy,multiple-choice,fixed income,english,181,3,0,,,,,,,release_basic_txt,english_181,easy_multiple-choice_fixed income,easy_multiple-choice
1045,english_370_1_r3,"We have a three-period binomial model shown below <image_1>.  At time zero, we have
a stock whose price per share we denote by $S_0$, a positive quantity known at time zero. At time one, the price per share of this stock will be one of two
positive values, which we denote $S_1(H)$ and $S_1(T)$, the $H$ and $T$ standing for head and tail, respectively. At following time points of each possible state, we continue the process until time three. /n <ocr>image_1 ocr text: S3HHH=32 S2HH=16 S3HHT=S3HTH SH=8 =S3THH=8 So=4 S2HT=S2TH=4 S3HTT=S3THT ST=2 =S3TTH=2 STT=1 S(TTT) =.50 Fig. 3.3.1. A three-period model./nimage_2 ocr text: M3HHH)=32 M2(HH)=16 M3HHT)=16 M(H)= 8 M3(HTH) = 8 M2(HT) = 8 M3(HTT) = 8 Mo = 4 M3(THH)= 8 M2(TH) = 4 M3(THT) = 4 M1(T) = 4 M3(TTH)= 4 M2(TT) = 4 M3(TTT) = 4</ocr>","Assume risk-neural probability for the up and down move $\tilde{p}=0.5,\tilde{q}=0.5$, compute the conditional expectation of $S_2$ based on the information at time $1$ under the risk neural measure $\mathcal{\tilde{E}}[S_2](H), \mathcal{\tilde{E}}[S_2](T)$",,,,,,,,,chart,"$\mathbb{\tilde{E}}_1[S_2](H)=10, \mathbb{\tilde{E}}_1[S_2](T)=2.5$","$\mathbb{\tilde{E}}_1[S_2](H)=0.5*(16+4)=10$,$\mathbb{\tilde{E}}_1[S_2](T)=0.5*(4+1)=0.25$.",hard,open question,derivatives,english,370,1,0,,,,,,,release_basic_txt,english_370,hard_open question_derivatives,hard_open question
496,english_222_2_r3,"Rob Smith, as portfolio manager at Pell Tech University Foundation, is responsible
for the university’s $3.5 billion endowment. The endowment supports the majority of
funding for the university’s operating budget and financial aid programs. It is invested
in fixed income, public equities, private equities, and real assets.
The Pell Tech Board is conducting its quarterly strategic asset allocation review.
The board members note that while performance has been satisfactory, they have
two concerns:
1 Endowment returns have underperformed in comparison to university endowments
of similar size.
2 Return expectations have shifted lower for fixed-income
and public equity
investments.

Smith attributes this underperformance to a lower risk profile relative to its peers
due to a lower allocation to illiquid private equity investments. In response to the
board’s concerns, Smith proposes an increase in the allocation to the private equity
asset class. His proposal uses option price theory for valuation purposes and is supported
by Monte Carlo simulations.
Exhibit 1 presents selected data on the current university endowment.

<image_1> /n <ocr>image_1 ocr text: Exhibit 1 Selected Data for Pell Tech University Endowment Current Proposed Portfolio Characteristic Allocation Allocation Expected return next 10 years) 7.8% 8.3% Standard deviation of returns (annual) 13.2% 13.9% Sharpe ratio 0.44 0.45 Probability of 30% erosion in purchasing power over 10 25% 20% years</ocr>",Discuss the relevance of the endowment’s spending policy to Brodka’s expressed concerns.,,,,,,,,,table,"In voicing his concerns, Brodka is cautioning that a higher allocation to illiquid investments may have adverse effects on the endowment’s spending rate and risk profile. Kemney University’s spending policy is an example of a geometric smoothing rule, sometimes called the Yale formula. It is intended to bring about a predictable pattern of distributions for better planning of resource deployment through its programs across varying conditions, even as extreme as the 2008 global financial crisis. While this spending policy would be consistent with an investment objective of achieving long-term returns that support the spending rate while preserving the value of the endowment in real terms over time, the policy design also incorporates a smoothing, countercyclical element. This leads to lower spending rates in a period of sustained strong investment returns but higher spending rates in a protracted weak return environment.",,hard,open question,alternative investments,english,222,2,0,,,,,,,release_basic_txt,english_222,hard_open question_alternative investments,hard_open question
1343,english_466_7_r3,"Suppose that the price of gold at close of trading yesterday was $600 and its volatility was estimated as 1.3% per day. 
 The price at the close of trading today is $596. 
 Recall the formulation of EWMA and GARCH model in the screenshot images. <image_1><image_2> /n <ocr>image_1 ocr text: 23.2THE EXPONENTIALLYWEIGHTEDMOVING AVERAGE MODEL The exponentially weighted moving average (EWMA)model is a particular case of the model in equation (23.4 where the weights adecrease exponentially as we move back through time.Specifically,a+1=Aawhere A is a constant between O and 1. It turns out that this weighting scheme leads to a particularly simple formula for updating volatility estimates.The formula is =Aon-1+1-A)un-1 (23.7) The estimate,nof the volatility of a variable for day n made at the end of day n =1) is calculated from on-1the estimate that was made at the end of day n-2 of the volatility for day n - 1) and un-1the most recent daily percentage change in the variable). To understand why equation (23.7) corresponds to weights that decrease exponen tially,we substitute for n-1 to get =A[n-2+1-Aun-2]+1-Aun-1 or n=1-Aun-1+Aun-2+Xon-2 Substituting in a similar way for on-2 gives =1-A)un-1+Aun-2+Xun-3+0n-3/nimage_2 ocr text: Continuing in this way gives m -A-1u is the same as equation23.4 with =1--1.The weights for the udecline at rate A as we move back through time.Each weight is A times the previous weight./nimage_3 ocr text: 23.3 THEGARCH(1,1)MODEL We now move on to discuss what is known as the GARCH1,1) model,proposed by Bollerslev in 1986.7The difference between the GARCH1,1) model and the EWMA model is analogous to the difference between equation 23.4) and equation 23.5).In GARCH1,1), is calculated from a long-run average variance rate, VL, as well as from n-1 and un-1.The equation for GARCH(1,1) is =yV+aun-1+on-1 (23.8) where yis the weight assigned to V1,is the weight assigned to un-1,and Bis the weight assigned to n-1.Since the weights must sum to unity,it follows that y+a+=1 The EWMA model is a particular case of GARCH1,1where y=0,a=1-, and=. The""1,1 in GARCH1,1) indicates that  is based on the most recent observa- tion of u2 and the most recent estimate of the variance rate.The more general GARCHpq model calculates  from the most recent p observations on u and the most recent q estimates of the variance rate. GARCH1,1) is by far the most popular of the GARCH models. Setting  =yVLthe GARCH1,1model can also be written =w+aun-1+Bon-1 (23.9) This is the form of the model that is usually used for the purposes of estimating the parameters.Once a,and have been estimated,we can calculate y as 1.The long-term variance Vcan then be calculated as /y.For a stable GARCH1,1)process we require  +   1.Otherwise the weight applied to the long-term variance is negative.</ocr>","In practice, is the v parameter likely to be the same for gold and silver?",,,,,,,,,screenshot,No.,"For a given $\alpha$ and $\beta$ , the $\omega$ parameter defines the long run average value of a variance or a
 covariance. There is no reason why we should expect the long run average daily variance for gold and silver should be the same. There is also no reason why we should expect the long run average covariance between gold and silver to be the same as the long run average variance of gold or the long run average variance of silver. In practice, therefore, we are likely to want to allow $\omega$ in a GARCH(1,1) model to vary from market variable to market variable. (Some instructors may want to use this problem as a lead in to multivariate GARCH models.)",hard,open question,portfolio management,english,466,7,0,,,,,,,release_basic_txt,english_466,hard_open question_portfolio management,hard_open question
1124,english_397_1_r3,"Consider the following cash flows of two mutually exclusive projects for AZ-Motorcars. Assume the discount rate for both projects is 10 percent.
 <image_1> /n <ocr>image_1 ocr text: Year AZM Mini-SUV AZF Ful-SUV 0 $495,000 $960,000 352,000 385,000 2 198,000 464,000 3 165,000 319.000</ocr>","Based on the payback period, which project should be accepted?",,,,,,,,,table,AZM,"The payback period is the time that it takes for the cumulative undiscounted cash inflows to equal the initial investment. 
 AZM Mini-SUV:
 Cumulative cash flows Year 1 = $352,000 = $352,000
 Cumulative cash flows Year 2 = $352,000 + 198,000 = $550,000
 Payback period = 1 + $143,000 / $198,000 = 1.72 years
 AZF Full-SUV:
 Cumulative cash flows Year 1 = $385,000 = $385,000
 Cumulative cash flows Year 2 = $385,000 + 464,000 = $849,000
 Cumulative cash flows Year 2 = $385,000 + 464,000 + 319,000 = $1,168,000 
 Payback period = 2 + $111,000 / $319,000 = 2.35 years
 Since the AZM has a shorter payback period than the AZF, the company should choose the AZM. Remember the payback period does not necessarily rank projects correctly.",medium,open question,alternative investments,english,397,1,0,,,,,,,release_basic_txt,english_397,medium_open question_alternative investments,medium_open question
1211,english_424_7_r3,"You have been provided the following data about the securities of three firms, the market portfolio, and the risk-free asset:
 <image_1>
 *With the market portfolio. /n <ocr>image_1 ocr text: Security Expected Return Standard Deviation Correlation* Beta FirmA .10 .31 (i) .85 Firm B .14 (ii) .50 1.40 Firm C .16 .65 .35 (ii) The market portfolio .12 .20 (iv) (1) The risk-free asset .05 (vi) (vii) (vii)</ocr>",Fill in the missing values in (vii).,,,,,,,,,table,0,The risk-free asset has zero correlation with the market portfolio.,easy,open question,portfolio management,english,424,7,0,,,,,,,release_basic_txt,english_424,easy_open question_portfolio management,easy_open question
1265,english_436_1_r3,"A technical analysis tool that is sometimes used to predict market movements is an investor sentiment index. AAII, the American Association of Individual Investors, publishes an investor sentiment index based on a survey of its members. In the following table you will find the percentage of investors who were bullish, bearish, or neutral during a four-week period:<image_1> /n <ocr>image_1 ocr text: Week Bullish Bearish Neutral 37% 25% 38% 2 52 14 34 3 29 35 36 4 43 26 31</ocr>",What is the investor sentiment index intended to capture?,,,,,,,,,table,The mood of the investing public.,"Investor sentiment captures the mood of the investing public. If investors are bearish in general, it may be that the market is headed down in the future since investors are less likely to invest. If the sentiment is bullish, it would be taken as a positive signal to the market.",medium,open question,portfolio management,english,436,1,0,,,,,,,release_basic_txt,english_436,medium_open question_portfolio management,medium_open question
454,english_212_3_r3,"Kevin Kroll is the chair of the investment committee responsible for the governance
of the Shire Manufacturing Corporation (SMC) defined benefit pension plan. The
pension fund is currently fully funded and has followed an asset mix of 60% public
equities and 40% bonds since Kroll has been chair. Kroll meets with Mary Park, an
actuarial and pension consultant, to discuss issues raised at the last committee meeting.
Kroll notes that the investment committee would like to explore the benefits of
adding alternative investments to the pension plan’s strategic asset allocation. Kroll
states:
Statement 1 The committee would like to know which alternative asset would
best mitigate the risks to the portfolio due to unexpected inflation
and also have a relatively low correlation with public equities
to provide diversification benefits.
The SMC pension plan has been able to fund the annual pension payments without
any corporate contributions for a number of years. The committee is interested in
potential changes to the asset mix that could increase the probability of achieving
the long-term
investment target return of 5.5% while maintaining the funded status
of the plan. Park notes that fixed-income
yields are expected to remain low for the
foreseeable future. Kroll asks:
Statement 2 If the public equity allocation remains at 60%, is there a single
asset class that could be used for the balance of the portfolio
to achieve the greatest probability of maintaining the pension
funding status over a long time horizon? Under this hypothetical
scenario, the balance of the portfolio can be allocated to either
bonds, hedge funds, or private equities.
Park confirms with Kroll that the committee has historically used a traditional
approach to define the opportunity set based on distinct macroeconomic regimes,
and she proposes that a risk-based
approach might be a better method. Although
the traditional approach is relatively powerful for its ability to handle liquidity and
manager selection issues compared to a risk-based
approach, they both acknowledge
that a number of limitations are associated with the existing approach.
Park presents a report (Exhibit 1) that proposes a new strategic asset allocation
for the pension plan. Kroll states that one of the concerns that the investment committee
will have regarding the new allocation is that the pension fund needs to be
able to fund an upcoming early retirement incentive program (ERIP) that SMC will
be offering to its employees within the next two years. Employees who have reached
the age of 55 and whose age added to the number of years of company service sum to
75 or more can retire 10 years early and receive the defined benefit pension normally
payable at age 65.

<image_1>

Kroll and Park then discuss suitability considerations related to the allocation in
Exhibit 1. Kroll understands that one of the drawbacks of including the proposed
alternative asset classes is that daily reporting will no longer be available. Investment
reports for alternatives will likely be received after monthly or quarter-end
deadlines
used for the plan’s traditional investments. Park emphasizes that in a typical private
equity structure, the pension fund makes a commitment of capital to a blind pool as
part of the private investment partnership.
In order to explain the new strategic asset allocation to the investment committee,
Kroll asks Park why a risk factor-based
approach should be used rather than a mean–
variance-optimization
technique. Park makes the following statements:
Statement 3 Risk factor-based
approaches to asset allocation produce more
robust asset allocation proposals.
Statement 4 A mean–variance optimization typically overallocates to the private
alternative asset classes due to stale pricing.
Park notes that the current macroeconomic environment could lead to a bear
market within a few years. Kroll asks Park to discuss the potential impact on liquidity
planning associated with the actions of the fund’s general partners in the forecasted
environment.
Kroll concludes the meeting by reviewing the information in Exhibit 2 pertaining
to three potential private equity funds analyzed by Park. Park discloses the following
due diligence findings from a recent manager search: Fund A retains administrators,
custodians, and auditors with impeccable reputations; Fund B has achieved its performance
in a manner that appears to conflict with its reported investment philosophy;
and Fund C has recently experienced the loss of three key persons.
<image_2> /n <ocr>image_1 ocr text: Exhibit 1 Proposed Asset Allocation ofSMc Defined Benefit Pension Plan Broad Asset Public Fixed Private Hedge Public Real Class Equities Income Equities Funds Estate Total Target 45% 25% 10% 10% 10% 100% Range 35%-55% 15%-35% 0%-12% 0%-12% 0%-12%/nimage_2 ocr text: Exhibit 2 PotentialPrivate Equity Funds,InternalRate of Return (IRR) Private Equity Fund Fund A Fund B Fund C 5-year IRR 12.9% 13.2% 13.1%</ocr>",The suitability concern discussed by Kroll and Park most likely deals with:,['A. governance' 'B. transparency' 'C. investment horizon'],,,,,,,,table,B,"B is correct. The pension plan’s investment in private equities via a blind pool presents the prospect that less than perfect transparency will be associated with the underlying holdings of the alternative asset manager. Capital is committed for an investment in a portfolio of assets that are not specified in advance. In addition, reporting for alternative funds is often less transparent than investors are accustomed to seeing on their stock and bond portfolios.",easy,multiple-choice,alternative investments,english,212,3,0,,,,,,,release_basic_txt,english_212,easy_multiple-choice_alternative investments,easy_multiple-choice
893,english_337_1_r3,"The Chocolate Ice Cream Company and the Vanilla Ice Cream Company have agreed to merge and form Fudge Swirl Consolidated. Both companies are exactly alike except that they are located in different towns. The end-of-period value of each firm is determined by the weather, as shown below. There will be no synergy to the merger.<image_1> The weather conditions in each town are independent of those in the other. Furthermore, each company has an outstanding debt claim of $450,000. Assume that no premiums are paid in the merger. /n <ocr>image_1 ocr text: State Probability Value Rainy $230,000 Warm .4 450,000 Hot .5 905,000</ocr>",What is the possible value of Rain-Rain of the combined company?,,,,,,,,,table,"$460,000","To find the distribution of joint values, we first must find the joint probabilities. To do this, we need to find the joint probabilities for each possible combination of weather in the two towns. The weather conditions are independent; therefore, the joint probabilities are the products of the individual probabilities.<ans_image_1>. Next, note that the revenue when rainy is the same regardless of which town. So, since the state ""Rain-Warm"" has the same outcome (revenue) as ""Warm-Rain"", their probabilities can be added. The same is true of ""Rain-Hot"" / ""Hot-Rain"" and ""Warm-Hot"" / ""Hot-Warm"". Thus the joint probabilities are:<ans_image_2> Finally, the joint values are the sums of the values of the two companies for the particular state.<ans_image_3>",medium,open question,corporate finance,english,337,1,0,,,,,,,release_basic_txt,english_337,medium_open question_corporate finance,medium_open question
298,english_179_2_r3,"Arcadia, LLP, is one of several independently operated investment management subsidiaries of Swiss Corp, a global bank. Arcadia is headquartered in Philadelphia, Pennsylvania, and specializes in the management of equity, fixed income and real estate portfolios. Arcadia’s CEO recently hired Joan Westley as chief compliance officer to achieve compliance with the Global Investment Performance Standards (GIPS). Arcadia just opened a division in Phoenix, Arizona, incorporated as Arcadia West, LLP, to accommodate one of its portfolio managers and his staff who manage a hedge fund. The staff in Phoenix works exclusively on the hedge fund’s strategy, using an investment process distinct from the one used in the Philadelphia office.
Westley makes the following statement at a meeting with the CEO: “I am establishing and implementing policies and procedures to ensure Arcadia is in compliance with the GIPS standards. Although the hedge fund won’t be in compliance, it won’t affect our ability to be compliant firm-wide, because it is in an autonomous unit. We will be the first Swiss Corp subsidiary to be compliant. Keep in mind that even after implementation, we will not be able to claim compliance until our performance measurement policies, processes, and procedures are verified by an independent firm.”
Westley begins her review of Arcadia’s current policies. She first reviews three policies regarding input data:
Policy 1: The accounting systems record the cost and book values of all assets. Portfolio valuations are based on market values, provided by a third-party pricing service.
Policy 2: Transactions are reflected in the portfolio when the exchange of cash, securities, and paperwork involved in a transaction is completed.
Policy 3: Accrual accounting is used for fixed-income securities and all other assets that accrue interest income; dividend-paying equities accrue dividends on the ex-dividend date.
Next, Westley reviews Arcadia’s policies for return calculation methodologies:
Policy 4: Arcadia uses the Modified Dietz method to compute portfolio time-weighted rates of return on a monthly basis. Returns for longer measurement periods are computed by geometrically linking the monthly returns.
Policy 5: Arcadia revalues portfolios when capital equal to 10% or more of current market value is contributed or withdrawn. Returns are calculated after the deduction of trading expenses.
Policy 6: Cash and cash equivalents are excluded in total return calculations. Custody fees are not considered direct transaction costs.
Westley also looks at the investment policy statements (IPS) for the three sample portfolios that are included in Arcadia’s large-capitalization equity composite:

Portfolio A: A portfolio managed for a local church in which all fees are waived. The IPS prohibits holdings of companies involved in firearms, alcohol, or tobacco. These securities represent 5% of the benchmark, but the portfolio manager believes he can still implement his strategy with these restrictions.
Portfolio B: The equity carve-out portfolio of a balanced account. The client provides Arcadia discretion in the tactical asset allocation decision. Asset allocation among subportfolios is performed quarterly and each subportfolio holds tactical or frictional cash.
Portfolio C: A large-cap equity mutual fund managed for a corporate retirement plan. Employees can make contributions and withdrawals daily. The client requires the portfolio manager to maintain at least 15% of assets in cash balances to meet potential withdrawals.
Finally, Westley examines a recent presentation to a prospective client regarding Arcadia’s small-cap composite. Details of this presentation are presented in Exhibit 1 and its notes.

<image_1>


Notes: 1. Arcadia is an investment firm affiliated with a major global bank and founded in April 2001. The firm manages portfolios in various equity, fixed-income, and real estate strategies. 2. Arcadia has a number of affiliates owned by the parent company; a schedule is provided separately. 3. The composite has an inception date of 31 December 2007. A complete list and description of firm composites is available on request. 4. The composite includes all fee-paying, discretionary, nontaxable portfolios that follow a small-cap strategy. The composite does not include any non-fee-paying portfolios. 5. 1Q13 data are not annualized. 6. Valuations are computed and performance reported in U.S. dollars. 7. Internal dispersion is calculated by using the equal-weighted standard deviation of all portfolios that are included in the composite for the entire year. 8. Gross-of-fees performance returns are presented before management and custodial fees but after all trading expenses. The management fee schedule is as follows: 1.00% on first US$25 million; 0.60% thereafter. Net-of-fees performance returns are calculated by deducting the management fee of 0.25% from the quarterly gross composite return. /n <ocr>image_1 ocr text: Exhibit 1:Small-Capitalization Equity Composite Benchmark:Russell 2000 Gross of Net of Total Assets Internal Fees Fees Benchmark Number of ($ millions) Year Dispersion Return Return Return (%) Portfolios (%) Composite Firm (%) (%) 2009 4.2 3.2 3.7 4 3.3 100 1,000 2010 3.7 2.7 7.0 9 4.6 225 1,250 2011 -1.0 2.0 -4.5 7 1.7 350 900 2012 9.3 8.3 12.0 12 2.8 425 1,050 1Q13 5.2 4.9 7.0 14 3.6 620 1,125</ocr>",Which policy regarding input data is least likely compliant with the GIPS standards,['A. Policy 2' 'B. Policy 3' 'C. Policy 1'],,,,,,,,table,A,"Answer = A . The GIPS standards require all transactions to be recognized on the trade date and not the settlement date. Trade date is when the transaction takes place, whereas settlement date is when the exchange of cash, securities, and paperwork involved in a transaction is completed.",hard,multiple-choice,portfolio management,english,179,2,0,,,,,,,release_basic_txt,english_179,hard_multiple-choice_portfolio management,hard_multiple-choice
253,english_170_5_r3,"Karina Mamani is a senior partner at Trujillo Partners, an investment advisory firm headquartered in Lima, Peru. Mamani specializes in domestic (Peruvian) markets. Peru's currency is the nuevo sol (PEN). Its major stock exchange is the Bolsa de Valores de Lima (BVL), and the primary index for that market is the Indice General Bolsa de Valores (IGBVL).
One of Mamani's clients, Angel Huanca, anticipates receipt of PEN10,000,000 from debt investments that are maturing in two months. He will invest these proceeds in an IGBVL index fund. Huanca expects the Peruvian stock market to increase dramatically in the next two months and does not want to miss out on the expected gain. He asks Mamani to recommend a way to obtain exposure to the IGBVL immediately. Mamani recommends a long futures position using a two-month futures contract on the IGBVL that is priced at PEN21,800 and has a contract size of PEN10 times the price. The index has a beta of 0.98, and the futures contract has a beta of 1.05.
Huanca owns a company that produces auto parts, primarily for export to the United States. He tells Mamani he is worried the nuevo sol will strengthen relative to the US dollar and other currencies, making it more difficult for him to compete with firms in the United States and elsewhere. He asks Mamani to help him devise long-term strategies to deal with this risk.
Huanca recently received 3.2 million common stock shares of Urubamba Copper, Ltd. in partial payment for a mining equipment company he sold to Urubamba. The terms of the sale require him to hold this stock for at least 18 months before selling it. Although Huanca believes Urubamba is a well-run company, its share price is closely tied to commodity prices, which he believes might decline. He tells Mamani, ""I know I can use options on Urubamba to manage the risk of my concentrated stock position. Either a covered call strategy or a protective put strategy will reduce the volatility of my position and establish a minimum value for it, but the covered call strategy will also enhance my return if Urubamba's price remains stable, and the protective put strategy will not.""
Another of Mamani's clients, Arequipa Industries (AI), is about to borrow PEN120 million for two years at a floating rate of 180-day Libor (currently 3.25%) plus a fixed spread of 90 basis points with semiannual resets, interest payments based on actual days/360, and repayment of principal at maturity. AI's management is worried that Libor might rise during the term of the loan and asks Mamani to recommend strategies to reduce this risk. Mamani suggests a zero-cost collar on 180-day Libor with a cap of 4.70% and a floor of 2.25%, payment dates matching the loan payments (on 30 June and 31 December, with the first payment on 31 December), and interest based on actual days/360. She develops various examples of the collar's impact, including one using the interest rate scenario in Exhibit 1.


<image_1>


Mamani informs AI's management that, as an alternative, it could enter into an interest rate swap to effectively convert its floating-rate loan to a fixed-rate loan. Mamani states, ""You would take a position in a two-year swap with semiannual payments and a notional principal equal to your loan balance. You would pay a fixed rate equal to current two-year Libor and receive 180-day Libor."" Mamani adds, ""Entering into the swap would reduce your firm's market value risk and cash flow risk."" /n <ocr>image_1 ocr text: Exhibit 1 180-Day Libor Rates Days in Date Libor Period 30-Jun-12 2.60% 182 31-Dec-12 2.25% 183 30-Jun-13 2.00% 183 30-Dec-13 2.50% 182/nimage_2 ocr text: The number of futures contracts is where Tis the target, S is the current position, and fis the futures contract.In this case, the number of contracts is 0.98-0 10.000,000 42.8=43 1.05 1021800</ocr>",Mamani's description of the interest rate swap to be used to convert AI's floating-rate loan to a fixed-rate loan is least likely correct regarding the:,"['A. notional principal amount.' 'B. fixed interest rate to be paid.'
 'C. floating interest rate to be received.']",,,,,,,,table,B,Answer = B. The fixed interest rate on the swap would not equal the Libor rate for the maturity of the swap but rather the rate that would make the present value of the fixed and floating payments equal.,medium,multiple-choice,derivatives,english,170,5,0,,,,,,,release_basic_txt,english_170,medium_multiple-choice_derivatives,medium_multiple-choice
647,english_254_1_r3,"Cliff Richard works as a private wealth adviser at a global wealth management company. He
meets with Henry Ford, who plans to retire in 12 years and wants to discuss his retirement goals.
Ford gives the following background information to Richard:
“My house will need a major renovation in 12 years, which will cost approximately
$500,000. My current income is sufficient for my expenses, but in retirement, I estimate annual
after-tax living costs to be $100,000 rising with inflation, which is expected to continue at 3
percent annually. In retirement, my primary objective is to maintain my current lifestyle.”
Richard suggests using annuities to analyze Ford’s retirement needs. In response, Ford feels
he is willing to pay a lump sum in exchange for the fixed payments, but he wants to maintain
control over his assets. He also shows his concern over the high cost of annuities.
Ford continues, I have a secondary objective to gift $1 million to my daughter in 15 years. I
prefer low volatility investments. My portfolio assets include safe investments – 40% large-cap
dividend-paying blue-chip equities, 40% government Treasury bills and investment-grade
corporate bonds, and 20% real estate. I wish to grow my assets over my 12 years investment
horizon to meet my retirement goals.”
Richard decides to implement a goal-based investing approach and runs a Monte Carlo
simulation to determine the probability of success - the likelihood that Ford can meet his gifting
objectives. The simulation results are reproduced in Exhibit 1.
<image_1>
As the meeting concludes, Richard hands out a client feedback form, where Ford is asked to
give a performance review of the wealth adviser. Ford comments that Richard listened to his
various retirement objectives and understood his goals. He had a working knowledge of
traditional and alternative asset classes. He showed exceptional quantitative skills to create
different scenarios for his goals. Finally, he liked the pleasant office atmosphere. /n <ocr>image_1 ocr text: Exhibit 1 Monte Carlo Simulation Inflation-Adjusted Results for Gifting Goals Year 15 Portfolio Value Year 20 Portfolio Value Year 25 PortfolioValue 25th % $980,866 $1,128,450 $1,400,372 50th % $839,837 $943,820 $1,250,974 75th % $1,020,039 $1,110,039 $840,000</ocr>","Based on the background information, which of the following items, Richard, should most likely include in the investment objectives section of Ford’s IPS","['A. Below-average risk tolerance'
 'B. Allocations to different asset classes'
 'C. $100,000 inflation-adjusted costs and $1 million bequest goals']",,,,,,,,table,C,"Solution: C.
Common investment objectives for IPS include funding lifestyle needs during retirement,
supporting family members, funding philanthropic activities, and meeting bequest goals. These
represent ongoing objectives. By contrast, Ford’s one-time objectives may include the renovation
of his home. It is common for private clients to have multiple competing objectives that they seek
to achieve with the same portfolio. Richard should continue to work with Ford to ensure that his
portfolio distribution rate is sustainable throughout his retirement and in alignment with his
gifting goals.",hard,multiple-choice,alternative investments,english,254,1,0,,,,,,,release_basic_txt,english_254,hard_multiple-choice_alternative investments,hard_multiple-choice
657,english_255_6_r3,"Carol Lancaster, a senior analyst of Trident Funds is discussing trading strategies and portfolio
performance evaluation with a new employee, Mary Clark. With regard to trading strategies,
Lancaster makes the following statements:
Statement 1: Trading in securities with a higher rate of alpha decay will have better execution if
we adopt a longer trade time horizon.
Statement 2: The more liquid the security, the lower the market impact of trading will be.
Clark asks Lancaster about the appraisal criteria used to evaluate the different managers
employed by the Fund. Lancaster states, “The Fund is willing to risk firing good managers, in
order to prevent retaining poor managers. But I would prefer if the Fund would relax the
appraisal criteria.”
Clark also asks Lancaster to describe an effective attribution process. Lancaster responds as
follows:
Response 1: Performance attribution draws conclusions regarding the quality of a portfolio
manager’s investment decisions.
Response 2: Performance attribution should help explain how performance was achieved by
breaking apart the return or risk into different explanatory components.
Lancaster then introduces Clark to a typical micro attribution model used by the Fund to
evaluate a manager’s ability using the information in Exhibit 1.
<image_1> /n <ocr>image_1 ocr text: Exhibit 1 Fund Performance-Allocation by Sector Return Portfolio Benchmark Portfolio Benchmark Return Attribution Weight Weight Return Sector1 30.62% 25.50% 15.85% 15.82% Sector2 35.78% 43.22% 21.84% 23.89% Sector3 15.35% 20.10% 11.20% 12.57% Sector4 18.25% 11.18% 19.00% 32.73% Total 100.00% 100.00% 17.86% 20.54%</ocr>","Based on Exhibit 1, the underperformance at the overall fund level is predominantly the result of poor security selection decisions in",['A. Sector 2' 'B. Sector 3' 'C. Sector 4'],,,,,,,,table,C,"Solution: C. The total -269 bps of underperformance at the overall fund level is predominantly the result of poor Sector 4 security selection decisions (-251 bps = -2.51%).
Allocation = (wi– Wi)(Bi – B). Selection + Interaction = Wi(Ri – Bi) + (wi – Wi)(Ri – Bi). 
According to these two equations, the results of the sector level micro attribution is as: <ans_image_3>",hard,multiple-choice,equity,english,255,6,0,,,,,,,release_basic_txt,english_255,hard_multiple-choice_equity,hard_multiple-choice
661,english_256_4_r3,"The investment committee (IC) of the Education Investment Foundation (EIF) has recently
approved a change in the fund’s IPS to increase its allocation to alternative investments.
The investment staff have drafted manager selection procedures for assessing potential
external alternative investment managers. An excerpt from the policy is displayed below in Figure
1.
<image_1>
The IC is keen to monitor external alternative investment fund managers for style drift. They
are contemplating whether to use returns-based style analysis (RBSA) or holdings-based style
analysis (HBSA). The IC lists the following considerations when choosing which style analysis
method to use:
• Due to the private nature of most alternative investment structures, the method should not
use data that is potentially difficult to get.
• The method should mitigate the effect of window dressing by the manager.
• The IC is also concerned about the higher fee structures that are seen in alternative fund
structures verses traditional fund structures. They ask the investment staff to summarize the
different types of fee schedules employed by managers. This summary is displayed in Figure
2.
<image_2>
The IC requests that the investment staff apply the fee schedule to a year where the gross
return of the fund is +10% while the benchmark returns 5%, and secondly where the gross return
of the fund is –10% while the benchmark returns –5%. /n <ocr>image_1 ocr text: Figure 1: Excerpt from Manager Selection Policy The investment committee is aware that the costs to the fund of hiring and firing decisions are significant, and that policy should ensure as much as possible that mistakes are minimized.A central part of the manager selection policy is a proprietary database with two key purposes: Purpose 1:record the subsequent performance of managers that met initial screening criteria and were interviewed by investment staff, but not allocated to by the fund. Purpose 2:record the subsequent performance of managers that were removed from the fund due to sub-optimal performance./nimage_2 ocr text: Figure 2:Fee Schedules Fee Base Fee Profit-Share Computation Schedule higher of base or base + share of active return. 1 0.50% 30% maximum fee = 3% higher of base or base + share of performance net of 2 0.75% 20% base 3 1.00% 10% base + share of performance net of base</ocr>",Which of the fee schedules listed in Figure 2 would give rise to the lowest or most negative investment management fees given a gross performance of –10% and a benchmark return of -5%,['A. Schedule 1' 'B. Schedule 2' 'C. Schedule 3'],,,,,,,,screenshot,C,"Solution: C.
Schedule 1 fee = 0.50%. This is not higher than the maximum fee of 3%; hence, the manager will
take 0.50%.
Schedule 2 fee = 0.75%.
Schedule 3 fee = 1.00% + 0.1[–10% – 1.00%] = –0.1%.",hard,multiple-choice,equity,english,256,4,0,,,,,,,release_basic_txt,english_256,hard_multiple-choice_equity,hard_multiple-choice
1276,english_441_2_r3,"The Veblen Company and the Knight Company are identical in every respect except that Veblen is not levered. The market value of Knight Company’s 6 percent bonds is $1.4 million. Financial information for the two firms appears here. All earnings streams are perpetuities. Neither firm pays taxes. Both firms distribute all earnings available to common stockholders immediately.<image_1> /n <ocr>image_1 ocr text: Veblen Knight Projected operating income $580,000 $580,000 Year-end interest on debt 84,000 Market value of stock 4,500,000 3,450,000 Market value of debt 1,400,000</ocr>","Given the two investment strategies in question 1, which will investors choose?",,,,,,,,,table,Veblen.,"Both of the two strategies have the same initial cost. Since the dollar return to the investment in Veblen is higher, all investors will choose to invest in Veblen over Knight. The process of investors purchasing Veblen’s equity rather than Knight’s will cause the market value of Veblen’s equity to rise and/or the market value of Knight’s equity to fall. Any differences in the dollar returns to the two strategies will be eliminated, and the process will cease when the total market values of the two firms are equal.",hard,open question,corporate finance,english,441,2,0,,,,,,,release_basic_txt,english_441,hard_open question_corporate finance,hard_open question
3,english_1_4_r3,"Below image is a sceenshot of the Contract specifications for a puttable floating rate note issued by the Korea Development from Bloomberg. <image_1>
Bank. /n <ocr>image_1 ocr text: DES DL17CORP DES Enter 10 <Go>forNews,11 <Go>for Involved Parties SECURITY DISPLAY PAGE1/ 6 KOREA DEV BANK KDBF1oat06/02 NOT PRICED ISSUER INFORMATION SECURITY INFORMATION SERIES: EMTN NAME KOREA DEVELOPMENT BANK NOT SEASONED TYPE BANK CPN FREQ QUARTLY IDENTIFICATION #'s REDEMPTION INFO CPN TYPE FLOATING ISIN XS0077584307 MATURITY DT 6/30/ 2 MTY/REFUND TYP CALL/PUT MLNUM FDLD9 REFUNDING DT CALC TYP21)FLOATRATENOTE NEXT CALL DT 6/30/0 DAYCOUNT2ACT/360 COMMON 007758430 WORKOUT DT 6/30/ 2 MARKET ISS EURO MTN RISK FACTOR COUNTRY/CURR S.K./USD ISSUANCE INFO COLLATERAL TYP SR UNSUB ANNOUNCE DT 6/16/97 RATINGS AMT ISSUED 300000M 1ST SETTLE DT 6/30/97 300,000(M) MOODY Baa2/*- AMT OUTSTAND 1ST CPN DT 9/30/97 MIN PC/INC S&P A- /*- 10,000/10,000 INTACCRUE DT6/30/97 COMP BBB1 PAR AMT 10,000.00 PRICE @ ISSUE 99.95 DCR GS INTL NA LEADMGR/UWRTR FITCH NA LISTED LONDON IBCA NA NOTES NO PROSPECTUS FALLS BELOW A- OR MOODY'S RATING FALLS BELOW A3. Bloomberg-al1 rights reservedFrankfurt:69-920410 Hong Kong:2-521-3000 London:171-330-750 New York:212-318-2000 Princeton:609-279-3000 Singapore:226-3000 Sydney:2-9777-8600 Tokyo:3-3201-8900 Sao Paul0:11-3048-4500 G194-79-13 12-Dec-97 8:53:41</ocr>",What is the redemption yield of the Korea Development Bank security as shown on the display?,['A. 0.572%' 'B. 2.957%' 'C. 5.730%' 'D. 7.375%'],,,,,,,,chart,C,,easy,multiple-choice,fixed income,english,1,4,0,,,,,,,release_basic_txt,english_1,easy_multiple-choice_fixed income,easy_multiple-choice
401,english_199_3_r3,"A Sydney-based
fixed-income
portfolio manager is considering the following
Commonwealth of Australia government bonds traded on the ASX (Australian
Stock Exchange):

<image_1>

The manager is considering portfolio strategies based upon various interest rate
scenarios over the next 12 months. She is considering three long-only
government
bond portfolio alternatives, as follows:
Bullet: Invest solely in 4.5-year
government bonds
Barbell: Invest equally in 2-year
and 9-year
government bonds
Equal weights: Invest equally in 2-year,
4.5-year,
and 9-year
bonds /n <ocr>image_1 ocr text: Tenor Coupon Yield Price Modified Duration Convexity 2y 5.75% 0.28% 110.90 1.922 4.9 4.5y 3.25% 0.55% 111.98 4.241 22.1 9y 2.50% 1.10% 111.97 8.175 85.2</ocr>",Assume the manager is able to extend her mandate by adding derivatives strategies to the three portfolio alternatives. The best way to position her portfolio to benefit from a bear flattening scenario is to combine a:,"['A. 2-year receive-fixed Australian dollar (AUD) swap with the same money duration as the bullet portfolio'
 'B. 2-year pay-fixed AUD swap with twice the money duration as the 2-year government bond in the barbell portfolio'
 'C. 9-year receive-fixed AUD swap with twice the money duration as the 9-year government bond position in the equally weighted portfolio']",,,,,,,,table,B,"B is correct. A bear flattening scenario is a decrease in the yield spread between long- and short-term maturities driven by higher short-term rates. The manager must therefore position her portfolio to benefit from rising short-term yields. Under A, the receive-fixed 2-year swap is a synthetic long position, increasing portfolio duration that will result in an MTM loss under bear flattening. The receive-fixed swap in answer C will increase duration in long-term maturities. In the case of B, the pay-fixed swap with twice the money duration of the barbell will more than offset the existing long position, resulting in net short 2-year and long 9-year bond positions in the overall portfolio and a gain under bear flattening.",hard,multiple-choice,fixed income,english,199,3,0,,,,,,,release_basic_txt,english_199,hard_multiple-choice_fixed income,hard_multiple-choice
546,english_233_1_r3,"Teddy Brealer is the president of Vitting University (VU). VU just successfully completed a
fundraising campaign of $300 million that significantly increased the funds in the endowment
(Exhibit 1).
<image_1>
At a meeting with VU’s board of regents, Brealer proposes that the endowment should fund
a new capital improvements project for the university that will cost $210.3 million. Brealer
acknowledges that it is a large amount that will require another fundraising campaign in the
future, but he states that he has already found a wealthy alumnus, Roger Clement, who is willing
to donate $50 million if the project is undertaken.
Jennifer Wong, a board member, asks: “If we undertake the project with Clement’s
donation but without a new fundraising campaign, how much will the endowment be
underfunded?” Other board members agree that the answer to this question should be
considered before making a decision. Consequently, the board decides to discuss Brealer’s
proposal further at a future meeting.
The board moves on to a discussion about the investment of the endowment with the
recently raised funds. Ronald Black, an investment adviser to the board, suggests the following:
· The asset allocation choice should have a heavy emphasis on fixed-income securities
with cash distributions. This type of allocation will offset the future cash disbursements
necessary to cover costs at the university in excess of tuition revenue.
· The weightings within the portfolio should be able to deviate within 5% of the target
portfolio weights to take advantage of short-term market opportunities for additional
return.
Brealer suggests bringing Black’s portfolio allocation ideas to the University Planning and
Priorities Committee (UPPC). The UPPC is composed of six tenured faculty members and three
final-year students. Three of the faculty members are from the arts area, and three are from the
sciences area. Faculty appointments to the committee are for two-year, non-renewable terms.
Brealer states that the UPPC desires to have the endowment invested in a socially
responsible manner, which will require developing a new investment policy statement (IPS). The UPPC intends to draft the new IPS and present it to the board for approval. Upon receiving board
approval, the UPPC will direct a financial advisory team and the investment managers to
implement the asset allocation indicated in the IPS. Progress reports and governance audits will
be provided to the board upon request.
The board is agreeable to this plan and assigns Black to be part of the advisory team after
the IPS is drafted and approved.
Black states that the UPPC should also consider such issues as the cost associated with
rebalancing the portfolio and that the future distribution of asset returns may not be fully
characterized by the expected return and volatility. Black further states that his preferred
method for dealing with these additional allocation issues is the use of Monte Carlo simulation. /n <ocr>image_1 ocr text: Exhibit 1 Vitting University endowment fund assets and obligations ($ millions) Immediately available funds 50.2 Immediately available funds,restricted to scholarships 53.2 Current endowment obligations 89.5 PVof future endowment obligations* 502.4 PV of pledged future contributions to endowment, unrestricted* 505.4 PV of pledged future contributions,restricted to scholarships 87.8 *These funds may be used for scholarship and non-scholarship items.</ocr>",Which asset allocation approach best describes the asset allocation choice suggested by Black to the board,"['A. Mean–variance optimization' 'B. Black-Litterman'
 'C. Liability-relative']",,,,,,,,table,C,"Solution: C.
Investment in fixed-income securities specifically to generate cash distributions to offset the cash
disbursements necessary for maintaining university costs in excess of tuition revenue is a
liability-relative approach.
A is incorrect because a mean–variance approach is an asset-only approach that does not
consider liabilities.
B is incorrect because the Black-Litterman model is an asset-only approach that does not
consider liabilities.",easy,multiple-choice,portfolio management,english,233,1,0,,,,,,,release_basic_txt,english_233,easy_multiple-choice_portfolio management,easy_multiple-choice
438,english_209_4_r3,"Aleksy Nowacki is a new portfolio manager at Heydon Investments. The firm currently
offers a single equity fund, which uses a top-down
investment strategy based on fundamentals.
Vicky Knight, a junior analyst at Heydon, assists with managing the fund.
Nowacki has been hired to start a second fund, the Heydon Quant Fund, which
will use quantitative active equity strategies. Nowacki and Knight meet to discuss
distinct characteristics of the quantitative approach to active management, and Knight
suggests three such characteristics:
Characteristic 1 The focus is on factors across a potentially large group of
stocks.
Characteristic 2 The decision-making
process is systematic and
non-discretionary.
Characteristic 3 The approach places an emphasis on forecasting the future
prospects of underlying companies.
Nowacki states that quantitative investing generally follows a structured and well-defined
process. Knight asks Nowacki:
“What is the starting point for the quantitative investment process?”
The new Heydon Quant Fund will use a factor-based
strategy. Nowacki assembles
a large dataset with monthly standardized scores and monthly returns for the strategy
to back-test
a new investment strategy and calculates the information coefficient.
FS(t) is the factor score for the current month, and FS(t + 1) is the score for the next
month. SR(t) is the strategy’s holding period return for the current month, and SR(t
+ 1) is the strategy’s holding period return for the next month.

As an additional step in back-testing
of the strategy, Nowacki computes historical
price/book ratios (P/Bs) and price/earnings ratios (P/Es) using calendar year-end
(31
December) stock prices and companies’ financial statement data for the same calendar
year. He notes that the financial statement data for a given calendar year are not
typically published until weeks after the end of that year.
Because the Heydon Quant Fund occasionally performs pairs trading using statistical
arbitrage, Nowacki creates three examples of pairs trading candidates, presented
in Exhibit 1. Nowacki asks Knight to recommend a suitable pair trade.
<image_1>
Knight foresees a possible scenario in which the investment universe for the
Heydon Quant Fund is unchanged but a new factor is added to its multifactor model.
Knight asks Nowacki whether this scenario could affect the fund’s investment-style
classifications using either the returns-based
or holdings-based
approaches. /n <ocr>image_1 ocr text: Exhibit1 Possible Pairs Trades Based on Statistical Arbitrage Current Price Ratio Compared with Long. Historical Price Historical Correlation Stock Pair Term Average Ratio Relationship between Returns 1 and 2 Not significantly Mean reverting High different 3and4 Significantly different Mean reverting High 5 and 6 Significantly different Not mean reverting Low</ocr>",Nowacki’s most appropriate response to Knight’s question about the quantitative investment process is to:,"['A. back-test the new strategy' 'B. define the market opportunity'
 'C. identify the factors to include and their weights']",,,,,,,,table,B,"B is correct. The first step in creating a quantitative, active strategy is to define the market opportunity or investment thesis. Then, relevant data is acquired, processed, and transformed into a usable format. This step is followed by back-testing the strategy, which involves identifying the factors to include as well as their weights. Finally, the strategy performance should be evaluated using an out-of- sample back-test.",medium,multiple-choice,equity,english,209,4,0,,,,,,,release_basic_txt,english_209,medium_multiple-choice_equity,medium_multiple-choice
148,english_142_1_r3,<ocr>image_1 ocr text: Residual Average Standard Return Deviation Beta Fund A 23% 30 1.3 Fund B 20% 19 1.2 Fund C 19% 17 1.1 S&P500 18% 15% 1.0</ocr>,"You want to evaluate three mutual funds using the Sharpe measure for performance evaluation. The risk-free return during the sample period is 5%. The average returns, standard deviations, and betas for the three funds are given below, as are the data for the S&P 500 Index. <image_1> The investment with the highest Sharpe measure is","['A. Fund A' 'B. Fund B' 'C. Fund C' 'D. the index'
 'E. Funds A and C (tied for highest)']",,,,,,,,table,D,<ans_image_1>,easy,multiple-choice,equity,english,142,1,0,,,,,,,release_basic_txt,english_142,easy_multiple-choice_equity,easy_multiple-choice
654,english_255_3_r3,"Carol Lancaster, a senior analyst of Trident Funds is discussing trading strategies and portfolio
performance evaluation with a new employee, Mary Clark. With regard to trading strategies,
Lancaster makes the following statements:
Statement 1: Trading in securities with a higher rate of alpha decay will have better execution if
we adopt a longer trade time horizon.
Statement 2: The more liquid the security, the lower the market impact of trading will be.
Clark asks Lancaster about the appraisal criteria used to evaluate the different managers
employed by the Fund. Lancaster states, “The Fund is willing to risk firing good managers, in
order to prevent retaining poor managers. But I would prefer if the Fund would relax the
appraisal criteria.”
Clark also asks Lancaster to describe an effective attribution process. Lancaster responds as
follows:
Response 1: Performance attribution draws conclusions regarding the quality of a portfolio
manager’s investment decisions.
Response 2: Performance attribution should help explain how performance was achieved by
breaking apart the return or risk into different explanatory components.
Lancaster then introduces Clark to a typical micro attribution model used by the Fund to
evaluate a manager’s ability using the information in Exhibit 1.
<image_1> /n <ocr>image_1 ocr text: Exhibit 1 Fund Performance-Allocation by Sector Return Portfolio Benchmark Portfolio Benchmark Return Attribution Weight Weight Return Sector1 30.62% 25.50% 15.85% 15.82% Sector2 35.78% 43.22% 21.84% 23.89% Sector3 15.35% 20.10% 11.20% 12.57% Sector4 18.25% 11.18% 19.00% 32.73% Total 100.00% 100.00% 17.86% 20.54%</ocr>",Which of Lancaster’s responses regarding effective performance attribution is correct,"['A. Only Response 1' 'B. Only Response 2'
 'C. Both Response 1 and Response 2']",,,,,,,,table,B,"Solution: B.
Performance attribution helps explain how performance was achieved; it breaks apart the
return or risk into different explanatory components. Effective performance attribution must
account for all of the portfolio’s return or risk exposure, reflect the investment
decision-making process, quantify the active decisions of the portfolio manager, and provide
a complete understanding of the excess return/risk of the portfolio.",hard,multiple-choice,equity,english,255,3,0,,,,,,,release_basic_txt,english_255,hard_multiple-choice_equity,hard_multiple-choice
550,english_234_1_r3,"Olivinia is an oil-rich state in the country of Puerto Rinaldo, which uses the US dollar as its official
currency of exchange. In 1981, the state’s legislature created the Olivinia Heritage Fund (OHF) to
collect a portion of the state’s non-renewable resource revenue and invest it on behalf of future
generations. James Lafferty, the managing director of the fund, is one of the keynote speakers at
the Global Wealth Creation Conference. He begins his presentation with a brief overview of
OHF’s history (Exhibit 1).
<image_1>
Exhibit 1 An overview of the olivinia heritage fund
Phase 1 (1981–1991)
• The fund was given an initial allocation of $1 billion by the state. The fund was to receive 10%
of all state revenues arising from taxes on oil and gas production and extraction. The fund
was given a 20-year accumulation period over which no distributions were allowed and the
fund was forecasted to grow to $10 billion. Income earned following the accumulation
period was to be used to provide for public works and other public infrastructure within the
state. Investments were restricted to cash and investment-grade bonds.
Phase 2 (1991–2001)
• By 1991, after being in existence for 10 years, the fund value had grown to $2.2 billion. At
this time, transfers of state revenues from taxes on oil-related resources was halted and the
government began to use income generated by the fund for direct economic development
and social investment purposes. In addition to cash and investment-grade bonds, the
investment mandate for the fund was expanded to include investments in private and
public companies, real estate, and infrastructure investments. Management of cash and
bond investments was performed in-house. For the higher-risk component of the portfolio,
the fund hired external managers in an effort to increase return and correspondingly lower
the incidence of negative performance. These managers were hired or retained if they had
outperformed other active managers in their sectors in at least the prior two years. The
fund value at the end of this period was $6 billion.
Phase 3 (2001–2014)
• Strong reform legislation related to the original intent of the fund was introduced in 2001. It
reinstated transfers of oil-related taxes to the fund, increasing them to 35% of oil- and
gas-related state revenues. In addition, the fund was mandated to have 50% in public
equities through passive index funds and 10% in cash and investment-grade bonds. The
remainder was to be divided equally between high-yield bonds, real estate, private equity,
and hedge funds and would continue to be managed externally. All investments were to be
made outside the country to avoid overheating the national economy. Investments
managed by individual external managers was limited to approximately $75 million. A two-thirds majority in both the upper and lower legislative bodies was required to change
any future legislation related to the fund. By the end of this phase, the fund was worth $28
billion.
Phase 4 (2014–Present)
• The fund’s management felt that the significant decline in oil prices since mid-2014 and
lowered production levels were likely to persist through several business cycles, requiring a
change in strategy to maintain the long-term objectives of the funds. They sought
government approval for lower withdrawals from the fund, higher equity exposure, and the
flexibility to vary asset class policy weights by as much ±5% for each asset class from the
static weights that had previously existed. The government reaffirmed its commitment to
the fund given in Phase 3, and legislative approval was received for these changes, including
the ability to increase public equity exposure to 65% and reduce investment-grade bond
exposure to as little as 7.5%. Of the remaining authorized assets, no one asset class could
have a weight in excess of 10%.
Lafferty states that ever since the fund was given the authority to vary asset class policy
weights from their strategic levels, it has actively engaged in tactical asset allocation (TAA) using
a variety of proprietary short-term forecasting tools that have been developed in-house. He
provides the data in Exhibits 2 and 3 to illustrate the results of one such shift in the fund’s asset
allocation following a signal from its TAA model.
<image_2>
<image_3>
Lafferty concludes the morning portion of his presentation at the conference by comparing
the relative performance of the three portfolios (from Exhibit 2) utilizing a graph (Exhibit 3) of
the efficient frontier derived from the asset classes used by the fund. /n <ocr>image_1 ocr text: Exhibit 2 Example of a short-term shift in asset allocation Asset Class CurrentWeights* PolicyWeights TAA Weights Period Returns Investment-grade bonds 12% 15% 10% 1.75% High-yield bonds 8 6.25 10 3.0 Public equity 63 60 65 7.0 Private equity 5 6.25 6.25 4.5 Realestate 6.25 6.25 2.5 -4.0 Infrastructure 6.25 6.25 6.25 2.5 *Current weight refers to the weighting in effect just prior to when the TAA signal occurred./nimage_2 ocr text: Exhibit 3 Efficient frontier from assets utilized by OHF Period Returns (%) Actual Frontier TAA Portfolio Current Portfolio Policy Portfolio Period Risk %)/nimage_3 ocr text: Period Returns %) Actal Frontier TAA Portfolio Current Portfolic Policy Portfolio Period Risk %</ocr>","During Phase 1, the most significant constraint on OHF’s asset allocation choices was the result of",['A. liquidity needs' 'B. asset size' 'C. regulation'],,,,,,,,chart,C,"Solution: C.
During Phase 1, OHF was restricted to investing in only cash and high-grade debt instruments.",easy,multiple-choice,portfolio management,english,234,1,0,,,,,,,release_basic_txt,english_234,easy_multiple-choice_portfolio management,easy_multiple-choice
698,english_273_1_r3,<ocr>image_1 ocr text: Portfolio Expected Return % Standard Deviation (%) a. W 15 36 b. X 12 15 C. Z 5 7 d. Y 9 21</ocr>,Which one of the following portfolios cannot lie on the efficient frontier as described by Markowitz?<image_1>,,,,,,,,,table,d.,"Portfolio Y cannot be efficient because it is dominated by another portfolio. For example, Portfolio X has both higher expected return and lower standard deviation.",medium,open question,portfolio management,english,273,1,0,,,,,,,release_basic_txt,english_273,medium_open question_portfolio management,medium_open question
642,english_253_2_r3,"Conner McClelland is a private client financial consultant with US-based Edmonstone Wealth
Management LLC. McClelland has been engaged by Bradley and Reagan Graham to develop a
personal wealth management plan. Prior to meeting with McClelland, the Grahams filled out a
personal profile questionnaire that will be used in developing their wealth management plan.
Using information from the questionnaire, McClelland prepares Exhibit 1.
<image_1>
<image_2>
<image_3>
<image_4>
At their initial meeting, Bradley tells McClelland that he recently attended a financial
planning seminar conducted by his employer’s human resources department. One of the
presenters discussed the importance of preparing and understanding the components of an
economic balance sheet compared with a traditional balance sheet. Bradley was confused by a
few of the presenter’s comments and asks McClelland for further clarification. The presenter’s
comments were as follows:
• Real estate can be described as a personal asset, an investment asset, and a mixed asset.
• Financial capital consists of tangible and intangible assets, including both the vested and
unvested portions of an employer pension plan.
• The value of human capital relative to overall economic wealth is typically higher for an
individual in mid-career with an established earnings record than for an individual in the
early stages of his career.
As McClelland reviews insurance coverage with the Grahams, he explains that there are
various ways to manage risk. “It depends on the frequency of a risk occurring and the severity of
the potential loss. For example, consider the following two risks:
• An earthquake: This risk seldom occurs but would result in a large financial loss;
• Dental cavities: This risk arises frequently, resulting in small financial losses.”
McClelland determines that both Bradley’s and Reagan’s life insurance coverage is
inadequate. Bradley is particularly concerned about the inadequacy of his life insurance and asks
McClelland to calculate how much additional insurance he should purchase to cover him until he
retires in exactly 15 years and begins to receive his employer pension. McClelland prefers to use
the human life value method to determine the appropriate level of life insurance coverage.
Exhibit 2 contains additional personal and financial information about Bradley.
<image_5>
The Grahams mention that a primary concern is the ability to manage the risks to both their financial and human capital so that they can achieve their financial goals of maintaining a
comfortable lifestyle while having sufficient assets to purchase a vacation home, pay for their
children’s university education, and fund charitable donations.
Bradley mentions that he and Reagan have some concern about possibly outliving their assets
and that he understands annuities can help protect against this risk. He is interested in an annuity
that will provide income for as long as one of them is alive. The Grahams have average risk
tolerance and expect they will be able to adjust their spending in retirement if necessary. /n <ocr>image_1 ocr text: Exhibit 1 Graham Family:Personal and Financial Information Occupations and Family Structure Bradley is a 50-year-old electrical engineer at a major utility company. His annual income of $175,o00 is projected to increase 3% per year. He has a defined-contribution pension plan and expects to retire at age 65. Reagan is a 48-year-old pharmacist with a pharmaceutical company. Her annual income of $132,000 is projected to increase 3% per year.She has a defined-contribution pension plan and expects to retire at age 65. Prior to joining thepharmaceutical company, Reagan had a 20-year career in the Us Navy, retiring at the rank of commander. The family has two children, ages 10 and 8./nimage_2 ocr text: Financial Information Checking account $27,000 Taxable investment account 625,000 Residence 525,000 Residential mortgage 285,000 Outstanding balance on a $100,o00 home equity line of credit. 38,000 Bradley's defined-contribution plan (vested; normal retirement age for the 796,000 plan is 65) Cash value of Bradley's life insurance ($250,o00 death benefit). 67,000 Estimated present value of Bradley's future earnings 2,150,000 Reagan's defined-contribution plan (vested;normal retirement age for the 160,000 plan is 65) Present value of Reagan's military pension (vested;inflation indexed;survivor 1,320,000 benefit) Cash value of Reagan's life insurance ($250,o00 death benefit) 52,000 Estimated present value of Reagan's future earnings 1,790,000 Estimated present value of the Grahams' futureconsumption 3,700,000/nimage_3 ocr text: Aspirational and Other Goals Cost of four years of university for the two children, with an estimated present value of $350,000/nimage_4 ocr text: Purchase of a vacation home in the next five years, with an estimated present value of $325,000 Donations to charitable organizations during the next 15 years, with an estimated present value of$400,000/nimage_5 ocr text: Exhibit 2 Bradley Graham:Additional Personal and Financial Information Current annual income; salary and expenses expected to increase 3% per year $175,000 Income and payroll taxes (percentage of annual income) 30% Employer contribution to defined-contribution plan (percentage of annual 5% income) Annual family expenses attributable to Bradley 20,000 Estimated tax rate on income earned on insurance proceeds 20% Applicable discount rate 4%</ocr>",Which of the presenter’s comments regarding economic and traditional balance sheets is most accurate,"['A. The comment about human capital'
 'B. The comment about financial capital'
 'C. The comment about real estate']",,,,,,,,screenshot,C,"Solution: C.
Personal assets are consumed, whereas investment assets are held for the potential to increase
in value and fund future consumption. Some assets, such as real estate, can be described as
“mixed assets” because they can act as both personal assets (shelter) and investment assets (to
help fund retirement).",hard,multiple-choice,alternative investments,english,253,2,0,,,,,,,release_basic_txt,english_253,hard_multiple-choice_alternative investments,hard_multiple-choice
436,english_209_2_r3,"Aleksy Nowacki is a new portfolio manager at Heydon Investments. The firm currently
offers a single equity fund, which uses a top-down
investment strategy based on fundamentals.
Vicky Knight, a junior analyst at Heydon, assists with managing the fund.
Nowacki has been hired to start a second fund, the Heydon Quant Fund, which
will use quantitative active equity strategies. Nowacki and Knight meet to discuss
distinct characteristics of the quantitative approach to active management, and Knight
suggests three such characteristics:
Characteristic 1 The focus is on factors across a potentially large group of
stocks.
Characteristic 2 The decision-making
process is systematic and
non-discretionary.
Characteristic 3 The approach places an emphasis on forecasting the future
prospects of underlying companies.
Nowacki states that quantitative investing generally follows a structured and well-defined
process. Knight asks Nowacki:
“What is the starting point for the quantitative investment process?”
The new Heydon Quant Fund will use a factor-based
strategy. Nowacki assembles
a large dataset with monthly standardized scores and monthly returns for the strategy
to back-test
a new investment strategy and calculates the information coefficient.
FS(t) is the factor score for the current month, and FS(t + 1) is the score for the next
month. SR(t) is the strategy’s holding period return for the current month, and SR(t
+ 1) is the strategy’s holding period return for the next month.

As an additional step in back-testing
of the strategy, Nowacki computes historical
price/book ratios (P/Bs) and price/earnings ratios (P/Es) using calendar year-end
(31
December) stock prices and companies’ financial statement data for the same calendar
year. He notes that the financial statement data for a given calendar year are not
typically published until weeks after the end of that year.
Because the Heydon Quant Fund occasionally performs pairs trading using statistical
arbitrage, Nowacki creates three examples of pairs trading candidates, presented
in Exhibit 1. Nowacki asks Knight to recommend a suitable pair trade.
<image_1>
Knight foresees a possible scenario in which the investment universe for the
Heydon Quant Fund is unchanged but a new factor is added to its multifactor model.
Knight asks Nowacki whether this scenario could affect the fund’s investment-style
classifications using either the returns-based
or holdings-based
approaches. /n <ocr>image_1 ocr text: Exhibit1 Possible Pairs Trades Based on Statistical Arbitrage Current Price Ratio Compared with Long. Historical Price Historical Correlation Stock Pair Term Average Ratio Relationship between Returns 1 and 2 Not significantly Mean reverting High different 3and4 Significantly different Mean reverting High 5 and 6 Significantly different Not mean reverting Low</ocr>","Relative to Heydon’s existing fund, the new fund will most likely:","['A. hold a smaller number of stocks'
 'B. rebalance at more regular intervals'
 'C. see risk at the company level rather than the portfolio level']",,,,,,,,table,B,"B is correct. Portfolios managed using a quantitative approach are usually rebalanced at regular intervals, such as monthly or quarterly. In contrast, portfolios managed using a fundamental approach usually monitor the portfolio’s holdings continuously and may increase, decrease, or eliminate positions at any time. Also, the focus of a quantitative approach is on factors across a potentially large group of stocks, whereas fundamental strategies focus on a relatively small group of stocks. Consequently, Heydon’s new quantitative fund will likely hold a larger number of stocks than the existing equity fund. Finally, managers following a fundamental approach typically select stocks by performing extensive research on individual companies; thus, fundamental investors see risk at the company level. In contrast, with a quantitative approach, the risk is that factor returns will not perform as expected. Because the quantitative approach invests in baskets of stocks, the risks lie at the portfolio level rather than at the level of specific stocks (company level). Consequently, Nowacki’s new quantitative fund will likely see risk at the portfolio level, rather than the company level as the existing equity fund does.",easy,multiple-choice,equity,english,209,2,0,,,,,,,release_basic_txt,english_209,easy_multiple-choice_equity,easy_multiple-choice
1001,english_355_2_r3,"You purchased the following futures contract today at the settlement price listed in the Wall Street Journal. Answer the questions below regarding the contract. <image_1>. Suppose the price of the futures contract changes as shown in the following table <image_2>. /n <ocr>image_1 ocr text: Soybean Oil CBT) 60,000 Ibs.cents per Ib Lifetime Open High Low Settle Change High Low Open Interest Oct. 15.28 15.33 15.25 15.29 -.02 20.35 15.25 7.441/nimage_2 ocr text: Futures Profit/Loss Mark-to-Market Day Total Value of Contract Price per lb. Settlement 0 $0.1529 n.a. n.a. 1 $0.1527 2 $0.1540 3 $0.1597</ocr>",Explain why the account is marked to market daily.,,,,,,,,,table,"The contract is marked to market daily and profits or losses are posted in the account. The contract keeps pace with market activity and doesn't change value all at once at the maturity date. The marking-to-market process protects the clearinghouse because the margin percentage is calculated daily and if it falls below the maintenance margin a margin call can be issued. If the investor doesn't meet the call, the clearinghouse can close out enough of the trader's position to restore the margin.",,easy,open question,derivatives,english,355,2,0,,,,,,,release_basic_txt,english_355,easy_open question_derivatives,easy_open question
692,english_268_4_r3,Use the following scenario analysis for Stocks X and Y to answer Problems <image_1> /n <ocr>image_1 ocr text: Bear Market NormalMarket BullMarket Probability 0.2 0.5 0.3 StockX 20% 18% 50% Stock Y 15% 20% 10%</ocr>,Probabilities for three states of the economy and probabilities for the returns on a particular stock in each state are shown in the table below.<image_2>What is the probability that the economy will be neutral and the stock will experience poor performance?,,,,,,,,,table,"The probability that the economy will be neutral is 0.50, or 50%. Given a neutral economy, the stock will experience poor performance 30% of the time. The probability of both poor stock performance and a neutral economy is therefore:
0.30 × 0.50 = 0.15 = 15%",,hard,open question,portfolio management,english,268,4,0,,,,,,,release_basic_txt,english_268,hard_open question_portfolio management,hard_open question
749,english_297_3_r3,"A large corporation issued both fixed and floating-rate notes 5 years ago, with terms given in the following table:<image_1> /n <ocr>image_1 ocr text: 9%Coupon Notes Floating-Rate Note Issue size $250 million $280 million Original maturity 20years 10 years Current price % of par 93 98 Current coupon 9% 8% Coupon adjusts Fixed coupon Every year Coupon reset rule 1-year T-bill rate+2% Callable 10 years after issue 10 years after issue Call price 106 102.50 Sinking fund None None Yield to maturity 9.9% Price range since issued $85-$112 $97-$102</ocr>",Is the probability of a call for the fixed-rate note high or low?,,,,,,,,,table,The fixed-rate note to maturity is greater than the coupon rate.,"The fixed-rate note currently sells at only 88% of the call price, so that yield to maturity is greater than the coupon rate. Call risk is currently low, since yields would need to fall substantially for the firm to use its option to call the bond",easy,open question,fixed income,english,297,3,0,,,,,,,release_basic_txt,english_297,easy_open question_fixed income,easy_open question
469,english_216_1_r3,"Robert Harding is a portfolio manager at ValleyRise, a hedge fund based in the United
States. Harding monitors the portfolio alongside Andrea Yellow, a junior analyst.
ValleyRise only invests in equities, but Harding is considering other asset classes to
add to the portfolio, namely derivatives, fixed income, and currencies. Harding and
Yellow meet to discuss their trading strategies and price benchmarks.
Harding begins the meeting by asking Yellow about factors that affect the selection
of an appropriate trading strategy. Yellow tells Harding:
Statement 1 Trading with greater urgency results in lower execution risk.
Statement 2 Trading larger size orders with higher trade urgency reduces
market impact.
Statement 3 Securities with high rates of alpha decay require less aggressive
trading to realize alpha.
After further discussion about Yellow’s statements, Harding provides Yellow a list
of trades that he wants to execute. He asks Yellow to recommend a price benchmark.
Harding wants to use a benchmark where the reference price for the benchmark is
computed based on market prices that occur during the trading period, excluding
trade outliers.
Earlier that day before the meeting, Yellow believed that the market had underreacted
during the pre- market trading session to a strong earnings announcement from
ABC Corp., a company that Yellow and Harding have been thoroughly researching for
several months. Their research suggested the stock’s fair value was $90 per share, and
the strong earnings announcement reinforced their belief in their fair value estimate.
Right after the earnings announcement, the pre- market price of ABC was $75.
Concerned that the underreaction would be short- lived, Harding directed Yellow to
buy 30,000 shares of ABC stock. Yellow and Harding discussed a trading strategy,
knowing that ABC shares are very liquid and the order would represent only about
1% of the expected daily volume. They agreed on trading a portion of the order at the
opening auction and then filling the remainder of the order after the opening auction.
The strategy for filling the remaining portion of the order was to execute trades at
prices close to the market price at the time the order was received.
Harding and Yellow then shift their conversation to XYZ Corp. Harding tells
Yellow that, after extensive research, he would like to utilize an algorithm to purchase
some shares that are relatively liquid. When building the portfolio’s position in XYZ,
Harding’s priority is to minimize the trade’s market impact to avoid conveying information
to market participants. Additionally, Harding does not expect adverse price
movements during the trade horizon.
Harding and Yellow conclude their meeting by comparing trade implementation
for equities with the trade implementation for the new fixed- income, exchange- traded
derivatives, and currency investments under consideration. Yellow tells Harding:
Reading 25 ■ Trade Strategy and Execution
297
Statement 4 Small currency trades and small exchange-traded
derivatives
trades are typically implemented using the direct market access
(DMA) approach.
Statement 5 The high-touch
agency approach is typically used to execute
large, non-urgent
trades in fixed-income
and exchange-traded
derivatives markets.
The next day, Harding instructs Yellow to revisit their research on BYYP, Inc.
Yellow’s research leads her to believe that its shares are undervalued. She shares her
research with Harding, and at 10 a.m. he instructs her to buy 120,000 shares when
the price is $40.00 using a limit order of $42.00.
The buy-side
trader releases the order for market execution when the price is
$40.50. The only fee is a commission of $0.02 per share. By the end of the trading
day, 90,000 shares of the order had been purchased, and BYYP closes at $42.50. The
trade was executed at an average price of $41.42. Details about the executed trades
are presented in Exhibit 1.

<image_1>
While the buy-side
trader executes the BYYP trade, Harding and Yellow review
ValleyRise’s trade policy document. After reviewing the document, Yellow recommends
several changes: 1) add a policy for the treatment of trade errors; 2) add a policy that
ensures over-the-
counter
derivatives are traded on venues with rules that ensure
minimum price transparency; and 3) alter the list of eligible brokers to include only
those that provide execution at the lowest possible trading cost. /n <ocr>image_1 ocr text: Exhibit 1 BYYP Trade Execution Details Trades Execution Price Shares Executed Trade 1 $40.75 10,000 Trade 2 $41.25 30,000 Trade 3 $41.50 20,000 Trade 4 $41.75 30,000 Total 90,000</ocr>",Which of Yellow’s statements regarding the trade implementation of non-equity investments is correct?,"['A. Only Statement 4' 'B. Only Statement 5'
 'C. Both Statement 4 and Statement 5']",,,,,,,,table,A,"A is correct. Small currency trades are usually implemented using direct market access (DMA). Buy-side traders generally use DMA for exchange-traded derivatives, particularly for smaller trades.",hard,multiple-choice,portfolio management,english,216,1,0,,,,,,,release_basic_txt,english_216,hard_multiple-choice_portfolio management,hard_multiple-choice
203,english_161_1_r3,"The Arbuckel family office was formed 10 years ago following the family’s sale of its minority ownership interest in a National Football League (NFL) franchise. The family office was created to formally manage the family’s investment affairs. The family’s investment portfolio has traditionally consisted of money market funds, corporate bonds, publicly traded US large-cap stocks, and equity small-cap mutual funds. Glen Arbuckel, the patriarch of the family, and his daughter, Jenna Arbuckel-Davis, co-manage the family office. They are considering adding alternative investments to the portfolio. They have hired Bill Clarke of Snyder Capital Management to provide independent investment counseling.
Clarke states that alternative investments typically include real estate, private equity, commodities, hedge funds, managed futures, and distressed securities. Arbuckel’s intention is to select private equity as the family’s first alternative investment because he believes that private equity is similar in nature to the ownership structure of NFL teams.
Clarke also states that alternative investments create some issues for private wealth investors that are distinct from those created by traditional investments. For example, consideration of decision risk will help the investor maintain his intended time horizon throughout the life of the alternative investment. Tax issues are not necessarily more complex because current income and capital appreciation are the primary sources of return for both alternative and traditional investments. Clarke notes that determining the suitability of an alternative investment is equally complex for both private wealth investors and institutional investors.
Arbuckle-Davis mentions an interest in venture capital and asks Clarke to discuss the venture capital timeline. Clarke illustrates the stage characteristics of a company as it evolves from a formative-stage company to an expansion-stage company. Arbuckel-Davis studies the various stage characteristics and decides that the best opportunities are investments that support the initial expansion of a company already producing and selling a product.
To invest in private equity, Clarke states that direct investment in an acquired company typically includes the purchase of common equity and convertible preferred stock. Other sources of capital for an acquired company include bank debt and senior notes. In terms of payment priority, in the event of an acquired company’s liquidation, bank debt and senior notes are normally senior to both convertible preferred stock and common equity, and convertible preferred stock is senior to common equity. When an acquired company is sold at a favorable price, bank debt, senior notes, and convertible preferred stock receive only promised payments whereas common equity earns very large returns.
Arbuckel suggests to his daughter that a private equity fund of funds may be more suitable than direct investment. He explains that the family would benefit from the ability of the fund manager to select worthy investments and maintain active involvement in those investments. Clarke notes that the compensation of a fund manager typically
consists of a flat management fee plus an incentive fee arrangement. He states that the incentive fee arrangement normally includes a profit-sharing component for the general partner, a hurdle rate for the limited partner, and a return of fees by the general partner to the limited partner based on the performance of the fund over the investment timeline . Clark illustrates by providing three examples of an incentive fee arrangement, as shown in Exhibit 1.

<image_1>


Clarke cautions that the strategy for a private equity investment should be formulated before any investment decision is made. The questions to consider with respect to the family’s investment policy statement include:
Question 1: How will the choice of the exit strategy affect the return objective?
Question 2: How will the limited secondary market affect the liquidity constraint?
Question 3: How will the capital call commitment period affect the time horizon constraint? /n <ocr>image_1 ocr text: Exhibit 1 Examples of Incentive Fee Arrangements Example A Example B Example C 20% Carriedinterest 20% 20% Clawback escrow Yes No Yes Preferred return 8% 8% 7%</ocr>",Which benchmark bias least likely exists for the alternative investment Arbuckel has selected,"['A. Survivorship bias' 'B. Infrequent market transactions'
 'C. Vintage year effect']",,,,,,,,table,A,"Answer = A . Survivorship bias is an interpretation issue commonly associated with Managed Futures and Hedge Funds, not private equity.",medium,multiple-choice,alternative investments,english,161,1,0,,,,,,,release_basic_txt,english_161,medium_multiple-choice_alternative investments,medium_multiple-choice
260,english_171_6_r3,"The Kohler Family Foundation, an entity not subject to taxes, partially supports the financing of annual operating expenses for Kohler College . In addition to these annual costs, the Foundation has just committed itself to partially fund five different campus building renovation projects over the next 15 years, including student housing renovations in three dormitories and the expansion of classroom wings in two academic buildings.
Because of these new financial commitments, the Foundation’s investment committee, chaired by Frederick Schumacher, has decided to engage ECU Investment Management for advice on changing the Foundation’s portfolio asset allocation.
Thomas Roth, a senior investment consultant at ECU, conducts an introductory meeting with Schumacher to examine the Foundation’s asset allocation.
Schumacher explains to Roth:
“Our investment committee has discussed the necessity for changes to our approach to strategic asset allocation. We believe that these three standards should drive the Foundation’s strategic asset allocation and we want your opinion of them:
Standard 1: Our allocation should include long-term exposures to the systematic risks of the various asset classes.
Standard 2: Asset class weights should satisfy our investment objectives and constraints.
Standard 3: Perceived disequilibriums in markets in a given period should affect our asset weightings in the subsequent period.”
Roth states: “Your future building renovation projects indicate that an asset/liability management (ALM) approach to the Foundation’s strategic asset allocation would be appropriate . ALM seeks to adopt the optimal asset allocation in relationship to funding financial obligations.”
Schumacher replies:
“That seems to be an intelligent suggestion. I imagine the following three outcomes would result from adopting that approach:
Outcome 1: We would have a higher allocation to fixed income.
Outcome 2: The global market equilibrium portfolio would be our default asset allocation to which we would make adjustments to meet our future liabilities.
Outcome 3: Portfolio risk control related to our future spending needs would likely not be very precise.”
Roth inquires: “Can you explain how the Foundation has approached asset allocation in the past ? I would also like to understand your asset class specification methods.”

Schumacher explains: “Historically, our portfolio has comprised a diversified collection of domestic large-cap equities. We now believe we should diversify into additional asset classes, such as domestic mid-cap and small-cap equities. I have listed the asset classes we are considering in Exhibit 1 for your review.”


<image_1>


Schumacher observes: “Asset classes 4, 5, and 6 all have low correlations with equities . For diversification purposes, does it really make a difference which one we add?”
Roth comments: “We believe the addition of asset classes to your existing equity portfolio should be done with the goal of achieving a mean–variance improvement when including the new asset class. The Foundation should invest a major portion of the portfolio internationally, diversified across asset classes. As an example, our ECU Global Tactical Allocation Fund invests in non–US dollar (USD) equities, fixed income, and real estate, as well as in real return assets, such as commodities. The primary inputs to our tactical asset allocation decisions are a long-term outlook for the next three to five years and a six-month short-term forecast for each asset class. The weighted foreign currency exposure of our equities and fixed income mirrors the US Dollar Index, and we value our real estate and real return assets in USD. Exhibit 2 shows our fund’s strategic asset allocation weightings plus investment return and currency forecasts.”

<image_2>


Note: Short-term US Dollar Index forecast versus weighted currencies in portfolio: +3%.
Schumacher says: “I have the following three concerns with respect to investing internationally:
Concern 1: In times of market stress, diversification benefits can be drastically reduced.
Concern 2: Capital in some countries does not flow freely across borders, which can result in increased market segmentation.
Concern 3: Traditional mean–variance analysis may not apply.”
Roth replies: “Your concerns pertain to conditional correlation, market integration, and the efficient frontier; however, they are not all necessarily disadvantages.” /n <ocr>image_1 ocr text: Exhibit 1 Asset Class Correlations and 12-Month Sharpe Ratios Agricultural All LargeMidSmall Municipal Sharpe Asset Class Commodities Commodities Cap Cap Cap Bonds Ratio Index Index 1 Large cap 1 2.31 2 Mid cap 0.992 1 2.1 3 Small cap 0.978 0.983 1 2.54 Agricultural 4 Commodities 0.112 0.112 0.094 1 0.998 Index All Commodities 5 0.102 0.0950.085 0.553 1 0.026 Index Taxable 6 0.109 0.119 0.117 0.108 0.146 1 -0.055 municipal Bonds/nimage_2 ocr text: Exhibit 2 ECU Global Tactical Allocation Fund Asset class Asset weightings LT Outlook ST Forecast Developed market equities 55% 9.00% 12% Developed market fixed income 25% 3.00% 0% International real estate 10% 11.00% 12% Real return assets 15% 4.00% 7% Note: Short-term US Dollar Index forecast versus weighted currencies in portfolio: +3%</ocr>",Schumacher's concern about international investments that Roth might find advantageous most likely pertains to:,"['A. conditional correlation.' 'B. the efficient frontier.'
 'C. market integration.']",,,,,,,,table,C,"Answer = C.
The lack of market integration (or the absence of free cross-border capital flows) can be an advantage if it increases market segmentation and helps prevent correlations with other markets from rising. Increased integration of markets can decrease diversification benefits, whereas returns in segmented markets will be influenced mostly by a specific country’s own macroeconomy and will be less subject to changes in correlations when volatility increases. Global correlations tend to increase in times of increased volatility and even appear to be conditional on global volatility. The efficient frontier and traditional mean–variance analysis using unconditional correlations would not apply because correlations remain low when returns are high but become high when returns are negative.",hard,multiple-choice,portfolio management,english,171,6,0,,,,,,,release_basic_txt,english_171,hard_multiple-choice_portfolio management,hard_multiple-choice
1301,english_452_2_r3,"Refer to the notation and contextual assumptions provided in <image_1>. Suppose that $c_{1}$, $c_{2}$, and $c_{3}$ are the prices of European call options with strike prices $K_{1}$, $K_{2}$, and $K_{3}$, respectively, where $K_{3}>K_{2}>K_{1}$ and $K_{3}- K_{2} = K_{2}- K_{1}$. All options have the same maturity. /n <ocr>image_1 ocr text: In this chapter,we will make assumptions similar to those made when deriving forward and futures prices in Chapter 5.We assume that there are some market participants, such as large investment banks,for which the following statements are true: 1.There are no transaction costs. 2.All trading profits net of trading losses) are subject to the same tax rate. 3.Borrowing and lending are possible at the risk-free interest rate. We assume that these market participants are prepared to take advantage of arbitrage opportunities as they arise.As discussed in Chapters 1 and 5, this means that any available arbitrage opportunities disappear very quickly.For the purposes of our analysis, it is therefore reasonable to assume that there are no arbitrage opportunities. We will use the following notation: SoCurrent stock price K: Strike price of option T:Time to expiration of option STStock price on the expiration date r Continuously compounded risk-free rate of interest for an investment maturing in time T C:Value of American call option to buy one share PValue of American put option to sell one share c:Value of European call option to buy one share p:Value of European put option to sell one share It should be noted that r is the nominal risk-free rate of interest,not the real risk-free rate of interest. The proxies used by the market for the risk-free rate of interest were discussed in Chapter 4.A simple arbitrage argument suggests that r > O and this is the 2 The real rate of interest is the rate of interest earned after adjustment for the effects of inflation. For example,if the nominal rate of interest is 3% and inflation is 2%,the real rate of interest is approximately 1%.</ocr>",Is the cost of a butterfly spread created from European puts identical to the cost of a butterfly spread created from European calls?,,,,,,,,,screenshot,Yes,"Define $c_{1}$, $c_{2}$, and $c_{3}$ as the prices of calls with strike prices $K_{1}$, $K_{2}$, and $K_{3}$. Define $p_{1}$, $p_{2}$, and $p_{3}$ as the prices of puts with strike prices $K_{1}$, $K_{2}$, and $K_{3}$. With the usual notation
 <ans_image_2>
 The cost of a butterfly spread created using European calls is therefore exactly the same as the cost of a butterfly spread created using European puts.",hard,open question,derivatives,english,452,2,0,,,,,,,release_basic_txt,english_452,hard_open question_derivatives,hard_open question
1355,english_474_2_r3,"The variable S is an investment asset providing income at rate q measured in currency A. It follows the process $dS = \mu_S Sdt + \sigma_S S dz$ in the real world. The following images contain background information.<image_1><image_2> <image_3><image_4><image_5><image_6> /n <ocr>image_1 ocr text: The market price of risk of a variable defines the trade-offs between risk and return for traded securities dependent on the variable.When there is one underlying variable,a derivative's excessreturnovertherisk-freerate equals the marketprice ofrisk multiplied by the derivative's volatility.When there are manyunderlying variables,the excess return is the sum of the market price of risk multiplied by the volatility for each variable A powerful tool in the valuation of derivatives is risk-neutral valuation.This was introduced in Chapters 13 and 15.The principle of risk-neutral valuation shows that,if we assume that the world is risk neutral when valuing derivatives,we get the right answer-not just in a risk-neutral world, but in all other worlds as well. In the traditional risk-neutral world, the market price of risk of all variables is zero.This chapter has extended the principle of risk-neutral valuation.It has shown that, when interest rates are stochastic, there are many interesting and useful alternatives to the traditional risk-neutral world. A martingale is a zero drift stochastic process.Any variable following a martingale has the simplifying property that its expected value at any future time equals its value today.The equivalent martingale measure result shows that,if g is a security price,there is a world in which the ratio f/g is a martingale for all security prices f. It turns out that,by appropriately choosing the numeraire security g,the valuation of many interest rate dependent derivatives can be simplified./nimage_2 ocr text: 28.1THEMARKETPRICE OF RISK We start by considering the properties of derivatives dependent on the value of a single variable 0.Assume that the process followed by  is ep zps+pu= (28.1) e where dz is a Wiener process.The parameters m and s are the expected growth rate in  and the volatility of ,respectively.We assume that they depend only on  and time t. The variable O need not be the price of an investment asset.It could be something as far removed from financial markets as the temperature in the center of New Orleans. Suppose that fi and f are the prices of two derivatives dependent only on  and t. These can be options or other instruments that provide a payoff in the future equal to some function of 0.Assume that during the time period under consideration fi and f2 provide no income. Suppose that the processes followed by fi and f are dfi zplo+1p= fi and df2 dt+dz f2 where 1and  are functions of  and t.Thedzin these processes must be the same dz as in equation 28.1) because it is the only source of the uncertainty in the prices of fi and f2 The prices fi and f can be related using an analysis similar to the Black-Scholes analysis described in Section 15.6.The discrete versions of the processes for fi and f are Af=fit+fz (28.2) Af=ft+2f2z (28.3) We can eliminate the z by forming an instantaneously riskless portfolio consisting of 2f2 of the first derivative and - fi of the second derivative.If  is the value of the portfolio,then II=f2f-fif (28.4) and AI=offi-fif2 Substituting from equations 28.2)and 28.3),this becomes I=fif-fift (28.5)/nimage_3 ocr text: Because the portfolio is instantaneously riskless, it must earn the risk-free rate.Hence, AII=rIIt Substituting into this equation from equations (28.4 and (28.5) gives 2-1=r2-r1 or M1-r (28.6) 1 62 Note that the left-hand side of equation 28.6) depends only on the parameters of the process followed by fiand the right-hand side depends only on the parameters of the process followed by f2.Define A as the value of each side in equation 28.6),so that M-r 1 2/nimage_4 ocr text: Dropping subscripts,equation (28.6) shows thatif fis the price of a derivative dependent only on A and t with df zpo+1pd= (28.7) then a (28.8) The parameter A is known as the market price of risk of o.In the context of portfolio performance measurement, it is known as the Sharpe ratio.) It can be dependent on both e and t, but it is not dependent on the nature of the derivative f. Our analysis shows that, for no arbitrage -r)/ must at any given time be the same for all derivatives that are dependent only on A and t. The market price of risk of A measures the trade-offs between risk and return that are made for securities dependent on 0.Equation (28.8) can be written (28.9) -r=/nimage_5 ocr text: The variable  can be loosely interpreted as the quantity of 0-risk present in f.On the right-hand side of the equation,the quantity of -risk is multiplied by the price of A-risk.The left-hand side is the expected return,in excess of the risk-free interest rate, that is required to compensate for this risk.Equation (28.9 is analogous to the capital asset pricing model, which relates the expected excess return on a stock to its risk. This chapter will not be concerned with the measurement of the market price of risk.This will be discussed in Chapter 36 when the evaluation of real options is considered. It is natural to assume that ,the coefficient of dz,in equation 28.7) is the volatility of f.In fact, can be negative.This will be the case when f is negatively related to  so that af/ao is negative.It is the absolute value  of  that is the volatility of f.One way of understanding this is to note that the process for f has the same statistical properties when we replace dz by -dz. Chapter 5 distinguished between investment assets and consumption assets. An investment asset is an asset that is bought or sold purely for investment purposes by some investors.Consumption assets are held primarily for consumption.Equation(28.8)/nimage_6 ocr text: is true for all investment assets that provide no income and depend only on 0.If the variable  itself happens to be such an asset, then m- =A S But, in other circumstances, this relationship is not necessarily true. Example 28.1 Consider a derivative whose price is positively related to the price of oil and depends on no other stochastic variables. Suppose that it provides an expected return of 12% per annum and has a volatility of 20% per annum.Assume that the risk-free interest rate is 8% per annum.It follows that the market price of risk of oil is 0.120.08 =0.2 0.2 Note that oil is a consumption asset rather than an investment asset,so its market price of risk cannot be calculated from equation 28.8)by setting  equal to the expected return from an investment in oil and  equal to the volatility of oil prices. Example 28.2 Consider two securities,both of which are positively dependent on the 90-day interest rate.Suppose that the first one has an expected return of 3% per annum and a volatility of 20% per annum,and the second one has a volatility of30% per annum.Assume that the instantaneous risk-free rate of interest is 6% per annum The market price of interest rate risk is, using the expected return and volatility for the first security, 0.030.06 0.15 0.2 From a rearrangement of equation (28.9),the expected return from the second security is, therefore, 0.060.15X0.3=0.015 or 1.5% per annum.</ocr>","Defining new variables as necessary, give the process followed by S,and the corresponding market price of risk, in a world that is the traditional risk-neutral world for currency B. What is the value of market price of dz -risk?",,,,,,,,,screenshot,$\rho_{QS}\sigma_{Q}$,"This statement implies that the interest rate has a negative market price of risk. Since bond prices and interest rates are negatively correlated, the statement implies that the market price of risk for a bond price is positive. The statement is reasonable. When interest rates increase, there is a tendency for the stock market to decrease. This implies that interest rates have negative systematic risk, or equivalently that bond prices have positive systematic risk.
 In the traditional risk-neutral world for currency B, the process is $dS = (r-q+\rho_{QS}\sigma_{S} \sigma{Q})Sdt + \sigma_S Sdz$, where Q is the exchange rate (units of A per unit of B), $\sigma_Q$ is the volatility of Q and
 $\rho_{QS}$ is the coefficient of correlation between Q and S . The market price of dz -risk is $\rho_{QS}\sigma_Q$",hard,open question,derivatives,english,474,2,0,,,,,,,release_basic_txt,english_474,hard_open question_derivatives,hard_open question
174,english_155_3_r3,"Val Mishum is a senior manager at Stone Bancorp, Inc. She, and two of her colleagues, Peg Todd and Nat Filbert, have just joined the in-house pension investment committee which oversees the investment process for Stone’s defined-benefit plan. As a team, they will help the investment committee measure overall return, consider benchmarks and evaluate outside investment managers. Todd initiates a discussion of the use of benchmarks applicable to various fund managers including hedge funds.


Todd:
“We should match the passive and active managers with the appropriate security market index. Any benchmark or index we use should fit the specific needs of the sponsor (Stone Bancorp) rather than just the manager. Also, excluding the hedge funds, the indexes should be widely available.”
Filbert:
“An appropriate benchmark will have risks similar to that of an active manager’s portfolio allowing us to better identify and reduce active risk exposure. If the benchmark and manager risk levels are aligned, we are indifferent whether positive excess returns are achieved by skill or by luck.”
Mishum:
“For active equity portfolios, we should at least be able to attribute returns to security selection or industry bets.”
Mishum’s team reviews report summaries of recent overall investment results of the pension plan account (Exhibit 1) and the performance of the equity managers (Exhibit 2). The account experienced significant cash flows only in April and December.

<image_1>

Using the data in Exhibit 1, Filbert calculates an overall annual return of –2.2% while Mishum calculates a return of –1.8% for the year. The team verifies the return calculations and discusses why they differ:
Mishum:
“When evaluating project returns with cash flows, I was taught to use the internal rate of return (IRR). It accounts for the cash flows yet is not influenced by their timing.”
Filbert:
“You have calculated the time-weighted rate of return (TWR), whereas I have calculated the money-weighted rate of return (MWR).”
Todd:
“The money-weighted return should exceed the time-weighted return because the cash flows occurred at favorable times.”
The team then considers the prior year’s investment performance of the equity managers.


After reviewing the equity manager data in Exhibit 2, Todd comments that he is most impressed with the manager whose active return was the highest for those whose investment style was out of favor over the period.
Six months later, Stone Bancorp announces a merger with another bank. When the deal closes, Stone will freeze and terminate the existing defined benefit pension plan. Employees will have access to a different plan with the new owner. The sponsor clarifies the pension obligations after these events as follows:
■■
No new employees will be added to the plan and existing vested employees willno longer accrue additional benefits.
■■
Current retired beneficiaries will continue to receive their normal flat, monthlypayments. They do not have any option for a lump sum distribution.
■■
Due to expected terminations including certain highly compensated executives,lump-sum distributions within a year are estimated to be about 15% of thecurrent plan value.
■■
The plan will be funded at 105% of ABO when terminated and no additionalfuture contributions are expected.
■■
Actuaries identify the duration of estimated payouts excluding lump-sum distributions to be 14 years.
■■
The estimated return necessary to meet the obligations of the plan is 3.9%.
Mishum, Filbert, and Todd evaluate Stone’s new situation and work toward settingup a new benchmark that will mimic the obligations and risk of the terminated plan going forward. The benchmark structure will drive the realignment of the investments.
Mishum:
“We should design a benchmark that includes several bond funds, some inflation-sensitive securities, has a weighted average duration of 14 years, and sufficient liquidity to meet the lump sum payouts.”
Todd:
“I think we should identify a 3.9% required return as the primary objective since that estimate includes all of the expected payouts including inflation adjustments. We then select an assortment of asset classes that meet this required return while minimizing risk as much as possible.”
Filbert:
“Although you both make good points, the primary emphasis should be Sharpe style analysis. We should control investment risk using optimization procedures.”

<image_2> /n <ocr>image_1 ocr text: Exhibit1 Stone Bancorp Pension Prior Calendar Year Investment Results Value in $ Large Cash Flows in $ Millions Date Millions Contribution Distribution January 1 248 April 20 232 April 21, after contribution 241 9 December 31,after 245 7 distributions/nimage_2 ocr text: Exhibit2 Active Equity Manager Performance for Prior Year Portfolio Return Benchmark Return Active Manager Style or Segment (%) Benchmark Index (%) Buck Growth Large Cap Growth 7.3 S&P 500 Growth 6.9 Doe Value Large Cap Value 9.7 S&P500 Value 9.1 Fawn Small-Cap Small Cap Blend 7.5 Russell 2000 7.4 Market Index is theWilshire 5000 8.2</ocr>","Following Stone’s merger and the resultant changes in its pension plan, which team member best describes a returns-based benchmark?",['A. Todd' 'B. Filbert' 'C. Mishum'],,,,,,,,table,B,"B is correct. Filbert describes a returns-based benchmark. To create a returns-based benchmark using Sharpe style analysis, an optimization procedure is used in which the portfolio’s sensitivities are forced to be non-negative and sum to 1. Todd describes an absolute return benchmark. Mishum describes a liability-based benchmark.",hard,multiple-choice,portfolio management,english,155,3,0,,,,,,,release_basic_txt,english_155,hard_multiple-choice_portfolio management,hard_multiple-choice
400,english_199_2_r3,"A Sydney-based
fixed-income
portfolio manager is considering the following
Commonwealth of Australia government bonds traded on the ASX (Australian
Stock Exchange):

<image_1>

The manager is considering portfolio strategies based upon various interest rate
scenarios over the next 12 months. She is considering three long-only
government
bond portfolio alternatives, as follows:
Bullet: Invest solely in 4.5-year
government bonds
Barbell: Invest equally in 2-year
and 9-year
government bonds
Equal weights: Invest equally in 2-year,
4.5-year,
and 9-year
bonds /n <ocr>image_1 ocr text: Tenor Coupon Yield Price Modified Duration Convexity 2y 5.75% 0.28% 110.90 1.922 4.9 4.5y 3.25% 0.55% 111.98 4.241 22.1 9y 2.50% 1.10% 111.97 8.175 85.2</ocr>","The manager estimates that accelerated economic growth in Australia will increase the level of government yields-to- maturity by 50 bps. Under this scenario, which of the three portfolios experiences the smallest decline in market value?","['A. Bullet portfolio' 'B. Barbell portfolio'
 'C. Equally weighted portfolio']",,,,,,,,table,A,"A is correct. The change in portfolio value due to a rise in Australian government rate levels may be calculated using Equation 3: %ΔPVFull ≈ −(ModDur × ΔYield) + [½ × Convexity × (ΔYield)2], where ModDur and Convexity reflect portfolio duration and convexity, respectively. Therefore, the bullet portfolio declines by 2.093%, or −2.093% = (−4.241 × 0.005) + [0.5 × 22.1 × (0.0052)], followed by a drop of 2.343% for the equally weighted portfolio, or −2.343% = (−4.779 × 0.005) + [0.5 × 37.4 × (0.0052)], and a drop of 2.468% for the barbell portfolio, or −2.468% = (−5.049 × 0.005) + [0.5 × 45.05 × (0.0052)].",easy,multiple-choice,fixed income,english,199,2,0,,,,,,,release_basic_txt,english_199,easy_multiple-choice_fixed income,easy_multiple-choice
669,english_258_4_r3,"Diana Prince, a senior analyst at the Themyscira Wealth Advisory (TWA), a firm based in UK. One
of TWA’s clients is a large pension fund of DaMi Corporation, its CEO Ares Lei is considering
adding an equity strategy into the pension’s portfolio, and he asks Prince to initiate a manager
selection process. Prince begins the selection process by defining feasible manager universe and
makes the following statements:
Statement 1: One approach to build a universe of managers is excluding managers based on
historical risk-adjusted returns.
Statement 2: When defining this manager universe, the selection process should identify the
benchmark against which managers will be evaluated.
Statement 3: It’s an efficient way to use third-party categorizations of managers to find those
that might fill the desired role in the portfolio.
After building the appropriate manager universe, Prince inspects the risk attribution
approach to apply for evaluating those candidate managers. One of the candidate managers is
Manager J. Manager J specializes in timing sector exposure and generally avoids idiosyncratic
risks within sectors. Using technical analyses and econometric methodologies, she produces
several types of forecasts. The manager uses this information to determine appropriate sector
weights. The risk contribution from any single sector is limited to 20% of total portfolio risk. She
hedges aggregate market risk and seeks to earn T-bills plus 200 bps.
Prince also prepares the following estimates of Manager J’s 10-year risk-adjusted-performance.
<image_1>
As a part of the investment due diligence process, Prince interviews those candidate
managers. During the interview, Manager U, one of the managers, tells Prince that he captures
alpha by identifying and exploiting structural inefficiencies that are created by external or
internal rules and regulations.
Manager U also states that if the inefficiency is a unique event that occurs infrequently, and
the level of gross return is greater than the amount of transaction costs and expenses, and the
aggregate value of all assets affected by the inefficiency is larger than the AUM of the manager
and its competitors, then the investment process of exploiting a structural inefficiency is
repeatable.
Another client of TWA is a foundation, which is considering investing in a fixed income fund
called Wonder Fund. Barry Allen, the CIO of the foundation investment committee, asks Prince to review the performance results of the fund. Prince conducts an exposure decomposition analysis.
Exhibit 2 below gives the Wonder Fund’s attribution results.
<image_2> /n <ocr>image_1 ocr text: Exhibit 1 Upside capture 82.0% Downside capture 65.5% Maximum drawdown -31% Drawdown duration 4 months/nimage_2 ocr text: Exhibit 2 Exposure Decomposition:Attribution Results Total Duration Duration Curve Interest Sector Bond Sector Total Bucket Effect Effect Rate Allocation Selection Allocation Government 0.00% 0.00% Short Corporate 0.06% 0.00% 0.04% Total 0.40% 0.11% 0.50% 0.06% 0.00% 0.57% Government 0.00% 0.00% Mid Corporate 0.00% 0.00% -0.05% Total 0.37% 0.09% 0.46% 0.00% 0.00% 0.46% Government 0.00% 0.00% Long Corporate -0.15% 0.10% -0.09% Total -1.46% 0.24% -1.22% -0.15% 0.10% -1.27% Total -0.70% 0.44% -0.26% -0.08% 0.10% -0.25%</ocr>",Which of Manager U’s statements is least likely the reason to pursue the inefficiency,"['A. The nature of the inefficiency' 'B. The level of gross return'
 'C. The aggregate value of all assets affected by the inefficiency']",,,,,,,,table,A,"Solution: A.
The infrequent nature of the inefficiency suggests that the inefficiency is probably not
worthwhile to pursue.",hard,multiple-choice,portfolio management,english,258,4,0,,,,,,,release_basic_txt,english_258,hard_multiple-choice_portfolio management,hard_multiple-choice
234,english_167_2_r3,"Alexandra Sorenson has been made an investment strategist at Culpepper Investment Management (Culpepper) after working as a senior investment analyst the past several years. Sorenson has covered US equities throughout her career and has only limited knowledge of international capital markets. She is reviewing the economic and capital markets forecast report recently prepared by Culpepper’s economist as she evaluates the holdings in the firm’s investment portfolio.
Exhibit 1 compares growth projections based on the economist’s outlook for the United States and EuroCountryX.

<image_1>


Sorenson discusses the valuation of the EuroCountryX Stock Index with Stefan Dreschler, a fellow investment strategist. The Index comprises mature, large-cap common equities. Sorenson plans to use the Cobb–Douglas model, assuming constant returns to scale, to estimate the country’s GDP growth. Given the mature nature of the economy and the market index, growth in both inflation-adjusted earnings and dividends is expected to equal real GDP growth. The current year annual dividend of the EuroCountryX Stock Index is €133.
Sorenson assumes that a 6.0% discount rate is appropriate for the foreseeable future and calculates the fair value of the Index at 31 December.
Sorenson comments to Dreschler:
“I see that at the end of December this year, the index was trading nearly 20% above its level a year ago. What do you think may have caused the price gain?”
The two continue discussing what changes Sorenson might face in her new position. She asks Dreschler:
“What challenges do we face when using discounted dividend models and macroeconomic forecasts to estimate the intrinsic value of an equity market in a developing country?”
Dreschler responds by making several points:
· Discount rates are relatively easy to estimate, whereas growth rates are difficult to estimate.
· Corporate profit trends should be relatively consistent with the overall growth of the country’s GDP.
· Gathering accurate and consistent economic data could be a challenge.


As an investment analyst, Sorenson is experienced with bottom-up analysis but realizes that top-down analysis will now be important. She asks Dreschler what they should consider when comparing the two approaches. Dreschler makes the following points:
· Top-down analysis can be slower than bottom-up analysis in detecting cyclical turns.
· Top-down estimates coming out of a recession may be less optimistic than bottom-up estimates.
· We should expect to get the same results regardless of which method we use.
Sorenson is interested in learning how earnings-based and asset-based relative value models can be used to better manage the firm’s investment portfolio. She first asks Dreschler to compare the Yardeni and Fed models. Dreschler responds by making these points:
· The Yardeni model assumes that the required rate of return on equity equals the T-bond yield.
· Although the Yardeni model captures a greater portion of the risk premium than the Fed model, it still does not accurately measure equity risk.
· Both the Yardeni model and the Fed model are consistent in the way they measure the earnings growth rate.
Sorenson decides to calculate Tobin’s q and determine the relative value of the market assuming an equilibrium level of approximately 1.0. Exhibit 2 provides partial information about the US economy that will be useful in her analysis.

<image_2> /n <ocr>image_1 ocr text: Exhibit 1 20 Year Growth Projections Growth in Output Growth in Growth in Total Factor Country Elasticity of|Capital Stock Labor Input. Productivity Capital (%) (%) (%) United States 1.1 0.3 3.9 0.4 EuroCountryX 1 0.4 3.1 0.1/nimage_2 ocr text: Exhibit 2 Nonfinancial Corporate Business as of 31 December ($ billions) Assets Liabilities Equity Book value 20,424 5,424 Market value 24,000 14,954 Replacement value 26,000 na na Note: na means not applicable</ocr>",Dreschler's most appropriate response to Sorenson's question about the change in value of the EuroCountryX Index is that there was a decrease in the,"['A. long-term, real dividend growth rate.'
 'B. discount rate over the period.' 'C. dividends paid.']",,,,,,,,table,B,"Answer = B. The most likely cause of the price gain was a decrease in the discount rate over the period. Given the mature nature of the economy and companies in the Index, it is unlikely that the estimate of long-term real dividend growth or dividend payouts changed much, if at all.",medium,multiple-choice,economics,english,167,2,0,,,,,,,release_basic_txt,english_167,medium_multiple-choice_economics,medium_multiple-choice
1002,english_356_1_r3,"Consider the following: <image_1>, /n <ocr>image_1 ocr text: Risk-free rate in the United States 0.04/vear Risk-free rate in Australia 0.03/year Spot exchange rate 1.67A$/$</ocr>","If the futures market price is 1.63 A$/$, how could you arbitrage?","['A. Borrow Australian dollars in Australia, convert them to dollars, lend the proceeds in the United States, and enter futures positions to purchase Australian dollars at the current futures price.'
 'B. Borrow U.S. dollars in the United States, convert them to Australian dollars, lend the proceeds in Australia, and enter futures positions to sell Australian dollars at the current futures price.'
 'C. Borrow U.S. dollars in the United States and invest them in the U.S. and enter futures positions to purchase Australian dollars at the current futures price.'
 'D. Borrow Australian dollars in Australia and invest them there, then convert back to U.S. dollars at the spot price.'
 'E. There is no arbitrage opportunity.']",,,,,,,,table,B,"E0(1 + rUS) - F0(1 + rA); use the U.S. dollar values for the currency: 0.5988(1.04) - 0.6135(1.03) = -0.009153; when relationship is negative, action b will result in arbitrage profits.",easy,multiple-choice,derivatives,english,356,1,0,,,,,,,release_basic_txt,english_356,easy_multiple-choice_derivatives,easy_multiple-choice
418,english_205_1_r3,"Three years ago, the Albright Investment Management Company (Albright) added four
new funds—the Barboa Fund, the Caribou Fund, the DoGood Fund, and the Elmer
Fund—to its existing fund offering. Albright’s new funds are described in Exhibit 1.
<image_1>
Hans Smith, an Albright portfolio manager, makes the following notes after
examining these funds:
Note 1 The fee on the Caribou Fund is a 15% share of any capital appreciation
above a 7% threshold and the use of a high-water
mark.
Note 2 The DoGood Fund invests in Fleeker Corporation stock, which is rated
high in the ESG space, and Fleeker’s pension fund has a significant
investment in the DoGood Fund. This dynamic has the potential for a
conflict of interest on the part of Fleeker Corporation but not for the
DoGood Fund.
Note 3 The DoGood Fund’s portfolio manager has written policies stating
that the fund does not engage in shareholder activism. Therefore,
the DoGood Fund may be a free-rider
on the activism by these
shareholders.
Note 4 Of the four funds, the Elmer Fund is most likely to appeal to investors
who want to minimize fees and believe that the market is efficient.
Note 5 Adding investment-grade
bonds to the Elmer Fund will decrease the
portfolio’s short-term
risk.
Smith discusses means of enhancing income for the three funds with the junior
analyst, Kolton Frey, including engaging in securities lending or writing covered calls.
Frey tells Smith the following:

Statement 1 Securities lending would increase income through reinvestment
of the cash collateral but would require the fund to miss out on
dividend income from the lent securities.
Statement 2 Writing covered calls would generate income, but doing so would
limit the upside share price appreciation for the underlying
shares. /n <ocr>image_1 ocr text: Exhibit1 Albright Investment Management CompanyNew Funds Fund Fund Description Barboa Fund Invests solely in the equity of companies in oil production and transportation industries in many countries. Caribou Fund Uses an aggressive strategy focusing on relatively new, fast- growing companies in emerging industries. DoGood Fund Investment universe includes all US companies and sectors that have favorable environmental, social, and governance (ESG) rat ings and specifically excludes companies with products or services related to aerospace and defense. Elmer Fund Investments selected to track the S&P 50o Index.Minimizes trad ing based on the assumption that markets are efficient.</ocr>",The Barboa Fund can be best described as a fund segmented by:,['A. size/style' 'B. geography' 'C. economic activity'],,,,,,,,table,C,"C is correct. The Barboa Fund invests solely in the equity of companies in the oil production and transportation industries in many countries. The fund’s description is consistent with the production-oriented approach, which groups companies that manufacture similar products or use similar inputs in their manufacturing processes. A is incorrect because the fund description does not mention the firms’ size or style (i.e., value, growth, or blend). Size is typically measured by market capitalization and often categorized as large cap, mid-cap, or small cap. Style is typically classified as value, growth, or a blend of value and growth. In addition, style is often determined through a “scoring” system that incorporates multiple metrics or ratios, such as price-to- book ratios, price-to- earnings ratios, earnings growth, dividend yield, and book value growth. These metrics are then typically “scored” individually for each company, assigned certain weights, and then aggregated. B is incorrect because the fund is invested across many countries, which indicates that the fund is not segmented by geography. Segmentation by geography is typically based upon the stage of countries’ macroeconomic development and wealth. Common geographic categories are developed markets, emerging markets, and frontier markets.",medium,multiple-choice,equity,english,205,1,0,,,,,,,release_basic_txt,english_205,medium_multiple-choice_equity,medium_multiple-choice
325,english_183_6_r3,"Anna Lehigh, is a portfolio manager for Brown and White Capital Management (B&W), a US-based institutional investment management firm whose clients include university endowments. Packer College is a small liberal arts college whose endowment is managed by B&W. Lehigh is considering a number of derivative strategies to tactically adjust the Packer portfolio to reflect specific investment viewpoints discussed at a meeting with Packer’s investment committee. At the meeting, the committee reviews Packer’s current portfolio, whose characteristics are shown in Exhibit 1.

<image_1>

Kemal Gulen, a member of the investment committee, asks Lehigh how she manages the risk exposure of the call options investment. Lehigh responds by stating that she ensures that her call option positions are delta hedged. She notes, however, that in some instances, at an option’s expiration, the option gamma is very high and maintaining a delta hedged position becomes very difficult. Lehigh intends to synthetically modify the duration of the corporate bond component of the portfolio to a target of 3.0 in anticipation of rising interest rates. Interest rate swap data are provided in Exhibit 2.

<image_2>

Lehigh notes the holding of Mountain Hawk common stock. The shares were recently donated by an alumnus who mandated that they not be sold for three years. Lehigh provides three potential options strategies to use in order to benefit from changes in Mountain Hawk’s stock price, which is presently $100.00. Options strategies are provided in Exhibit 3.

<image_3>


Lehigh tells the committee she believes US large-cap stocks will perform well over the next year. The committee agrees and wants B&W to adjust the beta of the US large-cap part of the portfolio to a target of 1.10 by purchasing large-cap futures contracts. Lehigh proposes purchasing 15 contracts. For each contract, the beta is 1.00 and the price is $100,000. The committee is concerned that Europe’s sovereign debt crisis may lead to volatility in European stock markets and the euro currency. It considers the hedging strategies outlined in Exhibit 4

<image_4>

Finally, Lehigh discusses B&W’s market view that over the next 24 months, mid-cap stocks will underperform small-cap stocks and the Libor rate will be less than the percentage increase in the small-cap index but greater than the percentage change in the mid-cap index. She recommends executing a swap transaction in order to alter the stock and bond allocation and thus capture the economic benefit of B&W’s market view. The investment committee considers the swap strategies outlined in Exhibit 5.

<image_5> /n <ocr>image_1 ocr text: Exhibit 1:Packer Portfolio Characteristics Amount Investment Risk Measure ($ millions) Mountain Hawk, Inc. common stock. 20 Beta: 1.30 US large-cap stocks 30 Beta:0.95 US mid-cap stocks 10 Beta:1.20 Eurozone large-cap stocks (unhedged, Us$ equivalent) 10 Beta: 1.10 S&P 500 Index call options (notional amount). 10 Delta: 0.50 A rated corporate bonds 20 Duration: 5.0 Total 100/nimage_2 ocr text: Exhibit 2:Pay-Fixed Interest Rate Swaps Swap Maturity Duration A 2 years 2.125 B 3 years 3.375 C 3.5 years 3.625/nimage_3 ocr text: Exhibit 3:Options Strategies for Mountain Hawk Stock Lower Strike Upper Strike Strategy (US dollars) (US dollars) Straddle 95 95 Bull (call) spread 105 110 Bear(put) spread 90 100/nimage_4 ocr text: Exhibit 4:Hedging Strategies Strategy Forwards Futures Sell euro and buy US. 1 Buy US stock market. dollars Sell euro and buy US. Sell European stock 2 dollars market Buy euro and sell us. Sell European stock 3 dollars market/nimage_5 ocr text: Exhibit 5: Swap Strategies Swap Strategies Receive Pay Swap 1 Libor Mid-cap index Swap 2 Mid-cap index Small-cap index Swap 3 Small-cap index Libor</ocr>","Which of the following swaps will least likely capture the greatest economic benefit, based on the committee's 24-month market view",['A. Swap 1' 'B. Swap 3' 'C. Swap 2'],,,,,,,,table,C,Answer = C. Receiving the underperforming index (mid cap) and paying the outperforming index (small cap) will result in a net negative payment.,hard,multiple-choice,derivatives,english,183,6,0,,,,,,,release_basic_txt,english_183,hard_multiple-choice_derivatives,hard_multiple-choice
1212,english_424_8_r3,"You have been provided the following data about the securities of three firms, the market portfolio, and the risk-free asset:
 <image_1>
 *With the market portfolio. /n <ocr>image_1 ocr text: Security Expected Return Standard Deviation Correlation* Beta FirmA .10 .31 (i) .85 Firm B .14 (ii) .50 1.40 Firm C .16 .65 .35 (ii) The market portfolio .12 .20 (iv) (1) The risk-free asset .05 (vi) (vii) (vii)</ocr>",Fill in the missing values in (viii).,,,,,,,,,table,0,The beta of the risk-free asset is 0.,easy,open question,portfolio management,english,424,8,0,,,,,,,release_basic_txt,english_424,easy_open question_portfolio management,easy_open question
611,english_246_5_r3,"Fig Tree Management (FTM) is a global asset management firm. Currently, it offers four funds for
its retail investors, fund descriptions are presented in Exhibit 1.
Han Solo is a portfolio manager with FTM and collects the following notes on the funds in
Exhibit 1.
<image_1>
Note 1: Acore Fund is constructed with full replication, defined as a 95% match to the index.
Note 2: Beto Fund is constructed with stratified sampling and also utilizes security lending.
Note 3: Charm Fund is constructed with optimization and utilizes security lending.
Note 4: Deal Fund utilizes aggressive shareholder engagement strategies.
Note 5: All funds charge a single management fee that covers all costs to investors in that fund.
Solo is also interested in the degree of security specific risk diversification within FTM's
portfolios. He asks the portfolio managers for the Herfindahl-Hirschman index (HHI) for each of
three portfolios. Each portfolio use some form of market cap or free float weighting.
The HHI results are shown in Exhibit 2.
<image_2>
One of Solo's clients is a large foundation that uses multiple managers and strategies. The
Board of Trustees for the foundation relies on Solo and FTM for advice on manager and strategy
allocation. The board asks Solo to evaluate the performance of one of their managers. Solo
collects the data in Exhibit 3.
<image_3>
At his next meeting with the board, Solo discusses the results of his analysis. One of the
board members askes about a new index manager he has heard of. The manager describes his
process as focused on dividends, P/E and a size factor. The board member says, ""This sounds like an active manager and not a passive index manager."" Solo promises to look into it before their
next meeting. /n <ocr>image_1 ocr text: Exhibit1 Fund Fund Description Acore Fund Fully passive investment in USmarket Beto Fund Passive investment in global developed markets Charm Fund Passive with active tilt investing in multiple frontier and emerging markets Deal Fund An active global portfolio covering all geographic sectors/nimage_2 ocr text: Exhibit 2 HHICalculations Portfolio 1 0.043 Portfolio 2 0.0055 Portfolio 3 0.002/nimage_3 ocr text: Exhibit 3 Manager and Benchmark Data Manager Sector Benchmark Sector Sector Sector Returns Weights Weights Information technology 10.00% 35.00% 25.00% Consumer staples 4.40% 25.00% 25.00% Energy -1.30% 20.00% 25.00% Financials 2.00% 20.00% 25.00%</ocr>","Regarding the manager who describes his process as ""focused on dividends, P/E, and a size factor,"" Solo will most likely conclude that the manager","['A. cannot be a passive index manager'
 'B. could be using fundamental factors to replicate the index'
 'C. uses a blended indexing approach of optimization within cells']",,,,,,,,table,B,"Solution: B.
While not a conventional approach to index replication, it is possible that this manager replicates
index performance through replicating risk factors. Dividend (yield), P/E ratio, and size (market
cap) are common equity risk factors. Therefore, B is correct, and A is incorrect. A combination
approach of optimization within each cell of cell matching is a combination approach but there is
nothing to indicate the manager looks at cell weights of market cap versus value/growth",easy,multiple-choice,equity,english,246,5,0,,,,,,,release_basic_txt,english_246,easy_multiple-choice_equity,easy_multiple-choice
427,english_207_4_r3,"The Mackenzie Education Foundation funds educational projects in a four-state
region
of the United States. Because of the investment portfolio’s poor benchmark-relative
returns, the foundation’s board of directors hired a consultant, Stacy McMahon, to
analyze performance and provide recommendations.
McMahon meets with Autumn Laubach, the foundation’s executive director, to
review the existing asset allocation strategy. Laubach believes the portfolio’s underperformance
is attributable to the equity holdings, which are allocated 55% to a US
large-capitalization
index fund, 30% to an actively managed US small-cap
fund, and
15% to an actively managed developed international fund.
Laubach states that that the board is interested in following a passive approach
for some or all of the equity allocation. In addition, the board is open to approaches
that could generate returns in excess of the benchmark for part of the equity allocation.
McMahon suggests that the board consider following a passive factor-based
momentum strategy for the allocation to international stocks.

McMahon observes that the benchmark used for the US large-cap
equity component
is a price-weighted
index containing 150 stocks. The benchmark’s Herfindahl–
Hirschman Index (HHI) is 0.0286.
McMahon performs a sector attribution analysis based on Exhibit 1 to explain the
large-cap
portfolio’s underperformance relative to the benchmark.
<image_1>
The board decides to consider adding a mid-cap
manager. McMahon presents
candidates for the mid-cap
portfolio. Exhibit 2 provides fees and cash holdings for
three portfolios and an index fund.<image_2> /n <ocr>image_1 ocr text: Exhibit 1 Trailing 12-Month Us Large-Cap Returns and Foundation/ BenchmarkWeights Sector Foundation Benchmark Sector Sector Returns Sector Weights Weights Information technology 10.75% 18.71% 19.06% Consumer staples 12.31% 16.52% 16.10% Energy 8.63% 9.38% 9.53% Utilities 3.92% 8.76% 8.25% Financials 7.05% 6.89% 6.62%/nimage_2 ocr text: Exhibit 2 Characteristics of Us Mid-Cap Portfolios and Index Fund Portfolio1 Portfolio 2 Portfolio 3 Index Fund Fees 0.10% 0.09% 0.07% 0.03% Cash holdings 6.95% 3.42% 2.13% 0.51%</ocr>","Using a sector attribution analysis based on Exhibit 1, which US large-cap sector is the primary contributor to the portfolio’s underperformance relative to the benchmark?",['A. Utilities' 'B. Consumer staples' 'C. Information technology'],,,,,,,,table,C,"C is correct. Based on this analysis, the US large-cap portfolio’s information technology sector is the primary contributor to the portfolio’s disappointing equity returns because it provided the largest negative differential relative to the benchmark, with a differential of −0.04%. Although the information technology sector had a positive return, this sector was underweighted relative to the benchmark, resulting in a negative contribution to the portfolio’s returns.",easy,multiple-choice,equity,english,207,4,0,,,,,,,release_basic_txt,english_207,easy_multiple-choice_equity,easy_multiple-choice
1105,english_391_3_r3,"Suppose the following two independent investment 
 opportunities are available to Relax, Inc. The appropriate discount rate is 8.5 percent.
 <image_1> /n <ocr>image_1 ocr text: Year Project Alpha Project Beta 0 $2,100 $3,700 - 1,200 800 2 1,100 2,300 3 900 2,900</ocr>",Which project(s) should the company accept based on the profitability index rule?,,,,,,,,,table,Project Beta,"According to the profitability index, you would accept Project Beta. However, remember the profitability index rule can lead to an incorrect decision when ranking mutually exclusive projects.",easy,open question,corporate finance,english,391,3,0,,,,,,,release_basic_txt,english_391,easy_open question_corporate finance,easy_open question
448,english_211_2_r3,"Ayanna Chen is a portfolio manager at Aycrig Fund, where she supervises assistant
portfolio manager Mordechai Garcia. Aycrig Fund invests money for high-net-
worth
and institutional investors. Chen asks Garcia to analyze certain information relating
to Aycrig Fund’s three sub-managers,
Managers A, B, and C.
Manager A has $250 million in assets under management (AUM), an active risk
of 5%, an information coefficient of 0.15, and a transfer coefficient of 0.40. Manager
A’s portfolio has a 2.5% expected active return this year.
Chen directs Garcia to determine the maximum position size that Manager A can
hold in shares of Pasliant Corporation, which has a market capitalization of $3.0 billion,
an index weight of 0.20%, and an average daily trading volume (ADV) of 1% of
its market capitalization.
Manager A has the following position size policy constraints:
■■ Allocation: No investment in any security may represent more than 3% of total
AUM.
■■ Liquidity: No position size may represent more than 10% of the dollar value of
the security’s ADV.
■■ Index weight: The maximum position weight must be less than or equal to 10
times the security’s weight in the index.
Manager B holds a highly diversified portfolio that has balanced exposures to
rewarded risk factors, high active share, and a relatively low active risk target.
Selected data on Manager C’s portfolio, which contains three assets, is presented
in Exhibit 1.
<image_1>
Chen considers adding a fourth sub-manager
and evaluates three managers’ portfolios,
Portfolios X, Y, and Z. The managers for Portfolios X, Y, and Z all have similar
costs, fees, and alpha skills, and their factor exposures align with both Aycrig’s and
investors’ expectations and constraints. The portfolio factor exposures, risk contributions,
and risk characteristics are presented in Exhibits 2 and 3.
<image_2>
<image_3>
Chen and Garcia next discuss characteristics of long–short and long-only
investing.
Garcia makes the following statements about investing with long–short and
long-only
managers:
Statement 1 A long–short portfolio allows for a gross exposure of 100%.
Statement 2 A long-only
portfolio generally allows for greater investment
capacity than other approaches, particularly when using strategies
that focus on large-cap
stocks.
Chen and Garcia then turn their attention to portfolio management approaches.
Chen prefers an approach that emphasizes security-specific
factors, engages in factor
timing, and typically leads to portfolios that are generally more concentrated than
those built using a systematic approach. /n <ocr>image_1 ocr text: Exhibit 1 Selected Data on Manager C's Portfolio Covariance Portfolio Standard Weight Deviation Asset1 Asset2 Asset3 Asset 1 30% 25.00% 0.06250 0.01050 0.00800 Asset 2 45% 14.00% 0.01050 0.01960 0.00224 Asset 3 25% 8.00% 0.00800 0.00224 0.00640/nimage_2 ocr text: Exhibit 2 Portfolio Factor Exposures and Factor Risk Contribution Factor Exposure Factor Risk Contribution Portfolio Portfolio Portfolio Portfolio Portfolio Portfolio x Y Z x Y Z Market 1.07 0.84 1.08 103% 82% 104% Size 0.13 0.15 0.12 -2% 7% -3% Value 0.04 0.30 0.05 -5% 18% -6% Momentum 0.08 0.02 0.07 7% -3% 7% Quality 0.10 0.35 0.11 -4% -21% -5% Unexplained 1% 17% 3% Total n/a n/a n/a 100% 100% 100%/nimage_3 ocr text: Exhibit3 Portfolio Risk Characteristics Portfolio X Portfolio Y Portfolio Z Annualized volatility 10.50% 13.15% 15.20% Annualized active risk 2.90% 8.40% 4.20% Active share 0.71 0.74 0.63</ocr>","Which of the following position size policy constraints is the most restrictive in
setting Manager A’s maximum position size in shares of Pasliant Corporation?",['A. Liquidity' 'B. Allocation' 'C. Index weight'],,,,,,,,table,A,"A is correct. The maximum position size in shares of Pasliant Corporation (PC) is determined by the constraint with the lowest dollar amount. The maximum position size for PC under each constraint is calculated as follows: Liquidity Constraint Dollar value of PC traded daily = PC market cap × Average daily trading volume Dollar value of PC traded daily = $3 billion × 1.0% = $30 million Liquidity constraint = Dollar value of PC traded daily × Liquidity % threshold Liquidity constraint = $30 million × 10% = $3 million Allocation Constraint Allocation constraint = AUM × Maximum position size threshold Allocation constraint = $250 million × 3.0% = $7.5 million Index Weight Constraint Index weight constraint = AUM × (Index weight × 10) Index weight constraint = $250 million × (0.20% × 10) = $5.0 million The liquidity constraint of $3.0 million is less than both the $5.0 million index weight constraint and the $7.5 million allocation constraint. Therefore, the maximum allowable position size that Manager A may take in PC is $3.0 million.",hard,multiple-choice,equity,english,211,2,0,,,,,,,release_basic_txt,english_211,hard_multiple-choice_equity,hard_multiple-choice
1041,english_369_4_r3,"For the general one-period model <image_1>, we call the beginning of the period time zero and the end of the period time one. At time zero, we have
a stock whose price per share we denote by $S_0$, a positive quantity known at time zero. At time one, the price per share of this stock will be one of two
positive values, which we denote $S_1(H)$ and $S_1(T)$, the $H$ and $T$ standing for head and tail, respectively. Thus, we are imagining that a coin is tossed,
and the outcome of the coin toss determines the price at time one. We do not assume this coin is fair (i.e., the probability of head need not be one-half).
We assume only that the probability of head, which we call $p$, is positive, and the probability of tail, which is $q = 1 - p$, is also positive.

The outcome of the coin toss, and hence the value which the stock price will take at time one, is known at $t$ ime one but not at time zero. We shall
refer to any quantity not known at time zero as ran dom because it depends on $t$ he random experiment of tossing a coin. We introduce the two positive numbers $u = \frac{S_1(H)}{S_0}, \quad d = \frac{S_1(T)}{S_0}$. We assume that $d < u$; We refer to $u$ as the \textit{up factor} and $d$ as the \textit{down factor}. 


We introduce also an \textit{interest rate} $r$. One dollar invested in the money
market at time zero will yield \$1 + r$ dollars at time one. Conversely, one dollar
borrowed from the money market at time zero will result in a debt of \$1 + r$
at time one. In particular, the interest rate for borrowing is the same as the
interest rate for investing. It is almost always true that $r > 0$, and this is the
case to keep in mind. 

An essential feature of an efficient market is that if a trading strategy can
turn nothing into something, we can be sure the possibility of loss. Otherwise,
there would be an \textit{arbitrage}. More specifically, we define \textit{arbitrage} as a trading
strategy that begins with no money, has zero probability of losing money,
and has a positive probability of making money. A mathematical model that
admits arbitrage cannot be used for analysis.  /n <ocr>image_1 ocr text: SH)=uSo So S(T) = dSo Fig.1.1.1.General one-period binomial model.</ocr>","One way to solve these two equations, in the previous question, is to multiply the first
by a number $\tilde{p}$ and the second by $\tilde{q} = 1 - \tilde{p}$ and then add them to get a function of $V_1(H), V_1(T)$, what is it exactly?",,,,,,,,,chart,$\frac{1}{1 + r} [ \tilde{p} V_1(H) + \tilde{q} V_1(T) ]$,$X_0 + \Delta_0 \left( \frac{1}{1 + r} [ \tilde{p} S_1(H) + \tilde{q} S_1(T) ] - S_0 \right) = \frac{1}{1 + r} [ \tilde{p} V_1(H) + \tilde{q} V_1(T) ].$,hard,open question,derivatives,english,369,4,0,,,,,,,release_basic_txt,english_369,hard_open question_derivatives,hard_open question
392,english_197_2_r3,"Cécile is a junior analyst for an international wealth management firm. Her supervisor,
Margit, asks Cécile to evaluate three fixed-income
funds as part of the firm’s global
fixed-income
offerings. Selected financial data for the funds Aschel, Permot, and
Rosaiso are presented in Exhibit 1. In Cécile’s initial review, she assumes that there is
no reinvestment income and that the yield curve remains unchanged.
<image_1>

After further review of the composition of each of the funds, Cécile makes the
following notes:
Note 1 Aschel is the only fund of the three that uses leverage.
Note 2 Rosaiso is the only fund of the three that holds a significant number of
bonds with embedded options.

Margit asks Cécile to analyze liability-based
mandates for a meeting with Villash
Foundation. Villash Foundation is a tax-exempt
client. Prior to the meeting, Cécile
identifies what she considers to be two key features of a liability-based
mandate.
Feature 1 It can minimize the risk of deficient cash inflows for a company.
Feature 2 It matches expected liability payments with future projected cash
inflows.
Two years later, Margit learns that Villash Foundation needs $5 million in cash to
meet liabilities. She asks Cécile to analyze two bonds for possible liquidation. Selected
data on the two bonds are presented in Exhibit 2.

<image_2> /n <ocr>image_1 ocr text: Exhibit 1 Selected Data on Fixed-Income Funds Aschel Permot Rosaiso Current average bond price $117.00 $91.50 $94.60 Expected average bond price in one $114.00 $96.00 $97.00 year (end of Year 1) Average modified duration 7.07 7.38 6.99 Average annual coupon payment $3.63 $6.07 $6.36 Present value of portfolio's assets $136.33 $68.50 $74.38 (millions) Bond type* Fixed-coupon bonds 95% 38% 62% Floating-coupon bonds 2% 34% 17% Inflation-linked bonds 3% 28% 21% Quality* AAA 65% 15% 20% BBB 35% 65% 50% B 0% 20% 20% Not rated 0% 0% 10% Value of portfolio's equity (millions) $94.33 Value of borrowed funds (millions) $42.00 Borrowing rate 2.80% Return on invested funds 6.20% *Bond type and quality are shown as a percentage of total for each fund./nimage_2 ocr text: Exhibit2 Selected Data for Bonds 1 and2 Bond 1 Bond2 Current market value $5,000,000 $5,000,000 Capital gain/loss $400,000 $400,000 Coupon rate 2.05% 2.05% Remaining maturity 8years 8 years Investment view Overvalued Undervalued Income tax rate 39% Capital gains tax rate 30%</ocr>","Based on Exhibit 1, the rolling yield of Aschel over a one-year investment horizon is closest to: <image_3>",['A. –2.56%' 'B. 0.54%' 'C. 5.66%'],,,,,,,,table,B,<ans_image_1>,hard,multiple-choice,fixed income,english,197,2,0,,,,,,,release_basic_txt,english_197,hard_multiple-choice_fixed income,hard_multiple-choice
204,english_161_2_r3,"The Arbuckel family office was formed 10 years ago following the family’s sale of its minority ownership interest in a National Football League (NFL) franchise. The family office was created to formally manage the family’s investment affairs. The family’s investment portfolio has traditionally consisted of money market funds, corporate bonds, publicly traded US large-cap stocks, and equity small-cap mutual funds. Glen Arbuckel, the patriarch of the family, and his daughter, Jenna Arbuckel-Davis, co-manage the family office. They are considering adding alternative investments to the portfolio. They have hired Bill Clarke of Snyder Capital Management to provide independent investment counseling.
Clarke states that alternative investments typically include real estate, private equity, commodities, hedge funds, managed futures, and distressed securities. Arbuckel’s intention is to select private equity as the family’s first alternative investment because he believes that private equity is similar in nature to the ownership structure of NFL teams.
Clarke also states that alternative investments create some issues for private wealth investors that are distinct from those created by traditional investments. For example, consideration of decision risk will help the investor maintain his intended time horizon throughout the life of the alternative investment. Tax issues are not necessarily more complex because current income and capital appreciation are the primary sources of return for both alternative and traditional investments. Clarke notes that determining the suitability of an alternative investment is equally complex for both private wealth investors and institutional investors.
Arbuckle-Davis mentions an interest in venture capital and asks Clarke to discuss the venture capital timeline. Clarke illustrates the stage characteristics of a company as it evolves from a formative-stage company to an expansion-stage company. Arbuckel-Davis studies the various stage characteristics and decides that the best opportunities are investments that support the initial expansion of a company already producing and selling a product.
To invest in private equity, Clarke states that direct investment in an acquired company typically includes the purchase of common equity and convertible preferred stock. Other sources of capital for an acquired company include bank debt and senior notes. In terms of payment priority, in the event of an acquired company’s liquidation, bank debt and senior notes are normally senior to both convertible preferred stock and common equity, and convertible preferred stock is senior to common equity. When an acquired company is sold at a favorable price, bank debt, senior notes, and convertible preferred stock receive only promised payments whereas common equity earns very large returns.
Arbuckel suggests to his daughter that a private equity fund of funds may be more suitable than direct investment. He explains that the family would benefit from the ability of the fund manager to select worthy investments and maintain active involvement in those investments. Clarke notes that the compensation of a fund manager typically
consists of a flat management fee plus an incentive fee arrangement. He states that the incentive fee arrangement normally includes a profit-sharing component for the general partner, a hurdle rate for the limited partner, and a return of fees by the general partner to the limited partner based on the performance of the fund over the investment timeline . Clark illustrates by providing three examples of an incentive fee arrangement, as shown in Exhibit 1.

<image_1>


Clarke cautions that the strategy for a private equity investment should be formulated before any investment decision is made. The questions to consider with respect to the family’s investment policy statement include:
Question 1: How will the choice of the exit strategy affect the return objective?
Question 2: How will the limited secondary market affect the liquidity constraint?
Question 3: How will the capital call commitment period affect the time horizon constraint? /n <ocr>image_1 ocr text: Exhibit 1 Examples of Incentive Fee Arrangements Example A Example B Example C 20% Carriedinterest 20% 20% Clawback escrow Yes No Yes Preferred return 8% 8% 7%</ocr>",Clarke's comments regarding alternative investment issues faced by private wealth investors are most likely correct with respect to:,['A. decision risk' 'B. tax issues' 'C. suitability'],,,,,,,,table,A,Answer = A. Decision risk is the risk that the investor will wish to change strategies at the point of maximum loss. It is important that advisors to private wealth clients be aware of not only the long term horizon but also intermediate points within the longer term time horizon.,medium,multiple-choice,alternative investments,english,161,2,0,,,,,,,release_basic_txt,english_161,medium_multiple-choice_alternative investments,medium_multiple-choice
29,english_23_1_r3,<ocr>image_1 ocr text: E(Rp) 12.00% Standard Deviation of P 7.20% T-Bill rate 3.60% Proportion of Complete Portfolio in P %08 Proportion of Complete Portfolio in T-Bills 20% Composition of P: StockA 40.00% StockB 25.00% StockC 35.00% Total 100.00%</ocr>,"Your client, Bo Regard, holds a complete portfolio that consists of a portfolio of risky assets (P) and T-Bills. The information below refers to these assets. <image_1> What is the equation of Bo's capital allocation line?","['A. E(rC) = 7.2 + 3.6 × Standard Deviation of P'
 'B. E(rC) = 3.6 + 1.167 × Standard Deviation of P'
 'C. E(rC) = 3.6 + 12.0 × Standard Deviation of P'
 'D. E(rC) = 0.2 + 1.167 × Standard Deviation of P'
 'E. E(rC) = 3.6 + 0.857 × Standard Deviation of P']",,,,,,,,chart,B,The intercept is the risk-free rate (3.60%) and the slope is (12.00% - 3.60%)/7.20% = 1.167.,easy,multiple-choice,portfolio management,english,23,1,0,,,,,,,release_basic_txt,english_23,easy_multiple-choice_portfolio management,easy_multiple-choice
747,english_297_1_r3,"A large corporation issued both fixed and floating-rate notes 5 years ago, with terms given in the following table:<image_1> /n <ocr>image_1 ocr text: 9%Coupon Notes Floating-Rate Note Issue size $250 million $280 million Original maturity 20years 10 years Current price % of par 93 98 Current coupon 9% 8% Coupon adjusts Fixed coupon Every year Coupon reset rule 1-year T-bill rate+2% Callable 10 years after issue 10 years after issue Call price 106 102.50 Sinking fund None None Yield to maturity 9.9% Price range since issued $85-$112 $97-$102</ocr>",Why is the price range greater for the 9% coupon bond than the floating-rate note?,,,,,,,,,table,The floating rate note pays a coupon that adjusts to market levels.,"The floating rate note pays a coupon that adjusts to market levels. Therefore, it will not experience dramatic price changes as market yields fluctuate. The fixed rate note will therefore have a greater price range.",easy,open question,fixed income,english,297,1,0,,,,,,,release_basic_txt,english_297,easy_open question_fixed income,easy_open question
1213,english_424_9_r3,"You have been provided the following data about the securities of three firms, the market portfolio, and the risk-free asset:
 <image_1>
 *With the market portfolio. /n <ocr>image_1 ocr text: Security Expected Return Standard Deviation Correlation* Beta FirmA .10 .31 (i) .85 Firm B .14 (ii) .50 1.40 Firm C .16 .65 .35 (ii) The market portfolio .12 .20 (iv) (1) The risk-free asset .05 (vi) (vii) (vii)</ocr>","Is the stock of Firm A correctly priced according to the capital asset pricing model (CAPM)? If this security is not correctly priced, what is your investment recommendation for someone with a well
 diversified portfolio?",,,,,,,,,table,"Firm A’s stock is overpriced, and you should sell it","Using the CAPM to find the expected return of the stock, we find:
 Firm A:
 E(RA) = Rf + \betaA[E(RM) – Rf]
 E(RA) = .05 + .85(.12 – .05)
 E(RA) = .1095, or 10.95%
 According to the CAPM, the expected return on Firm A’s stock should be 10.95 percent. However, the expected return on Firm A’s stock given in the table is only 10 percent. Therefore, Firm A’s stock is overpriced, and you should sell it.",easy,open question,portfolio management,english,424,9,0,,,,,,,release_basic_txt,english_424,easy_open question_portfolio management,easy_open question
607,english_246_1_r3,"Fig Tree Management (FTM) is a global asset management firm. Currently, it offers four funds for
its retail investors, fund descriptions are presented in Exhibit 1.
Han Solo is a portfolio manager with FTM and collects the following notes on the funds in
Exhibit 1.
<image_1>
Note 1: Acore Fund is constructed with full replication, defined as a 95% match to the index.
Note 2: Beto Fund is constructed with stratified sampling and also utilizes security lending.
Note 3: Charm Fund is constructed with optimization and utilizes security lending.
Note 4: Deal Fund utilizes aggressive shareholder engagement strategies.
Note 5: All funds charge a single management fee that covers all costs to investors in that fund.
Solo is also interested in the degree of security specific risk diversification within FTM's
portfolios. He asks the portfolio managers for the Herfindahl-Hirschman index (HHI) for each of
three portfolios. Each portfolio use some form of market cap or free float weighting.
The HHI results are shown in Exhibit 2.
<image_2>
One of Solo's clients is a large foundation that uses multiple managers and strategies. The
Board of Trustees for the foundation relies on Solo and FTM for advice on manager and strategy
allocation. The board asks Solo to evaluate the performance of one of their managers. Solo
collects the data in Exhibit 3.
<image_3>
At his next meeting with the board, Solo discusses the results of his analysis. One of the
board members askes about a new index manager he has heard of. The manager describes his
process as focused on dividends, P/E and a size factor. The board member says, ""This sounds like an active manager and not a passive index manager."" Solo promises to look into it before their
next meeting. /n <ocr>image_1 ocr text: Exhibit1 Fund Fund Description Acore Fund Fully passive investment in USmarket Beto Fund Passive investment in global developed markets Charm Fund Passive with active tilt investing in multiple frontier and emerging markets Deal Fund An active global portfolio covering all geographic sectors/nimage_2 ocr text: Exhibit 2 HHICalculations Portfolio 1 0.043 Portfolio 2 0.0055 Portfolio 3 0.002/nimage_3 ocr text: Exhibit 3 Manager and Benchmark Data Manager Sector Benchmark Sector Sector Sector Returns Weights Weights Information technology 10.00% 35.00% 25.00% Consumer staples 4.40% 25.00% 25.00% Energy -1.30% 20.00% 25.00% Financials 2.00% 20.00% 25.00%</ocr>",Which of the following three funds in Exhibit 1 most likely charges the highest management fee,['A. Acore Fund' 'B. Beto Fund' 'C. Charm Fund'],,,,,,,,table,C,"Solution: C.
Charm Fund is likely to be the most expensive fund to operate and therefore FTM will have to
charge a higher fee to investors. Charm involves some (undefined) active management elements
and it operates in the least developed markets (emerging and frontier) where operating expenses
are likely to be higher. Securities lending also adds complexity and increases costs for FTM. Acore
Fund is a fully passive approach to a single developed market and likely to have the lowest fee.
Beto Fund should fall in between as a passive approach with allocations to multiple (global)
developed markets.",easy,multiple-choice,equity,english,246,1,0,,,,,,,release_basic_txt,english_246,easy_multiple-choice_equity,easy_multiple-choice
200,english_160_3_r3,"Edvard Richards is president and sole owner of More Than Lumber Corporation (MTL), a privately held building materials company. Founded by the Richards family, the company has been run by Edvard Richards for over 40 years. Richards also owns investment real estate in the form of a warehouse unrelated to MTL, as well as 70,000 common shares of publicly traded Cintas (CTAS) that he inherited. He wants these two items to be considered concentrated positions.
Now 68, Richards is seeking advice on how to transition to retirement. He provides information about his holdings (Exhibit 1) to two competing financial advisers, Todd Adams and Linda Boshe:

<image_1>

Richards asks each adviser to apply a goal-based planning framework he has read about that uses three risk buckets: personal, market, and aspirational. As a first step, he estimates his own after-tax primary capital assuming that all assets are sold today and converted into cash. He asks the two advisers to assess his after-tax primary capital under the same assumptions (all three estimates are provided in Exhibit 2).

<image_2>


Richards wants to monetize and eliminate the concentration risk of his CTAS holding without paying taxes on capital gains and then invest the proceeds in a balanced portfolio. He notes the following comments in his discussions with the two advisers:

Richards: “My broker says he can arrange a cashless collar against CTAS or a short sale against the box. I understand that both methods will avoid incurring an immediate capital gain and both will expose me to the same level of market risk. I can borrow against the position in both cases and offset the cost of borrowing with the CTAS dividends.”
Adams: “We could help you complete a short against the box transaction. This strategy will provide a high loan-to-value (LTV) ratio and avoid counterparty risk. A total return equity swap has these same advantages. You can thus realize the economic gain on CTAS while deferring capital gains taxes.”
Boshe: “We suggest either a forward conversion with options or an equity forward sale. Either will achieve high LTV ratio monetization without incurring immediate capital gains taxes, and both methods avoid counterparty risk.”
Adams has strong connections to the real estate market and informs Richards that the market value estimate of $3 million for the warehouse is much too low. He advises Richards to consider reducing his real estate risk directly by, using the immediate cash inflows, net of tax liabilities and costs, to increase his stock and bond portfolios. Adams is confident he can arrange any of the following real estate offers:
1. Sell the warehouse for $4.8 million to an outside investor.
2. Enter into a recourse mortgage loan with the warehouse valued at $5.8 million by the lender and an LTV ratio of 80%.
3. Enter into a sale-and-leaseback, with the warehouse valued at $4.9 million and the first year’s rental payment of $150,000 payable at the start of the lease.
Boshe has strong connections to the investment banking community. Richards has authorized her to ascertain the level of interest for the sale of MTL. Boshe is confident she can arrange any of the following strategies:
MTL Strategy 1: A private equity firm can arrange to leverage MTL, paying Richards 40% of his estimated value of MTL (as shown in Exhibit 1), in cash up front and rolling the remaining 60% of the value into new shares that pay no dividends. Richards will stay on as president for five years, during which time he will help transition leadership to a new team. After five years, he will sell or monetize the remaining ownership.
MTL Strategy 2: A small but rapidly growing publicly traded building materials company is willing to acquire 100% ownership and pay Richards $7 million in cash up front and employee stock options that he can exercise after two years and that expire in five years. The public company is too small to support publicly traded stock options. Should the public company’s stock rise, Richards can exercise his employee stock options, which will be taxed as ordinary income. To protect the value of his appreciated stock while participating in further upside potential, he can purchase long-term protective put options on an industry ETF that closely tracks the building materials industry. If the public company’s stock subsequently drops along with the industry, he can sell the puts.
MTL Strategy 3: Create an employee stock ownership plan (ESOP) that would borrow sufficient funds to purchase 40% of Richards’ ownership. Richards would maintain upside potential in his retained shares, which could be sold at some point in the future. /n <ocr>image_1 ocr text: Exhibit 1 Richards's Values Cost Basis Asset Estimated Value ($ooo's) ($000's) Primary residence (no mortgage) 2,000 2,000 MTL Corp 11,000 2,000 Common stock (70,000 shares CTAS) 4,000 1,000 Warehouse 3,000 4,300 Municipal bond portfolio 3,000 3,150 Global All Cap Equity Fund 3,400 1,650 Cash equivalents 300 300 Tax Rates Capital gains tax rate = 20% Income tax rate = 40%/nimage_2 ocr text: Exhibit 2 Estimates of After-Tax Primary Capital ($000's) Richards 11,780 Adams 8,380 Boshe 11,640/nimage_3 ocr text: Asset Value Cost Gain= Tax= Net Value ($000's) ($000's) Value-Cost Gain x after tax 0.20($000's) ($000's) ($000's) Residence 2,000 2,000 0 0 2,000 Muni Bonds 3,000 3,150 (150) -30 3,030 Global Equities 3,400 1,650 1750 350 3,050 Cash Equivalents 300 300 0 0 300 TotalNet Value= 8,380</ocr>",Which of Adams's and Boshe's comments about counterparty risk is most accurate? The comment made by,"['A. Adams about the short sale against the box.'
 'B. Boshe about her proposed strategies.'
 'C. Adams about the total return equity swap.']",,,,,,,,screenshot,A,"Answer = A . Adams's statement about the short sale against the box is correct because it creates a riskless position. Although the forward conversion with options avoids counterparty risk, the equity forward sale and the total return equity swap use a derivatives dealer and thus include counterparty risk.",hard,multiple-choice,portfolio management,english,160,3,0,,,,,,,release_basic_txt,english_160,hard_multiple-choice_portfolio management,hard_multiple-choice
446,english_210_6_r3,"Monongahela Ap is an equity fund analyst. His manager asks him to evaluate three
actively managed equity funds from a single sponsor, Chiyodasenko Investment Corp.
Ap’s assessments of the funds based on assets under management (AUM), the three
main building blocks of portfolio construction, and the funds’ approaches to portfolio
management are presented in Exhibit 1. Selected data for Fund 1 is presented
in Exhibit 2.
<image_1>
<image_2>
Ap learns that Chiyodasenko has initiated a new equity fund. It is similar to Fund
1 but scales up active risk by doubling all of the active weights relative to Fund 1. The
new fund aims to scale active return linearly with active risk, but implementation
is problematic. Because of the cost and difficulty of borrowing some securities, the
new fund cannot scale up its short positions to the same extent that it can scale up
its long positions.
Ap reviews quarterly holdings reports for Fund 3. In comparing the two most
recent quarterly reports, he notices differences in holdings that indicate that Fund 3
executed two trades, with each trade involving pairs of stocks. Initially, Fund 3 held
active positions in two automobile stocks—one was overweight by 1 percentage point
(pp), and the other was underweight by 1pp. Fund 3 traded back to benchmark weights
on those two stocks. In the second trade, Fund 3 selected two different stocks that
were held at benchmark weights, one energy stock and one financial stock. Fund 3
overweighted the energy stock by 1pp and underweighted the financial stock by 1pp.
In Fund 3’s latest quarterly report, Ap reads that Fund 3 implemented a new formal
risk control for its forecasting model that constrains the predicted return distribution
so that no more than 60% of the deviations from the mean are negative. /n <ocr>image_1 ocr text: Exhibit1 Ap's Assessments ofFunds 1,2,and3 Fund Size Number of Fund Fund Category (AUM) Securities Description 1 Small-cap stocks Large Small Fund 1 focuses on skillfully timing exposures to factors,both rewarded and unrewarded, and to other asset classes.The fund's managers use timing skills to opportunistically shift their portfolio to capture returns from factors such as country, asset class,and sector.Fund 1 prefers to make large trades. 2 Large-cap stocks Large Large Fund 2 holds a diversified portfolio and is concentrated in terms of factors.It targets individual securities that reflect the manager's view that growth firms will outperform value firms Fund 2 builds up its positions slowly,using unlit venues when possible. 3 Small-cap stocks Small Large Fund 3 holds a highly diversified portfolio.The fund's managers start by evaluating the risk and return characteristics of indi vidual securities and then build their portfolio based on their stock-specific forecasts.Fund 3 prefers to make large trades/nimage_2 ocr text: Exhibit2 Selected Data for Fund 1 Factor Market Size Value Momentum Coefficient 1.080 0.098 -0.401 0.034 Variance of the market 0.00109 0.00053 0.00022 -0.00025 factor return and covari ances with the market factor return Portfolio's monthly standard deviation of returns 3.74%</ocr>","As a result of Fund 3’s two trades, the portfolio’s active risk most likely:",['A. decreased' 'B. remained unchanged' 'C. increased'],,,,,,,,table,C,"C is correct. Active risk is affected by the degree of cross-correlation. The correlation of two stocks in different sectors is most likely lower than the correlation of two stocks in the same sector. Therefore, the correlation of the energy/ financial pair is most likely lower than that of the automobile/automobile pair. Because both positions were implemented as an overweight and underweight, the lower correlation of the two stocks in the new position should contribute more to active risk than the two-stock position that it replaced.",hard,multiple-choice,equity,english,210,6,0,,,,,,,release_basic_txt,english_210,hard_multiple-choice_equity,hard_multiple-choice
195,english_159_3_r3,"Kate Baker is in charge of assessing investment managers hired by KTB Funds. KTB states its investment strategy as being adept at investing in undervalued securities in equity and debt markets. Baker is assisted by Trent Coates and Gerry Manders. The group are examining the performance (Exhibit 1) of three managers who separately specialize in large-cap, mid-cap, and small-cap equities.
In addition to overall return, Baker reminds the group that they also need to focus on whether the managers have been consistent with KTB’s investment strategy.

<image_1>
Given the under-performance of the small-cap fund, Baker and her assistants examine the investments being made in that fund. The fund holdings are primarily in stocks that trade infrequently and seldom have dealer quotes. Consequently, there is a concern that the small-cap benchmark may be inappropriate.
Coates suggests using a custom security-based benchmark that has the following criteria:
1 broadly representative of the small-cap market,
2 includes a cash position weighting, and
3 weighted according to the market capitalization of infrequently traded small cap stocks.
Baker and her assistants then turn their attention to the large-cap manager’s performance. The large-cap benchmark is viewed as being representative of the market portfolio that is used in the Capital Asset Pricing Model (CAPM). Upon gathering more information (Exhibit 2), they want to assess whether the large-cap manager is skillful based on the generation of ex-post alpha relative to the CAPM and having a ratio of active return relative to active risk being above 0.10.

<image_2>
Manders suggests using a performance quality control chart to assess the large-cap manager. He makes the following statements to support his point:
■■
such a chart utilizes a confidence band that widens with the time horizon.
■■
a skillful manager only needs to outperform the benchmark regularly with deviation within the confidence band.
■■
the analysis is based on three criteria: 1) an initial testable null hypothesis thatthe manager has no investment skill, 2) an assumption that value-added returnsare normally distributed and independent from period to period, and 3) anassumption that the manager’s investment process is consistent from period toperiod.
The group now turns its attention to three bond funds in which KTB holds positions (Exhibit 3). Similar to KTB’s equity strategy, the bond strategy is one of being adept at finding undervalued debt securities.

<image_3>
Coates asks Baker. “Given all of the assessment we are performing on equity and bond managers, what are the consequences of firing a manager?”
Baker answers, “The expense of frequent manager turnover is only of concern if we commit Type 2 errors. However, we should also be concerned with discontinuing the services of skillful managers solely based on our quantitative assessment metrics, which is an example of a Type I error. Consequently, in addition to quantitative assessment, we should also interview the fund manager face-to-face before either deciding to retain or terminate him or her, just as was done at the initial hire.” /n <ocr>image_1 ocr text: Exhibit1 Equity Manager Return Performance (%) Large-Cap Mid-Cap Small-Cap Portfolio Portfolio Portfolio Portfolio ex-post return 4.81 5.12 3.29 Benchmark ex-post return 3.35 5.08 6.13 Pure sector allocation return 1.52 0.12 0.27 Within-sector selection return 0.10 0.01 0.05 Interaction return -0.16 -0.07 -3.16/nimage_2 ocr text: Exhibit2 Large-Cap Portfolio Analysis Ex-Post Return Return Volatility (%) (%) CAPMBeta Portfolio 4.81 44.2 1.2 Benchmark 3.35 25.4 1.0 Risk-free security 0.65 0.0 0.0 Notes:The volatility of the difference between the portfolio and benchmark returns is 0.32.Return volatility is equivalent to return standard deviation/nimage_3 ocr text: Exhibit3 Bond Fund Return Performance (%) TQZ Bond MKK Bond BCM Bond Fund Fund Fund Benchmark Interest rate effect 0.95 0.95 0.95 0.95 Duration 0.42 0.02 0.62 0.00 Convexity 0.16 0.01 -0.15 0.00 Yield-curve shape 0.07 0.01 -0.10 0.00 change Sector/quality 0.01 0.16 0.23 0.00 Bond selectivity 0.02 0.57 0.25 0.00 Transaction costs 0.00 0.00 0.00 0.00 Trading activity 0.07 0.10 0.17 0.00 Total return 1.52 1.80 1.97 0.95</ocr>","Based on the information in Exhibit 2 and the criteria for active return, which of the following measures most likely indicates that the large-cap manager is skillful?",['A. Sharpe ratio' 'B. Treynor measure' 'C. Information ratio'],,,,,,,,screenshot,B,B is correct. <ans_image_1>,hard,multiple-choice,portfolio management,english,159,3,0,,,,,,,release_basic_txt,english_159,hard_multiple-choice_portfolio management,hard_multiple-choice
604,english_245_4_r3,"William Pugh is a portfolio manager for the pension plan of the FMJ Corporation. Pugh is
evaluating portfolio managers for the pension plan.
PMA Asset Management follows a passive investment strategy that is implemented using
ETF’s rather than conventional mutual funds. PMA proposes to offer a new index portfolio that
reflects the Russell 2000 small-cap value index. PMA indicates that the technique used to
construct the new index portfolio assumes that the factors used to explain stock returns are
uncorrelated.
ASM Partners is an active manager. A common strategy that ASM implements is a pairs trade
where they take equal long and short positions in two common stocks in a single industry. These
positions are constructed so that they have no correlation with equity market returns.
CKI Financial Advisors also follows an active portfolio strategy. CKI has an active risk of 6%,
an information coefficient of 0.2, and a transfer coefficient of 0.5. CKI’s portfolio has a 2.8%
expected active return this year. A portfolio analysis for CKI is provided below in Exhibit 1.
<image_1>
ECO Asset Management follows an ESG investment strategy, its Investment universe includes
all US companies and sectors that have favorable environmental, social, and governance (ESG)
ratings and specifically excludes companies with products or services related to tobacco and
defense.
The manager of ECO is considering advocating for the implementation of ESG standards
through activist investing, and he makes the following comments:
Plenty of activist managers focusing on ESG issues exist, managers of these strategies utilize
the same tactics as more traditional activist investors because they both typically have shorter
time horizons and take stakes in target companies greater than 10% of the target’s outstanding
equity. Some of these tactics include proposing significant changes in corporate governance,
seeking board representation and engaging in proxy contests. /n <ocr>image_1 ocr text: Exhibit 1 Portfolio Anavsis for CKI Portfolio Benchmark Number of Stocks 25 700 Weighted Average Market Cap $25 billion $50 billion Dividend Yield 3.7% 1.8% P/E 12 22 P/B 1.2 2.5 Projected EPS growth 8% 13%</ocr>","Based on the information presented in Exhibit 1, CKI Financial Advisors most likely follows a",['A. value strategy' 'B. growth strategy' 'C. core strategy'],,,,,,,,table,A,"Solution: A.
The CKI portfolio has a dividend yield that exceeds the benchmark dividend yield. The P/E and
P/B for the portfolio are less than the benchmark P/E and P/B. In addition, the forecast growth of
the portfolio is under the forecast growth of the benchmark. These factors indicate that CKI
manages a value portfolio.",medium,multiple-choice,equity,english,245,4,0,,,,,,,release_basic_txt,english_245,medium_multiple-choice_equity,medium_multiple-choice
481,english_219_3_r3,"Stephanie Tolmach is a consultant hired to create a performance attribution report
on three funds held by a defined benefit pension plan (the Plan). Fund 1 is a domestic
equity strategy, Fund 2 is a global equity strategy, and Fund 3 is a domestic fixed-income
strategy.
Tolmach uses three approaches to attribution analysis: the return-based,
holdings-based,
and transaction-based
approaches. The Plan’s investment committee asks
Tolmach to (1) apply the attribution method that uses only each fund’s total portfolio
returns over the last 12 months to identify return-generating
components of the
investment process and (2) include the impact of specific active investment decisions
and the attribution effects of allocation and security selection in the report.
Tolmach first evaluates the performance of Fund 1 by constructing a Carhart factor
model; the results are presented in Exhibit 1.
<image_1>
<image_2>
Tolmach turns her attention to Fund 2, constructing a region-based,
Brinson–
Fachler micro attribution analysis to evaluate the active decisions of the portfolio
manager. The results are presented in Exhibit 2.
<image_3>

Next, Tolmach evaluates Fund 3 and the appropriateness of its benchmark. The
benchmark is a cap-weighted
bond index with daily reported performance; the index
is rebalanced frequently, making it difficult to replicate. The benchmark has a meaningful
investment in foreign bonds, whereas Fund 3 invests only in domestic bonds.
In the final section of the report, Tolmach reviews the entire Plan’s characteristics,
asset allocation, and benchmark. Tolmach observes that the Plan’s benefits are no
longer indexed to inflation and that the workforce is, on average, younger than it was
when the current fund allocations were approved. Tolmach recommends a change in
the Plan’s asset allocation policy. /n <ocr>image_1 ocr text: Exhibit 1 Fund1 Factor Model Attribution Contribution to Active Factor Sensitivity Return Factor Proportion Portfolio Benchmark Difference Return Absolute of Active Factor* (1) (2) (3) (4) (3)x(4) Return RMRF 1.22 0.91 0.31 16.32% 5.06% 126.80% SMB 0.59 0.68 -0.09 3.25% 0.29% 7.33% HML 0.17 0.04 0.21 9.60% 2.02% -50.53% WML 0.05 0.07 -0.12 3.38% 0.41% 10.17% A.Factor Tilt Return: 6.96% -174.49%/nimage_2 ocr text: Exhibit1 (Continued) Contribution to Active Factor Sensitivity Return Factor Proportion Portfolio BenchmarkDifference Return Absolute of Active Factor* (1) (2) (3) (4) (3)x(4) Return B.Security Selection: -10.95% 274.49% C.Active ReturnA+B 3.99% 100.00% *RMRF is the return on a value-weighted equity index in excess of the one-month T-bill rate, SMB is the small minus big market capitalization factor, HML is the high minus low factor, and WML is the winners minus losers factor./nimage_3 ocr text: Exhibit2 Fund2 Performance-Allocation by Region Return Attribution Portfolio Benchmark Portfolio Benchmark (Region Level) Weight Weight Return Return North America 10.84% 7.67% 16.50% 16.47% Greater Europe 38.92% 42.35% 23.16% 25.43% Developed Asia and 29.86% 31.16% 11.33% 12.85% Australasia South America 20.38% 18.82% 20.00% 35.26% Total 100.00% 100.00% 18.26% 22.67%</ocr>","Based on Exhibit 1, the manager could have delivered more value to the portfolio during the investment period by weighting more toward:",['A. value stocks' 'B. small-cap stocks' 'C. momentum stocks'],,,,,,,,table,C,"C is correct. Had the manager weighted more toward momentum stocks during the period, the momentum factor (WML) return of 3.38% would have contributed positively to the portfolio. A is incorrect because the HML factor return was −9.60%; thus, weighting more toward value stocks would have detracted from portfolio returns. B is incorrect because the SMB factor return was −3.25%; thus, weighting more toward small-cap stocks would have detracted from portfolio returns.",hard,multiple-choice,portfolio management,english,219,3,0,,,,,,,release_basic_txt,english_219,hard_multiple-choice_portfolio management,hard_multiple-choice
1044,english_369_7_r3,"For the general one-period model <image_1>, we call the beginning of the period time zero and the end of the period time one. At time zero, we have
a stock whose price per share we denote by $S_0$, a positive quantity known at time zero. At time one, the price per share of this stock will be one of two
positive values, which we denote $S_1(H)$ and $S_1(T)$, the $H$ and $T$ standing for head and tail, respectively. Thus, we are imagining that a coin is tossed,
and the outcome of the coin toss determines the price at time one. We do not assume this coin is fair (i.e., the probability of head need not be one-half).
We assume only that the probability of head, which we call $p$, is positive, and the probability of tail, which is $q = 1 - p$, is also positive.

The outcome of the coin toss, and hence the value which the stock price will take at time one, is known at $t$ ime one but not at time zero. We shall
refer to any quantity not known at time zero as ran dom because it depends on $t$ he random experiment of tossing a coin. We introduce the two positive numbers $u = \frac{S_1(H)}{S_0}, \quad d = \frac{S_1(T)}{S_0}$. We assume that $d < u$; We refer to $u$ as the \textit{up factor} and $d$ as the \textit{down factor}. 


We introduce also an \textit{interest rate} $r$. One dollar invested in the money
market at time zero will yield \$1 + r$ dollars at time one. Conversely, one dollar
borrowed from the money market at time zero will result in a debt of \$1 + r$
at time one. In particular, the interest rate for borrowing is the same as the
interest rate for investing. It is almost always true that $r > 0$, and this is the
case to keep in mind. 

An essential feature of an efficient market is that if a trading strategy can
turn nothing into something, we can be sure the possibility of loss. Otherwise,
there would be an \textit{arbitrage}. More specifically, we define \textit{arbitrage} as a trading
strategy that begins with no money, has zero probability of losing money,
and has a positive probability of making money. A mathematical model that
admits arbitrage cannot be used for analysis.  /n <ocr>image_1 ocr text: SH)=uSo So S(T) = dSo Fig.1.1.1.General one-period binomial model.</ocr>","In the one-period binomial model, suppose we want to determine the price at time zero of the derivative security $V_1 = S_1$ (i.e., the derivative security pays off the stock price). (This can be regarded as a European call with strike price \( K = 0 \)). 
What is the time-zero price $V_0$ given by the risk-neutral pricing formula in the previous question?",,,,,,,,,chart,$V_0=S_0$,"Proof. $V_0=\frac{1}{1+r}\left[\frac{1+r-d}{u-d}S_1(H)+\frac{u-1-r}{u-d}S_1(T)\right]=\frac{S_0}{1+r}\left[\frac{1+r-d}{u-d}u+\frac{u-1-r}{u-d}d\right]=S_0$. This is not surprising, since this is exactly the cost of replicating $S_1$.
This illustrates an important point. The “fair price” of a stock cannot be determined by the risk-neutral pricing, as seen below. Suppose $S_1(H)$ and $S_1(T)$ are given, we could have two current prices, $S_0$ and $S'_0$. Correspondingly, we can get $u$, $d$ and $u'$, $d'$. Because they are determined by $S_0$ and $S'_0$, respectively, it’s not surprising that risk-neutral pricing formula always holds, in both cases. That is,
$$S_0=\frac{\frac{1+r-d}{u-d}S_1(H)+\frac{u-1-r}{u-d}S_1(T)}{1+r}, S'_0\equiv\frac{\frac{1+r-d'}{u'-d'}S_1(H)+\frac{u'-1-r}{u'-d'}S_1(T)}{1+r}.$$
Essentially, this is because risk-neutral pricing relies on fair price=replication cost. Stock as a replicating component cannot determine its own “fair” price via the risk-neutral pricing formula.

",hard,open question,derivatives,english,369,7,0,,,,,,,release_basic_txt,english_369,hard_open question_derivatives,hard_open question
196,english_159_4_r3,"Kate Baker is in charge of assessing investment managers hired by KTB Funds. KTB states its investment strategy as being adept at investing in undervalued securities in equity and debt markets. Baker is assisted by Trent Coates and Gerry Manders. The group are examining the performance (Exhibit 1) of three managers who separately specialize in large-cap, mid-cap, and small-cap equities.
In addition to overall return, Baker reminds the group that they also need to focus on whether the managers have been consistent with KTB’s investment strategy.

<image_1>
Given the under-performance of the small-cap fund, Baker and her assistants examine the investments being made in that fund. The fund holdings are primarily in stocks that trade infrequently and seldom have dealer quotes. Consequently, there is a concern that the small-cap benchmark may be inappropriate.
Coates suggests using a custom security-based benchmark that has the following criteria:
1 broadly representative of the small-cap market,
2 includes a cash position weighting, and
3 weighted according to the market capitalization of infrequently traded small cap stocks.
Baker and her assistants then turn their attention to the large-cap manager’s performance. The large-cap benchmark is viewed as being representative of the market portfolio that is used in the Capital Asset Pricing Model (CAPM). Upon gathering more information (Exhibit 2), they want to assess whether the large-cap manager is skillful based on the generation of ex-post alpha relative to the CAPM and having a ratio of active return relative to active risk being above 0.10.

<image_2>
Manders suggests using a performance quality control chart to assess the large-cap manager. He makes the following statements to support his point:
■■
such a chart utilizes a confidence band that widens with the time horizon.
■■
a skillful manager only needs to outperform the benchmark regularly with deviation within the confidence band.
■■
the analysis is based on three criteria: 1) an initial testable null hypothesis thatthe manager has no investment skill, 2) an assumption that value-added returnsare normally distributed and independent from period to period, and 3) anassumption that the manager’s investment process is consistent from period toperiod.
The group now turns its attention to three bond funds in which KTB holds positions (Exhibit 3). Similar to KTB’s equity strategy, the bond strategy is one of being adept at finding undervalued debt securities.

<image_3>
Coates asks Baker. “Given all of the assessment we are performing on equity and bond managers, what are the consequences of firing a manager?”
Baker answers, “The expense of frequent manager turnover is only of concern if we commit Type 2 errors. However, we should also be concerned with discontinuing the services of skillful managers solely based on our quantitative assessment metrics, which is an example of a Type I error. Consequently, in addition to quantitative assessment, we should also interview the fund manager face-to-face before either deciding to retain or terminate him or her, just as was done at the initial hire.” /n <ocr>image_1 ocr text: Exhibit1 Equity Manager Return Performance (%) Large-Cap Mid-Cap Small-Cap Portfolio Portfolio Portfolio Portfolio ex-post return 4.81 5.12 3.29 Benchmark ex-post return 3.35 5.08 6.13 Pure sector allocation return 1.52 0.12 0.27 Within-sector selection return 0.10 0.01 0.05 Interaction return -0.16 -0.07 -3.16/nimage_2 ocr text: Exhibit2 Large-Cap Portfolio Analysis Ex-Post Return Return Volatility (%) (%) CAPMBeta Portfolio 4.81 44.2 1.2 Benchmark 3.35 25.4 1.0 Risk-free security 0.65 0.0 0.0 Notes:The volatility of the difference between the portfolio and benchmark returns is 0.32.Return volatility is equivalent to return standard deviation/nimage_3 ocr text: Exhibit3 Bond Fund Return Performance (%) TQZ Bond MKK Bond BCM Bond Fund Fund Fund Benchmark Interest rate effect 0.95 0.95 0.95 0.95 Duration 0.42 0.02 0.62 0.00 Convexity 0.16 0.01 -0.15 0.00 Yield-curve shape 0.07 0.01 -0.10 0.00 change Sector/quality 0.01 0.16 0.23 0.00 Bond selectivity 0.02 0.57 0.25 0.00 Transaction costs 0.00 0.00 0.00 0.00 Trading activity 0.07 0.10 0.17 0.00 Total return 1.52 1.80 1.97 0.95</ocr>",Manders’ most accurate statement in regard to a performance quality control chart is the:,"['A. three criteria necessary for analysis.'
 'B. description of the confidence band through time.'
 'C. skillful manager performance relative to the confidence band.']",,,,,,,,screenshot,A,"A is correct. Manders is correct in his statement about the three criteria for analysis using a performance quality control chart. The other two points are incorrect. The width of the confidence band depends on the standard deviation of value-added returns, as time passes, the confidence band will narrow rather than widen, converging on the benchmark line. Evidence of a skillful manager would be performance that is above the benchmark and outside the confidence band on a consistent basis.",medium,multiple-choice,portfolio management,english,159,4,0,,,,,,,release_basic_txt,english_159,medium_multiple-choice_portfolio management,medium_multiple-choice
1357,english_474_4_r3,"The variable S is an investment asset providing income at rate q measured in currency A. It follows the process $dS = \mu_S Sdt + \sigma_S S dz$ in the real world. The following images contain background information.<image_1><image_2> <image_3><image_4><image_5><image_6> /n <ocr>image_1 ocr text: The market price of risk of a variable defines the trade-offs between risk and return for traded securities dependent on the variable.When there is one underlying variable,a derivative's excessreturnovertherisk-freerate equals the marketprice ofrisk multiplied by the derivative's volatility.When there are manyunderlying variables,the excess return is the sum of the market price of risk multiplied by the volatility for each variable A powerful tool in the valuation of derivatives is risk-neutral valuation.This was introduced in Chapters 13 and 15.The principle of risk-neutral valuation shows that,if we assume that the world is risk neutral when valuing derivatives,we get the right answer-not just in a risk-neutral world, but in all other worlds as well. In the traditional risk-neutral world, the market price of risk of all variables is zero.This chapter has extended the principle of risk-neutral valuation.It has shown that, when interest rates are stochastic, there are many interesting and useful alternatives to the traditional risk-neutral world. A martingale is a zero drift stochastic process.Any variable following a martingale has the simplifying property that its expected value at any future time equals its value today.The equivalent martingale measure result shows that,if g is a security price,there is a world in which the ratio f/g is a martingale for all security prices f. It turns out that,by appropriately choosing the numeraire security g,the valuation of many interest rate dependent derivatives can be simplified./nimage_2 ocr text: 28.1THEMARKETPRICE OF RISK We start by considering the properties of derivatives dependent on the value of a single variable 0.Assume that the process followed by  is ep zps+pu= (28.1) e where dz is a Wiener process.The parameters m and s are the expected growth rate in  and the volatility of ,respectively.We assume that they depend only on  and time t. The variable O need not be the price of an investment asset.It could be something as far removed from financial markets as the temperature in the center of New Orleans. Suppose that fi and f are the prices of two derivatives dependent only on  and t. These can be options or other instruments that provide a payoff in the future equal to some function of 0.Assume that during the time period under consideration fi and f2 provide no income. Suppose that the processes followed by fi and f are dfi zplo+1p= fi and df2 dt+dz f2 where 1and  are functions of  and t.Thedzin these processes must be the same dz as in equation 28.1) because it is the only source of the uncertainty in the prices of fi and f2 The prices fi and f can be related using an analysis similar to the Black-Scholes analysis described in Section 15.6.The discrete versions of the processes for fi and f are Af=fit+fz (28.2) Af=ft+2f2z (28.3) We can eliminate the z by forming an instantaneously riskless portfolio consisting of 2f2 of the first derivative and - fi of the second derivative.If  is the value of the portfolio,then II=f2f-fif (28.4) and AI=offi-fif2 Substituting from equations 28.2)and 28.3),this becomes I=fif-fift (28.5)/nimage_3 ocr text: Because the portfolio is instantaneously riskless, it must earn the risk-free rate.Hence, AII=rIIt Substituting into this equation from equations (28.4 and (28.5) gives 2-1=r2-r1 or M1-r (28.6) 1 62 Note that the left-hand side of equation 28.6) depends only on the parameters of the process followed by fiand the right-hand side depends only on the parameters of the process followed by f2.Define A as the value of each side in equation 28.6),so that M-r 1 2/nimage_4 ocr text: Dropping subscripts,equation (28.6) shows thatif fis the price of a derivative dependent only on A and t with df zpo+1pd= (28.7) then a (28.8) The parameter A is known as the market price of risk of o.In the context of portfolio performance measurement, it is known as the Sharpe ratio.) It can be dependent on both e and t, but it is not dependent on the nature of the derivative f. Our analysis shows that, for no arbitrage -r)/ must at any given time be the same for all derivatives that are dependent only on A and t. The market price of risk of A measures the trade-offs between risk and return that are made for securities dependent on 0.Equation (28.8) can be written (28.9) -r=/nimage_5 ocr text: The variable  can be loosely interpreted as the quantity of 0-risk present in f.On the right-hand side of the equation,the quantity of -risk is multiplied by the price of A-risk.The left-hand side is the expected return,in excess of the risk-free interest rate, that is required to compensate for this risk.Equation (28.9 is analogous to the capital asset pricing model, which relates the expected excess return on a stock to its risk. This chapter will not be concerned with the measurement of the market price of risk.This will be discussed in Chapter 36 when the evaluation of real options is considered. It is natural to assume that ,the coefficient of dz,in equation 28.7) is the volatility of f.In fact, can be negative.This will be the case when f is negatively related to  so that af/ao is negative.It is the absolute value  of  that is the volatility of f.One way of understanding this is to note that the process for f has the same statistical properties when we replace dz by -dz. Chapter 5 distinguished between investment assets and consumption assets. An investment asset is an asset that is bought or sold purely for investment purposes by some investors.Consumption assets are held primarily for consumption.Equation(28.8)/nimage_6 ocr text: is true for all investment assets that provide no income and depend only on 0.If the variable  itself happens to be such an asset, then m- =A S But, in other circumstances, this relationship is not necessarily true. Example 28.1 Consider a derivative whose price is positively related to the price of oil and depends on no other stochastic variables. Suppose that it provides an expected return of 12% per annum and has a volatility of 20% per annum.Assume that the risk-free interest rate is 8% per annum.It follows that the market price of risk of oil is 0.120.08 =0.2 0.2 Note that oil is a consumption asset rather than an investment asset,so its market price of risk cannot be calculated from equation 28.8)by setting  equal to the expected return from an investment in oil and  equal to the volatility of oil prices. Example 28.2 Consider two securities,both of which are positively dependent on the 90-day interest rate.Suppose that the first one has an expected return of 3% per annum and a volatility of 20% per annum,and the second one has a volatility of30% per annum.Assume that the instantaneous risk-free rate of interest is 6% per annum The market price of interest rate risk is, using the expected return and volatility for the first security, 0.030.06 0.15 0.2 From a rearrangement of equation (28.9),the expected return from the second security is, therefore, 0.060.15X0.3=0.015 or 1.5% per annum.</ocr>","Defining new variables as necessary, give the process followed by S,and the corresponding market price of risk, in a world defined by a numeraire equal to a zero-coupon in currency B bond maturing
 at time T. What is the value of market price of dz -risk?",,,,,,,,,screenshot,$\rho_{SP}\sigma{P}+\rho{FS}\sigma{F}$,"This statement implies that the interest rate has a negative market price of risk. Since bond prices and interest rates are negatively correlated, the statement implies that the market price of risk for a bond price is positive. The statement is reasonable. When interest rates increase, there is a tendency for the stock market to decrease. This implies that interest rates have negative systematic risk, or equivalently that bond prices have positive systematic risk.
 In a world defined by a numeraire equal to a zero-coupon bond in currency B maturing at time T, $dS = (r-q+\rho_{SP}\sigma_{S}\sigma_P+\rho_{FS}\sigma_S\sigma_F)Sdt+\sigma_SSdz$, where F is the forward exchange rate, $\sigma_F$ is the volatility of F (units of A per unit of B, and $\rho_{FS}$ is the correlation between F and S . The market price of dz-risk is $\rho_{SP}\sigma_P+\rho_{FS}\sigma_F$",hard,open question,derivatives,english,474,4,0,,,,,,,release_basic_txt,english_474,hard_open question_derivatives,hard_open question
273,english_174_1_r3,"Pascal Montero is the director of the treasury department of the Viewmont Corporation, which is based in Chicago, Illinois. Viewmont manufactures steel and aluminum food cans in plants located in the United States and Brazil. Generally, raw materials are sourced from suppliers located in the country where the plant is located. But when shortages occur at a particular location, Viewmont imports raw materials.
Montero’s duties include procuring financing and managing interest rate and currency risk for Viewmont. Montero is meeting with two of his senior analysts, Maissa Bazlamit and Jacky Kemigisa, to plan the company’s hedging and financing activities.
Bazlamit informs Montero that because of domestic shortages, Viewmont will need to import aluminum from Brazil for its U.S. plant. Payment for the aluminum will be in Brazilian reals (BRL) and is due on delivery three months from now. Bazlamit states, “To manage our translation exposure from unfavorable exchange rate movements, we should enter into a long forward contract on Brazilian reals.”
Kemigisa has determined that in 60 days, Viewmont will also need to raise USD50,000,000 for domestic operations. To protect against a rise in interest rates over this period, Kemigisa is evaluating the purchase of a USD50,000,000 interest rate call option. Interest and principal on the loan is due upon its maturity. Details of the loan and the interest rate call are provided in Exhibit 1.


<image_1>

Bazlamit suggests using an interest rate swap instead of interest rate call options. She states, “By entering into an interest rate swap in which we receive a floating rate in return for paying a fixed rate of interest, we can hedge against rising interest rates and thus stabilize Viewmont’s cash outflows. The swap will also reduce the sensitivity of Viewmont’s overall position to changes in interest rates.”


Montero responds, “I think a better alternative to the interest rate swap you suggest is an interest rate swaption. For example, we could purchase a payer swaption with an exercise rate of 3% that allows us to receive a rate of LIBOR. If fixed rates rise above 3% in 60 days, then excluding the effect of the swaption premium, our net interest payment will be equal to 3%.”
Viewmont is planning an expansion of its manufacturing capacity in Brazil. At the current exchange rate, BRL1.72/USD1, the expansion will cost BRL86,000,000, or USD50,000,000. Montero and his team discuss alternative ways to raise the capital required so that Viewmont can achieve the lowest borrowing cost and hedge against exchange rate risk. Bazlamit suggests Viewmont can achieve the lowest borrowing cost and avoid currency risk by borrowing directly in Brazilian reals. Kemigisa disagrees and suggests that Viewmont, being based in the United States, receives the best terms by borrowing domestically and then converting the proceeds to Brazilian reals at current exchange rates. Montero states, “Viewmont will enjoy the lowest borrowing cost by borrowing in U.S. dollars and then engaging in a currency swap to obtain Brazilian reals.” Earnings from the Brazilian operation are repatriated to the United States each quarter. Montero and his team estimate that over the next year, quarterly cash flows from the Brazilian unit will be BRL5,000,000. Montero asks his team to evaluate the use of a currency swap to manage the currency risk of the earnings repatriation. The swap will involve fixed interest for fixed payments and the annual fixed interest rate for payments in Brazilian reals is 5% and 3% for U.S. dollars. /n <ocr>image_1 ocr text: Exhibit 1 Loan, Option, and Interest Rate Information Item Description Maturity of loan 180 days from today Loan amount USD50,000,000 Annual loan interest rate LIBOR +0.50% Call option premium USD150,000 Call option strike 1% Call option expiration 60 days from today Call option underlying 180day LIBOR Current LIBOR rate 1.5%</ocr>",Is Bazlamit's statement on the type of currency risk faced by Viewmont Corporation and the proposed hedge most likely correct?,"['A. No, she is incorrect with regard to the type of forward contract.'
 'B. No, she is incorrect about the type of currency risk.' 'C. Yes']",,,,,,,,table,B,"Answer = B. Since the fear is that the U.S. dollar will weaken against the Brazilian real, the appropriate hedge is to enter into a long forward contract to lock in the purchase price of the real. She is correct in this regard. But Bazlamit is incorrect about the type of currency risk. The currency risk faced here is best described as transaction exposure, not translation exposure.",hard,multiple-choice,derivatives,english,174,1,0,,,,,,,release_basic_txt,english_174,hard_multiple-choice_derivatives,hard_multiple-choice
674,english_260_1_r3,"Consider the three stocks in the following table<image_1>. Pt represents price at time t, and Qt represents shares outstanding at time t. Stock C splits two for one in the last period. /n <ocr>image_1 ocr text: Po Qo P1 Q1 P2 Q2 A 90 100 95 100 95 100 B 50 200 45 200 45 200 C 100 200 110 200 55 400</ocr>",Calculate the rate of return on a price-weighted index of the three stocks for the first period (t0 to t1).,,,,,,,,,table,4.17%,"At t = 0, the value of the index is: (90 + 50 + 100)/3 = 80
At t = 1, the value of the index is: (95 + 45 + 110)/3 = 83.333 
The rate of return is: (83.333/80) − 1 = 4.17%",medium,open question,equity,english,260,1,0,,,,,,,release_basic_txt,english_260,medium_open question_equity,medium_open question
1043,english_369_6_r3,"For the general one-period model <image_1>, we call the beginning of the period time zero and the end of the period time one. At time zero, we have
a stock whose price per share we denote by $S_0$, a positive quantity known at time zero. At time one, the price per share of this stock will be one of two
positive values, which we denote $S_1(H)$ and $S_1(T)$, the $H$ and $T$ standing for head and tail, respectively. Thus, we are imagining that a coin is tossed,
and the outcome of the coin toss determines the price at time one. We do not assume this coin is fair (i.e., the probability of head need not be one-half).
We assume only that the probability of head, which we call $p$, is positive, and the probability of tail, which is $q = 1 - p$, is also positive.

The outcome of the coin toss, and hence the value which the stock price will take at time one, is known at $t$ ime one but not at time zero. We shall
refer to any quantity not known at time zero as ran dom because it depends on $t$ he random experiment of tossing a coin. We introduce the two positive numbers $u = \frac{S_1(H)}{S_0}, \quad d = \frac{S_1(T)}{S_0}$. We assume that $d < u$; We refer to $u$ as the \textit{up factor} and $d$ as the \textit{down factor}. 


We introduce also an \textit{interest rate} $r$. One dollar invested in the money
market at time zero will yield \$1 + r$ dollars at time one. Conversely, one dollar
borrowed from the money market at time zero will result in a debt of \$1 + r$
at time one. In particular, the interest rate for borrowing is the same as the
interest rate for investing. It is almost always true that $r > 0$, and this is the
case to keep in mind. 

An essential feature of an efficient market is that if a trading strategy can
turn nothing into something, we can be sure the possibility of loss. Otherwise,
there would be an \textit{arbitrage}. More specifically, we define \textit{arbitrage} as a trading
strategy that begins with no money, has zero probability of losing money,
and has a positive probability of making money. A mathematical model that
admits arbitrage cannot be used for analysis.  /n <ocr>image_1 ocr text: SH)=uSo So S(T) = dSo Fig.1.1.1.General one-period binomial model.</ocr>","We call $\tilde{p},\tilde{q}$ the risk neural probabilities and we use them to price the derivative security that pays $V_1$ at time one. Write down the risk nueral pricing formula for $V_0$.",,,,,,,,,chart,$V_0 = \frac{1}{1+r} [\tilde{p} V_1(H) + \tilde{q} V_1(T)]$,"$\tilde{p},\tilde{q}$ can be seen as the probability in the risk-neural probability space.",hard,open question,derivatives,english,369,6,0,,,,,,,release_basic_txt,english_369,hard_open question_derivatives,hard_open question
818,english_319_1_r3,"An analyst has recently informed you that at the issuance of a company’s convertible bonds, one of the two following sets of relationships existed:<image_1> /n <ocr>image_1 ocr text: Scenario A Scenario B Face value of bond $1,000 $1,000 Straight value of convertible bond 900 950 Market value of convertible bond 1,000 900</ocr>",Assume the bonds are available for immediate conversion. Which of the two scenarios do you believe is more likely? Why?,,,,,,,,,screenshot,Scenario A.,"Since a convertible bond gives its holder the right to a fixed payment plus the right to convert, it must be worth at least as much as its straight value. Therefore, if the market value of a convertible bond is less than its straight value, there is an opportunity to make an arbitrage profit by purchasing the bond and holding it until expiration. In Scenario A, the market value of the convertible bond is $1,000. Since this amount is greater than the convertible’s straight value ($900), Scenario A is feasible. In Scenario B, the market value of the convertible bond is $900. Since this amount is less than the convertible’s straight value ($950), Scenario B is not feasible.",hard,open question,derivatives,english,319,1,0,,,,,,,release_basic_txt,english_319,hard_open question_derivatives,hard_open question
1202,english_423_4_r3,<image_1> /n <ocr>image_1 ocr text: State of Probability of Return on Return on Economy State of Economy StockJ Stock K Bear .30 .020 .034 Normal .55 .138 .062 Bull .15 .218 .092</ocr>,Calculate the standard deviation for Stock K.,,,,,,,,,table,".0188, or 1.88%","To calculate the standard deviation, we first need to calculate the variance. To find the variance, we find the squared deviations from the expected return. We then multiply each possible squared deviation by its probability, and then add all of these up. The result is the variance. So, the variance and standard deviation of Stock K are:
 <ans_image_2>
 <ans_image_3>",easy,open question,equity,english,423,4,0,,,,,,,release_basic_txt,english_423,easy_open question_equity,easy_open question
671,english_259_1_r3,"Consider <image_1>, which describes an issue of American gold certificates. /n <ocr>image_1 ocr text: This announcement is neither an offer to sell nor a solicitation of an offer to buy any of these Certificates Tkis offer is made only by the Ojfering Memorandum. $100,000,000 NEW ISSUE July7,1987 AMERICAN GOLD CERTIFICATES Due July 1,1991 American Gold Certificates represent pnysical allocated goid bullion insured and held in safekeeping at Bank of Delaware. Anytime during the four-year period, the certificate holder may reguest physical delivery of the gold. Copies of the Ofjering Memorandum may be obtained in any State from only such of the undersigned as may legally ofjer these certificates in such State J.WKORTH CAPITALMARKETS.INC THE CHICAGO CORPORATION COWEN&CO. DOMINICK&DOMINICK INCORPORATED FIRST ALBANY CORPORATION GRIFFIN,KUBIK,STEPHENS&THOMPSON,INC INTERSTATE SECURITIES CORPORATION JANNEY MONTGOMERY SCOTT INC. MCDONALD&COMPANY PACIFIC SECLRITIES,INC SECURIIES,INC RONEY&CO STEPHENS INC. UMIC.INC VINING-SPARKS SECURITIES.INC WESTCAP SECURITIES.INC. BAKER.WATTS&Co. BARCLAY INVESTMENTS.INC. BIRR, WILSON SECURITIES.INC D.A.DAVIDSON&Co. INCORPORATED INDEPENDENCE SECURITIES.INC JESUP &LAMONT SECURITIES CO.,INC EMMETT A.LARKINCO.INC SCOTT &STRINGFELLOW.INC SEIDLER AMDEC SECURITIES INC NDERWOOD.NEUHAUS&CO INCORPORATED</ocr>",Is this issue a primary or secondary market transaction?,,,,,,,,,screenshot,Primary-market transaction,,easy,open question,alternative investments,english,259,1,0,,,,,,,release_basic_txt,english_259,easy_open question_alternative investments,easy_open question
667,english_258_2_r3,"Diana Prince, a senior analyst at the Themyscira Wealth Advisory (TWA), a firm based in UK. One
of TWA’s clients is a large pension fund of DaMi Corporation, its CEO Ares Lei is considering
adding an equity strategy into the pension’s portfolio, and he asks Prince to initiate a manager
selection process. Prince begins the selection process by defining feasible manager universe and
makes the following statements:
Statement 1: One approach to build a universe of managers is excluding managers based on
historical risk-adjusted returns.
Statement 2: When defining this manager universe, the selection process should identify the
benchmark against which managers will be evaluated.
Statement 3: It’s an efficient way to use third-party categorizations of managers to find those
that might fill the desired role in the portfolio.
After building the appropriate manager universe, Prince inspects the risk attribution
approach to apply for evaluating those candidate managers. One of the candidate managers is
Manager J. Manager J specializes in timing sector exposure and generally avoids idiosyncratic
risks within sectors. Using technical analyses and econometric methodologies, she produces
several types of forecasts. The manager uses this information to determine appropriate sector
weights. The risk contribution from any single sector is limited to 20% of total portfolio risk. She
hedges aggregate market risk and seeks to earn T-bills plus 200 bps.
Prince also prepares the following estimates of Manager J’s 10-year risk-adjusted-performance.
<image_1>
As a part of the investment due diligence process, Prince interviews those candidate
managers. During the interview, Manager U, one of the managers, tells Prince that he captures
alpha by identifying and exploiting structural inefficiencies that are created by external or
internal rules and regulations.
Manager U also states that if the inefficiency is a unique event that occurs infrequently, and
the level of gross return is greater than the amount of transaction costs and expenses, and the
aggregate value of all assets affected by the inefficiency is larger than the AUM of the manager
and its competitors, then the investment process of exploiting a structural inefficiency is
repeatable.
Another client of TWA is a foundation, which is considering investing in a fixed income fund
called Wonder Fund. Barry Allen, the CIO of the foundation investment committee, asks Prince to review the performance results of the fund. Prince conducts an exposure decomposition analysis.
Exhibit 2 below gives the Wonder Fund’s attribution results.
<image_2> /n <ocr>image_1 ocr text: Exhibit 1 Upside capture 82.0% Downside capture 65.5% Maximum drawdown -31% Drawdown duration 4 months/nimage_2 ocr text: Exhibit 2 Exposure Decomposition:Attribution Results Total Duration Duration Curve Interest Sector Bond Sector Total Bucket Effect Effect Rate Allocation Selection Allocation Government 0.00% 0.00% Short Corporate 0.06% 0.00% 0.04% Total 0.40% 0.11% 0.50% 0.06% 0.00% 0.57% Government 0.00% 0.00% Mid Corporate 0.00% 0.00% -0.05% Total 0.37% 0.09% 0.46% 0.00% 0.00% 0.46% Government 0.00% 0.00% Long Corporate -0.15% 0.10% -0.09% Total -1.46% 0.24% -1.22% -0.15% 0.10% -1.27% Total -0.70% 0.44% -0.26% -0.08% 0.10% -0.25%</ocr>",The most appropriate risk attribution approach to use for Manager J is,"['A. Marginal contribution to tracking risk'
 'B. Factor’s marginal contributions to total risk and specific risk'
 'C. Marginal contribution to total risk']",,,,,,,,table,B,"Solution: B.
Manager J is a top-down manager with an absolute return target. A factor-based attribution is
best suited to evaluate the effectiveness of the manager’s sector decisions and hedging of market
risk.",hard,multiple-choice,portfolio management,english,258,2,0,,,,,,,release_basic_txt,english_258,hard_multiple-choice_portfolio management,hard_multiple-choice
162,english_153_1_r3,"Goldsboro Partners, an investment management firm, intends to offer more products invested in equities traded on the Singapore Exchange (SGX).
Goldsboro is developing the Goldsboro Singapore Index (GSI); a proprietary index of Singapore equities comprised of five stocks traded on the SGX with the largest market capitalization.
Goldsboro must decide how to structure the GSI. Information about the prices and market caps of these firms is found in Exhibit 1.
<image_1>
Goldsboro has four large, institutional clients who indicated that they might invest a total of USD 240 million in a fund indexed to the GSI. These clients are very cost sensitive.
Goldsboro already offers two mutual funds that consist of stocks that are part of the Straits Times Index (STI), a value-weighted index of the 30 largest firms traded on the SGX. Exhibit 2 provides information about these two funds (GBl and GB2), the STI index, and all stocks traded on the SGX.

<image_2>
<image_3>

Goldsboro also offers three independently managed funds, GB-STI-1, GB-STI-2, and GB-STI-3. The three funds are benchmarked against the STI index. For the year 2009, Jason Briggs, a client whose Singapore benchmark is the MSCI Singapore Free Index, pursued a core-satellite approach by investing in these three funds, earning a return of 12.4%. Information about these three funds, their returns, and Briggs’ investments is found in Exhibit 3.

In 2009, the return on the MSCI Singapore Free Index was 11.7% and the return on the STI Index was 12.0%

<image_4> /n <ocr>image_1 ocr text: Exhibit1 Five Largest Singapore Firms:Selected Information in USD Market Cap @ Market Cap @ Price @ Price @ Change in 1/1/2009 1/1/2010 Change in Firm 1/1/2009 1/1/2010 Price (billions) (billions) Market Cap SingTel 2.35 2.53 +7.7% 48.5 52.5 +8.2% Wilmar 5.77 6.80 +17.9% 32.7 41.2 +26.0% DBS Group 11.62 13.28 +14.3% 26.6 30.1 +13.2% Jardine Matheson 23.94 26.71 +11.6% 25.3 27.6 +9.1% UOB 12.73 14.07 +10.5% 23.9 26.8 +12.1% Total 56.41 63.39 157.0 178.2/nimage_2 ocr text: Exhibit2 Comparison of Goldsboro's 2 Funds,the STl, and the SGX Fund GB1 Fund GB2 STI SGX Number of stocks 12 12 30 612 Average market cap USD USD USD USD 12.4 billion 13.2 billion 13.7 billion 2.7 billion Dividend yield. 1.5% 2.1% 1.6% 0.8% P/E 21.7 16.8 21.4 24.7 (continued)/nimage_3 ocr text: Exhibit2 (Continued) Fund GB1 Fund GB2 STI SGX P/B 2.6 2.1 2.7 2.9 Projected EPS growth 11.0% 8.4% 11.2% 13.7% rate/nimage_4 ocr text: Exhibit 3 Briggs'Investments in Goldsboro's STi-benchmarked Funds GB-STI-1 GB-STI-2 GB-STI-3 Fund expected alpha 5% 2% 0% Fund expected tracking risk 9% 5% 0% Briggs' investment USD USD USD 10 million 20 million 20 million Return during 2009 15% 10% 12%</ocr>","Based on Exhibit 1, for the year 2009, assuming no stock splits or stock dividends for the stock components and no rebalancing, which of these index structures would have most likely resulted in the largest return for the GSI","['A. A price-weighted index' 'B. A value-weighted index'
 'C. An equal-weighted index']",,,,,,,,table,B,B is correct because this weighting methodology produced the largest return of 13.5% for the GSI. The return on a value-weighted index is the percentage change in the total market capitalization of the firms in the index.,hard,multiple-choice,equity,english,153,1,0,,,,,,,release_basic_txt,english_153,hard_multiple-choice_equity,hard_multiple-choice
723,english_284_2_r3,"If the simple CAPM is valid, each figure represents a situation. Please indicate whether it is possible or not, considering each situation independently.  /n <ocr>image_1 ocr text: Portfolio Expected Return Beta A 20 1.4 B 25 1.2/nimage_2 ocr text: Standard Portfolio Expected Return Deviation A 30 35 B 40 25/nimage_3 ocr text: Standard Portfolio Expected Return Deviation Risk-free 10 0 Market 18 24 A 16 12/nimage_4 ocr text: Standard Portfolio Expected Return Deviation Risk-free 10 0 Market 18 24 A 20 22/nimage_5 ocr text: Portfolio Expected Return Beta Risk-free 10 0 Market 18 1.0 A 16 1.5/nimage_6 ocr text: Portfolio Expected Return Beta Risk-free 10 0 Market 18 1.0 A 16 0.9/nimage_7 ocr text: Standard Portfolio Expected Return Deviation Risk-free 10 0 Market 18 24 A 16 22</ocr>",If the situation is possible in <image_2>?,,,,,,,,,table,Possible. ,"Possible. If the CAPM is valid, the expected rate of return compensates only for systematic (market) risk, represented by beta, rather than for the standard deviation, which includes nonsystematic risk. Thus, Portfolio A’s lower rate of return can be paired with a higher standard deviation, as long as A’s beta is less than B’s.",medium,open question,portfolio management,english,284,2,0,,,,,,,release_basic_txt,english_284,medium_open question_portfolio management,medium_open question
1216,english_425_1_r3,"Consider the following information about Stocks I and II:
 <image_1>
 The market risk premium is 7.5 percent, and the risk-free rate is 4 percent. /n <ocr>image_1 ocr text: State of Probability of Rate of Return if State Occurs Economy State of Economy StockI Stock II Recession .15 .11 .25 Normal .55 .18 Irrational exuberance .30 .08 .31</ocr>",Which stock has the most systematic risk?,,,,,,,,,table,Stock I,"The amount of systematic risk is measured by the β of an asset. Since we know the market risk premium and the risk-free rate, if we know the expected return of the asset we can use the CAPM to solve for the β of the asset. The expected return of Stock I is:
 E(RI) = .15(.11) + .55(.18) + .30(.08) = .1395, or 13.95% 
 Using the CAPM to find the β of Stock I, we find:
 .1395 = .04 + .075βI 
 βI = 1.33
 The total risk of an asset is measured by its standard deviation, so we need to calculate the standard deviation of Stock I. Beginning with the calculation of the stock’s variance, we find:
 <ans_image_1>
 Using the same procedure for Stock II, we find the expected return to be:
 E(RII) = .15(–.25) + .55(.11) + .30(.31) = .1160 
 Using the CAPM to find the β of Stock II, we find:
 .1160 = .04 + .075βII  
 βII = 1.01
 And the standard deviation of Stock II is:
 <ans_image_2>
 Although Stock II has more total risk than I, it has much less systematic risk, since its beta is much smaller than I’s. Thus, I has more systematic risk.",medium,open question,portfolio management,english,425,1,0,,,,,,,release_basic_txt,english_425,medium_open question_portfolio management,medium_open question
715,english_279_5_r3,Consider the following two regression lines for stocks A and B in the following figure.<image_1> <image_2> /n <ocr>image_2 ocr text: rB-r M-r</ocr>,Which stock has higher correlation with the market?,,,,,,,,,chart,Stock B’s correlation with the market is higher.,"The correlation coefficient is simply the square root of R^2, so Stock B’s correlation with the market is higher.",easy,open question,portfolio management,english,279,5,0,,,,,,,release_basic_txt,english_279,easy_open question_portfolio management,easy_open question
620,english_248_3_r3,"Wanda Maximoff is a Swiss-based wealth manager who offers discretionary portfolio
management services to high net worth individuals. She believes that the portfolios of a number
of her clients would benefit from investments in hedge funds. Maximoff has discussed the
relative merits of hedge fund investing with six clients and has received their approval to add this
asset class to their portfolios, subject to agreed upon investment criteria. Maximoff consults the
notes that she has made during her conversations with these clients.
Client 1 prefers a hedge fund strategy that uses top-down analysis in a broad range of
securities markets, taking positions that are thematic or directional. Markets can be valued using
macroeconomic and fundamental analysis, and the hedge fund strategy is typically implemented
using discretionary trading. Maximoff also notes that this client has a high tolerance for
investment risk.
Client 2 has given Maximoff a mandate to invest in event-driven strategies only. Maximoff’s
notes on event-driven strategies include the following statements.
Statement 1: Distressed security investing generally uses high levels of leverage.
Statement 2: A merger arbitrage strategy is analogous to writing insurance on the
acquisition.
Statement 3: A hard-catalyst event-driven strategy tends to be riskier and more volatile
than a soft-catalyst strategy.
Client 3 has expressed a preference for multi-strategy funds instead of fund-of-funds for the
following reasons:
Reason 1: Multi-strategy funds can reallocate funds into different strategy areas more
quickly and easily compared to a fund-of-funds.
Reason 2: The fee structure of multi-strategy funds is often more attractive than that of a
fund-of-funds.
Client 4 wants to add a volatility trading strategy as a portfolio diversifier and has specified
that the strategy must by highly liquid. Maximoff’s notes indicate that there are multiple ways of
implementing a volatility trading strategy; although, some strategies offer more liquidity than
others.
Client 5 decides to invest in an equity hedge fund strategy and substantial amount of
leverage is allowed. Due to a recent large increase in interest rates and geopolitical tensions,
Maximoff’s forecast about equity market has changed from one of modestly rising equities to
several periods of non-trending markets.
Client 6 is a small foundation that has a traditional asset allocation of 65% stocks/35% bonds.
It considers allocating 10% of portfolio asset to hedge fund strategy. The foundation requires the hedge fund strategy allocation to: a) limit volatility, b) maximize risk-adjusted returns, and c) limit
downside risk.
Wanda prepares expected risk and return characteristics for three portfolios that have
allocations of 60% stocks, 30% bonds, and 10% hedge funds, where the 10% hedge fund
allocation follows either an equity market-neutral, global macro, or convertible arbitrage strategy.
The risk and return characteristics of the three portfolios are presented in Panel B of Exhibit 1.
<image_1> /n <ocr>image_1 ocr text: Exhibit 1 Maximum Sharpe Hedge Fund Strategy. SD (%) Sortino Ratio Drawdown Ratio (%) Panel A: Current Portfolio N/A 10.06 0.80 1.23 18.63 Panel B: Three Potential Portfolios with a 10% Hedge Fund Allocation Equity market neutral. 10.03 0.78 1.19 17.37 Global macro 9.83 0.93 1.32 17.25 Convertible arbitrage 10.33 0.81 1.24 23.23</ocr>",Which of Client 3's reasons for preferring multi-strategy funds over a fund-of-funds is correct,['A. Only Reason 1' 'B. Only Reason 2' 'C. Both Reasons 1 and 2'],,,,,,,,table,C,"Solution: C.
Multi-strategy funds can reallocate funds more quickly and more easily because each of the
constituent strategies is managed in-house. The fee structure of multi-strategy funds is often
more attractive because netting risk is more likely to be absorbed internally",easy,multiple-choice,alternative investments,english,248,3,0,,,,,,,release_basic_txt,english_248,easy_multiple-choice_alternative investments,easy_multiple-choice
173,english_155_2_r3,"Val Mishum is a senior manager at Stone Bancorp, Inc. She, and two of her colleagues, Peg Todd and Nat Filbert, have just joined the in-house pension investment committee which oversees the investment process for Stone’s defined-benefit plan. As a team, they will help the investment committee measure overall return, consider benchmarks and evaluate outside investment managers. Todd initiates a discussion of the use of benchmarks applicable to various fund managers including hedge funds.


Todd:
“We should match the passive and active managers with the appropriate security market index. Any benchmark or index we use should fit the specific needs of the sponsor (Stone Bancorp) rather than just the manager. Also, excluding the hedge funds, the indexes should be widely available.”
Filbert:
“An appropriate benchmark will have risks similar to that of an active manager’s portfolio allowing us to better identify and reduce active risk exposure. If the benchmark and manager risk levels are aligned, we are indifferent whether positive excess returns are achieved by skill or by luck.”
Mishum:
“For active equity portfolios, we should at least be able to attribute returns to security selection or industry bets.”
Mishum’s team reviews report summaries of recent overall investment results of the pension plan account (Exhibit 1) and the performance of the equity managers (Exhibit 2). The account experienced significant cash flows only in April and December.

<image_1>

Using the data in Exhibit 1, Filbert calculates an overall annual return of –2.2% while Mishum calculates a return of –1.8% for the year. The team verifies the return calculations and discusses why they differ:
Mishum:
“When evaluating project returns with cash flows, I was taught to use the internal rate of return (IRR). It accounts for the cash flows yet is not influenced by their timing.”
Filbert:
“You have calculated the time-weighted rate of return (TWR), whereas I have calculated the money-weighted rate of return (MWR).”
Todd:
“The money-weighted return should exceed the time-weighted return because the cash flows occurred at favorable times.”
The team then considers the prior year’s investment performance of the equity managers.


After reviewing the equity manager data in Exhibit 2, Todd comments that he is most impressed with the manager whose active return was the highest for those whose investment style was out of favor over the period.
Six months later, Stone Bancorp announces a merger with another bank. When the deal closes, Stone will freeze and terminate the existing defined benefit pension plan. Employees will have access to a different plan with the new owner. The sponsor clarifies the pension obligations after these events as follows:
■■
No new employees will be added to the plan and existing vested employees willno longer accrue additional benefits.
■■
Current retired beneficiaries will continue to receive their normal flat, monthlypayments. They do not have any option for a lump sum distribution.
■■
Due to expected terminations including certain highly compensated executives,lump-sum distributions within a year are estimated to be about 15% of thecurrent plan value.
■■
The plan will be funded at 105% of ABO when terminated and no additionalfuture contributions are expected.
■■
Actuaries identify the duration of estimated payouts excluding lump-sum distributions to be 14 years.
■■
The estimated return necessary to meet the obligations of the plan is 3.9%.
Mishum, Filbert, and Todd evaluate Stone’s new situation and work toward settingup a new benchmark that will mimic the obligations and risk of the terminated plan going forward. The benchmark structure will drive the realignment of the investments.
Mishum:
“We should design a benchmark that includes several bond funds, some inflation-sensitive securities, has a weighted average duration of 14 years, and sufficient liquidity to meet the lump sum payouts.”
Todd:
“I think we should identify a 3.9% required return as the primary objective since that estimate includes all of the expected payouts including inflation adjustments. We then select an assortment of asset classes that meet this required return while minimizing risk as much as possible.”
Filbert:
“Although you both make good points, the primary emphasis should be Sharpe style analysis. We should control investment risk using optimization procedures.”

<image_2> /n <ocr>image_1 ocr text: Exhibit1 Stone Bancorp Pension Prior Calendar Year Investment Results Value in $ Large Cash Flows in $ Millions Date Millions Contribution Distribution January 1 248 April 20 232 April 21, after contribution 241 9 December 31,after 245 7 distributions/nimage_2 ocr text: Exhibit2 Active Equity Manager Performance for Prior Year Portfolio Return Benchmark Return Active Manager Style or Segment (%) Benchmark Index (%) Buck Growth Large Cap Growth 7.3 S&P 500 Growth 6.9 Doe Value Large Cap Value 9.7 S&P500 Value 9.1 Fawn Small-Cap Small Cap Blend 7.5 Russell 2000 7.4 Market Index is theWilshire 5000 8.2</ocr>","Based on Exhibit 2, the manager that Todd is most impressed with is:",['A. Buck Growth' 'B. Doe Value' 'C. Fawn Small-Cap'],,,,,,,,screenshot,A,"A is correct. An investment which is “out of style” is indicated when its Style index (S) is negative; this occurs when the market index (M) outperforms the benchmark (B): S = (B – M) < 0. Using the data in Exhibit 2, the decomposition of the return into components for each manager is indicated in the table below. Both Buck Growth and Fawn Small-Cap experienced out of favor style index returns. Buck Growth added the greatest to return via active management (A), i.e., 0.4% versus only 0.1% for Fawn. <ans_image_1>",hard,multiple-choice,portfolio management,english,155,2,0,,,,,,,release_basic_txt,english_155,hard_multiple-choice_portfolio management,hard_multiple-choice
1359,english_476_1_r3,"Consider an 8-month European put option on a Treasury bond that currently has 14.25 years to maturity. The current cash bond price is $910, the exercise price is $900, and the volatility for the bond price is 10% per annum. A coupon of $35 will be paid by the bond in 3 months. The risk-free interest rate is 8% for all maturities up to 1 year. Use Black’s model to determine the price of the option. Recall the formulas in the screenshots. <image_1><image_2>  /n <ocr>image_1 ocr text: European Bond Options Many over-the-counter bond options and some embedded bond options are European. The assumption made in the standard market model for valuing European bond options is that the forward bond price has a volatility bThis allows Black's model in Section28.6 to be used.In equations 28.28 and 28.29F is set equal to  and F is set equal to the forward bond price FB,so that c=P0T[FBNd)-KNd] (29.1) p=P0T)[KN-d-FBN-d] (29.2) where lnFB/K+BT/2 andd=d-V1 BVT In these equations,K is the strike price of the bond option, Tis its time to maturity,and P0, T is the risk-free discount factor for maturity T./nimage_2 ocr text: From Section 5.5,FR can be calculated using the formula Bo-I FB (29.3) P0, T) where B is the bond price at time zero and I is the present value of the coupons that will be paid during the life of the option.In this formula,both the spot bond price and the forward bond price are cash prices rather than quoted prices. The relationship between cash and quoted bond prices is explained in Section 6.1. The strike price K in equations 29.1) and 29.2) should be the cash strike price.In choosing the correct value for K, the precise terms of the option are therefore important.If the strike price is defined as the cash amount that is exchanged for the bond when the option is exercised,K should be set equal to this strike price.If, as is more common, the strike price is the quoted price applicable when the option is exercised,K should be set equal to the strike price plus accrued interest at the expiration date of the option.Traders refer to the quoted price of a bond as the clean price and the cash price as the dirty price.</ocr>","Consider the case where the strike price corresponds to the cash price of the bond, what is the value of option price?",,,,,,,,,screenshot,$18.34,"The present value of the coupon payment is $35e^{-0.08*0.25} = 34.31$. Equation (29.2) can therefore be used with $F_B = (910-34.31)e^{0.08*8/12} = 923.66$, $r = 0.08$, $\sigma_B = 0.10$ and $T = 0.6667$. When the strike price is a cash price, K = 900 and $d_1 = \frac{ln(923.66/900)+0.005*0.6667}{0.1\sqrt{0.6667}} = 0.3587$, $d_2 = d_1 -0.1\sqrt{0.6667} = 0.2770$\\
 The option price is therefore $900e^{-0.08*0.6667}N(-0.2770)-875.69N(-0.3587) = 18.34$ or \$18.34.",hard,open question,derivatives,english,476,1,0,,,,,,,release_basic_txt,english_476,hard_open question_derivatives,hard_open question
488,english_220_2_r3,"The Tree Fallers Endowment plans to allocate part of its portfolio to alternative
investment funds. The endowment has hired Kurt Summer, a consultant at Summer
Brothers Consultants, to identify suitable alternative investment funds for its portfolio.
Summer has identified three funds for potential investment and will present the
performance of these investments to the endowment’s board of directors at their next
quarterly meeting.
Summer is reviewing each of the fund’s fee schedules and is concerned about
the manager’s incentive to take on excess risk in an attempt to generate a higher fee.
Exhibit 1 presents the fee schedules of the three funds.
<image_1>
Exhibit 2 presents the annual gross returns for each fund and its respective benchmark
for the period of 2016–2018. All funds have an inception date of 1 January 2016.
Summer intends to include in his report an explanation of the impact of the fee
structures of the three funds on returns.
<image_2>
The board of directors of the Tree Fallers Endowment asks Summer to recalculate
the fees of the Red Grass Fund assuming a high-water
mark feature whereby a sharing
percentage could only be charged to the extent any losses had been recouped. /n <ocr>image_1 ocr text: Exhibit 1 Fee Schedules Base Maximum Fund Computed Fee Fee Sharing Annual Fee Red Grass Fund Higher of either 1 base or 2) 1.00% 20% na base plus sharing of positive performance; sharing is based on return net of the base fee Blue Water Higher of either 1) base or (2) 0.50% 20% 2.50% Fund base plus sharing of positive performance, up to a maximum annual fee of 2.50%; sharing is based on active return. Yellow Wood Base plus sharing of both posi 1.50% 20% na Fund tive and negative performance sharing is based on return net of the base fee/nimage_2 ocr text: Exhibit2 Fund and Benchmark Returns 2016 2017 2018 Gross Benchmark Gross Benchmark Gross Benchmark Return Return Return Return Return Return Fund (%) (%) (%) (%) (%) (%) Red Grass Fund 8.00 8.00 2.00 10.00 5.00 4.50 Blue Water Fund 10.00 9.00 -4.00 -1.50 14.00 2.00 Yellow Wood Fund 15.00 14.00 5.00 -6.50 7.00 9.50</ocr>","Based on the fee schedules in Exhibit 1, the portfolio manager of which fund has the greatest incentive to assume additional risk to earn a higher investment management fee?",['A. Red Grass' 'B. Blue Water' 'C. Yellow Wood'],,,,,,,,table,A,A is correct. Red Grass’s fee arrangement allows for unlimited performance-based fees on the upside and no negative consequences on the downside.,hard,multiple-choice,portfolio management,english,220,2,0,,,,,,,release_basic_txt,english_220,hard_multiple-choice_portfolio management,hard_multiple-choice
1267,english_438_1_r3,"The following figures present the results of four cumulative abnormal returns (CAR) studies. In each figure, Time 0 is the date of an event.<image_1><image_2><image_3><image_4> /n <ocr>image_1 ocr text: a. CAR 0 Time/nimage_2 ocr text: b. CAR 0 t Time/nimage_3 ocr text: C. CAR 0 Time/nimage_4 ocr text: d. CAR 0 t Time</ocr>","Indicate whether the result of study A supports, rejects, or is inconclusive about the semistrong form of the efficient market hypothesis.",,,,,,,,,chart,Supports.,"The CAR remained constant after the event at Time 0. This result is consistent with market efficiency, because prices adjust immediately to reflect the new information. Drops in CAR prior to an event can easily occur in an efficient capital market. For example, consider a sample of forced removals of the CEO. Since any CEO is more likely to be fired following bad rather than good stock performance, CARs are likely to be negative prior to removal. Because the firing of the CEO is announced at Time 0, one cannot use this information to trade profitably before the announcement. Thus, price drops prior to an event are neither consistent nor inconsistent with the efficient markets hypothesis. ",hard,open question,portfolio management,english,438,1,0,,,,,,,release_basic_txt,english_438,hard_open question_portfolio management,hard_open question
336,english_185_5_r3,"Kamiko Watanabe, is a portfolio adviser at Wakasa Bay Securities. She specializes in the use of derivatives to alter and manage the exposures of Japanese equity and fixed-income portfolios. She has meetings today with two clients, Isao Sato and Reiko Kondo. Sato is the manager of the Tsushima Manufacturing pension fund, which has a target asset allocation of 60% equity and 40% bonds. The fund has separate equity and fixed-income portfolios, whose characteristics are provided in Exhibits 1 and 2. Sato expects equity values to increase in the coming two years and, in order to avoid substantial transaction costs now and in two years, would like to use derivatives to temporarily rebalance the portfolio. He wants to maintain the current beta of the equity portfolio and the current duration of the bond portfolio.

<image_1>
<image_2>
In order to rebalance the pension fund to its target allocations to equity and bonds, Watanabe recommends using Nikkei 225 Index futures contracts, which have a beta of 1.05 and a current contract price of ¥1,525,000, and Nikko Bond Performance Index futures, which have a duration of 6.90 and a current contract price of ¥4,830,000. She assumes the cash position has a duration of 0.25. Sato wants to know if other derivatives could be used to rebalance the portfolio. In response, Watanabe describes the characteristics of a pair of swaps that, together, would accomplish the same rebalancing as the proposed futures contracts strategy. Kondo manages a fixed-income portfolio for the Akito Trust. The portfolio’s market value is ¥640 million, and its duration is 6.40. Kondo believes interest rates will rise and asks Watanabe to explain how to use a swap to decrease the portfolio’s duration to 3.50. Watanabe proposes a strategy that uses a pay-fixed position in a three-year interest rate swap with semi-annual payments. Kondo decides he wants to use a four-year swap to manage the portfolio’s duration. After some calculations, Watanabe tells him a pay-fixed position in a four-year interest rate swap with a duration of –2.875 would require a notional principal of ¥683 million (rounded to the nearest million yen) to achieve his goals.

Kondo asks Watanabe whether it would be possible to cancel the swap prior to its maturity. Watanabe responds with three statements: Statement 1: If you purchase a swaption from the same counterparty as the original swap, it is common to require the payments of the two swaps be netted or cash settled if the swaption is exercised. Statement 2: You could purchase a payer swaption with the same terms as the original swap. This approach would protect you from falling fixed swap rates but at the cost of the premium you would pay to the swaption counterparty. Statement 3: During the life of the swap, you could enter into a new pay-floating swap with the same terms as the original swap, except it would have a maturity equal to the remaining maturity of the original swap. However, the fixed rate you receive might be lower than the fixed rate you are paying on the original swap. /n <ocr>image_1 ocr text: Exhibit 1:Tsushima Pension Fund Equity Portfolio Characteristics Current marketvalue 27.5 billion Benchmark Nikkei 225Index Current beta 1.15/nimage_2 ocr text: Exhibit 2:Tsushima Pension Fund Bond Portfolio Characteristics Current market value 27.5 billion NikkoBond Performance Benchmark Index composite Current duration 4.75</ocr>",Is the notional principal of the swap Watanabe recommends to Kondo most likely correct,"['A. No, it is too high' 'B. Yes' 'C. No, it is too low']",,,,,,,,table,A,Answer = A. <ans_image_3>,hard,multiple-choice,derivatives,english,185,5,0,,,,,,,release_basic_txt,english_185,hard_multiple-choice_derivatives,hard_multiple-choice
508,english_225_4_r3,"Laura Davidson is a financial advisory partner with Emerald Private Bank (Emerald). Emerald is
based in Dublin, Ireland, and manages money on behalf of high-net-worth individual investors,
foundations, and endowments. Davidson works in Emerald's private wealth group (PWG). This
group is tasked with meeting clients, developing financial plans, and implementing
recommendations from Emerald's investment committee. The PWG meets weekly to review new
client relationships and to discuss the most appropriate approach for working with each client.
Emerald believes there are significant benefits to incorporating behavioral finance as part of their
client assessment process and has recently made changes to this effect. During preparation for
the weekly PWG meeting, Davidson reviews the financial holdings of three new clients along with
their risk assessment questionnaires. Her observations are summarized in Exhibit 1.

<image_1>

During the meeting, fellow adviser Liam Roche makes the following observation based on
the information in Exhibit 1: ""Mr. Donnelly should respond favorably to education focused on
how the investment program affects financial security, retirement planning, and future
generations. However, Ms. Connor and Mr. O'Driscoll will respond better to education on
portfolio metrics, such as the Sharpe Ratio.""
Amanda Kelly is an investment strategist and a member of Emerald's investment committee.
Kelly sits in on the PWG meeting to provide an update on the firm's investment themes and
positioning. Emerald has developed a multi-factor macro model to forecast such variables as GDP
growth and interest rate movements. At the meeting, Kelly provides detailed information about the macro model, including many statistics on how the factors have performed using both
in-sample and out-of-sample backtesting. The model appears to have had a good track record of
predicting changes in the macro environment over time.
As part of her investment update, Kelly notes that the macro model predicts that interest
rates in Europe are going to revert to their historical averages over the next three years and that
this move will start within the next six to nine months. Davidson asks Kelly if recent
unprecedented monetary policy actions by the Bank of England and European Central Bank have
affected the reliability of the model. Kelly responds that because the macro model incorporates
more than 100 different variables, central bank policies are accurately accounted for.
Later that day, Kelly attends Emerald's weekly investment committee meeting. Kelly brings
up Davidson's concerns regarding how central bank activity may affect the accuracy of their
macro model. Emerald's chief investment officer (CIO), who chairs the meeting, dismisses
Davidson's concerns as uninformed. The rest of the committee members agree. The CIO then
suggests updating their stock selection model to incorporate a price momentum factor. Kelly
states that she is concerned that momentum will not be effective across all sectors. The CIO
counters that because several behavioral biases support the persistence of price momentum,
they would be foolish not to incorporate this factor. After a brief discussion, the other committee
members agree with the CIO and momentum is added to the stock selection model.
Following the meeting, Kelly is frustrated and writes an email to the CIO with suggestions
she believes will improve the dynamics of the investment committee in the future. Her
recommendations include the following:
1. Spending more time analyzing prior committee decisions.
2. Structuring the committee to ensure a higher level of common skills and experiences.
3. Requesting stated opinions from members prior to any formal committee discussion. /n <ocr>image_1 ocr text: Exhibit 1 Client Assessment Highlights Client AssessmentNotes Conner is a mid level executive at a publicly traded technology company. Kyra Approximately 80 percent of her defined contribution plan is invested in her own Conner company's stock.Conner focuses on short-term performance and is not comfortable with change.Her assessment indicates she is not comfortable taking excessive risks. Donnelly recently sold a large publishing firm that he founded 20 years ago. Although he has substantial assets, he spends at a rate that does not appear to be Michael sustainable.He has a very high-risk tolerance and enjoys chasing high risk Donnelly investments recommended by friends. He is strong willed and questions the benefits of portfolio diversification. O'Driscoll isa retired biotechnology executive. His investment portfolio is Alan comprised of a variety of mutual funds and stocks he has acquired over the years O'Driscoll based on recommendations from friends and colleagues.He tends to be drawn to the latest, popular investment themes.He is indicated as a moderate risk taker.</ocr>",Which of the following biases least likely provides behavioral support for the factor being added to the stock selection model,['A. Framing' 'B. Availability' 'C. Hindsight'],,,,,,,,screenshot,A,"Solution: A.
Framing bias is a type of cognitive error in which a person answers a question differently based
on the way in which it is asked. This behavior is unlikely to explain the persistence of momentum.
Regret is a type of hindsight bias that can result in investors purchasing securities after a
significant run-up in price because of a fear of not participating. This bias could explain
momentum. With availability bias, also referred to as the recency effect, the tendency to recall
recent events more vividly can result in investors extrapolating recent price gains into the future.
This bias could also explain momentum.",hard,multiple-choice,portfolio management,english,225,4,0,,,,,,,release_basic_txt,english_225,hard_multiple-choice_portfolio management,hard_multiple-choice
282,english_176_1_r3,"Bobby Sarkar is a senior consultant with Experian Financial Consultants (EFC), an investment advisory firm based in Cambridge, Massachusetts. EFC provides a range of consulting services including advice on investment strategy and selection of money managers. Currently, Sarkar is working with three clients: (1) Hayes University Endowment, (2) Bayside Foundation, and (3) Daniels Corporation Pension Plan. Hayes University Endowment The Hayes University Endowment is willing to accept a certain degree of tracking risk, provided that it is compensated with incremental returns. In particular, Hayes wants to implement an investment approach that maximizes the information ratio. Sarkar indicates that there are two alternate methods to implement the investment approach favored by Hayes: Method 1 Under this method, cash in the portfolio is equitized by using a long futures position. The cash is invested in short- to medium-term fixed-income securities. Method 2 The manager will only invest in stocks expected to outperform the index. If the manager has no opinion on a stock, or if the stock is expected to underperform, the stock will not be included in the investment portfolio. Bayside Foundation The investment policy committee for Bayside Foundation follows a fairly conservative investment strategy and pays particular attention to the minimization of tracking error. Bayside seeks to achieve two specific objectives. Objective 1 Invest a portion of the portfolio in an index with a large-cap bias. In addition to minimizing tracking error, Bayside would also like to ensure that the index strategy involves minimal rebalancing costs. Objective 2 Allocate another portion of the portfolio so it earns alpha associated with small-cap stocks but without the associated small-cap market beta exposure. Daniels Corporation Pension Plan Daniels Corporation pension trustees want to allocate a portion of the equity pension portfolio to an active money manager with a value investment style. Sarkar has collected information on three active portfolio managers and will recommend one of them to Daniels. Selected information for the three managers is presented in Exhibit 1. <image_1> /n <ocr>image_1 ocr text: Exhibit1 Investment ManagerData 31 December 2012 Manager Manager Manager A B C Assets under management ($ millions) 2,876 3,752 4,619 Price-to-earnings ratio (P/E) 8.7 17.5 23.1 Dividend yield 3.50% 1.70% 1.00% Earnings per share growth (5-year projected) 6.75% 5.25% 14.50% Portfolio active return 3.50% 3.00% 4.30% Portfolio tracking risk 5.00% 1.50% 6.00% Style fit 87.00% 95.00% 85.00%</ocr>",The type of index that would most likely help Bayside Foundation achieve Objective 1 is a(n):,"['A. value-weighted index.' 'B. price-weighted index.'
 'C. equal-weighted index.']",,,,,,,,table,A,"Answer = A. A value-weighted index is biased toward large, mature companies and minimizes tracking error. Furthermore, the index is self-rebalancing because the weights automatically adjust as stock prices change, thus rebalancing costs are minimal.",easy,multiple-choice,equity,english,176,1,0,,,,,,,release_basic_txt,english_176,easy_multiple-choice_equity,easy_multiple-choice
187,english_157_6_r3,"William Gatchell, is an investment analyst with the Sonera Endowment Fund. Sonera is considering hiring a new equity investment manager. In preparation, Gatchell meets with Anjou Lafite, another analyst at the fund, to review a relevant part of the endowment’s investment policy statement:
“Funds will be invested in the most efficient vehicle that meets the investment objective. Each manager must demonstrate the efficiency with which the tracking error they take on delivers active return. In addition, each manager must consistently adhere to his stated style.”
Gatchell is given the task of reviewing three investment managers and selecting a manager that is most likely to adhere to Sonera’s investment policy statement. Information about the investment managers is found in Exhibit 1.

<image_1>

Gatchell is reviewing the fee structures proposed by the three investment managers. He finds the following reference in the investment policy statement:
“The fee structure must be easy to understand and avoid undue complexity wherever possible. Also, the fee structure must be predictable, so Sonera can reasonably forecast these costs on a yearly basis as an input to the annual budgeting process.”


PMHe understands there are many different fee structures, and he wants to make sure he chooses the most appropriate one for the Sonera Endowment Fund. He prepares a recommendation to the investment policy committee regarding the most appropriate fee structure.Sonera has followed an active investment style for many years. Gatchell would like to recommend to the investment policy committee that a portion of the funds be invested using a passive investment style. His research shows there are a number of methods used to weight the stocks in an index, each having its own characteristics. The one key feature he feels is important is that the method chosen not be biased towards small- capitalization stocks.Gatchell is also examining different ways to establish passive equity exposure. He states to Lafite, “There are a number of ways to get passive equity exposure; we can invest in an equity index mutual fund, a stock index futures contract, or a total return equity swap. Stock index futures and equity swaps are low- cost alternatives to equity index mutual funds; however, a drawback of stock index futures is they have to be rolled over periodically. One advantage of investing in equity mutual funds is that shares can be redeemed at any point during the trading day.”Gatchell is reviewing the performance of another investment manager, Far North, which employs a value- oriented approach and specializes in the Canadian market. Gatchell would like to recommend to the investment policy committee that the fund diversify geographically. The information for Far North and the related returns are found in Exhibit 2.

<image_2>

The investment policy committee reviews the information in Exhibit 2 and is not familiar with the terms true active return and misfit active return. Gatchell responds with the following statement:
“The true active return is the return Far North made above its normal benchmark return. The misfit active return is the return Far North made above the investor’s benchmark return. The term investor’s benchmark refers to the benchmark the investor uses to evaluate performance for a given portfolio or asset class.” /n <ocr>image_1 ocr text: Figure 1: Asset Allocation of Montana Hardware, Inc. Sector %ofPortfolio Duration U.S.Treasury 14.6% 7.54 U.S. agencies. 23.7% 9.02 U.S. corporates 31.8% 4.52 U.S. mortgages (MBS) 11.4% 1.33 Non-U.S. governments 18.5% 3.22 100.0%/nimage_2 ocr text: Figure 2:Asset Allocation of Buffalo Sports,Inc Sector %ofPortfolio Duration U.S. Treasury 10.1% 6.15 U.S. agencies 14.5% 7.20 U.S.corporates 20.9% 5.80 U.S. mortgages (MBS) 33.7% 4.65 U.S.ABS 8.2% 3.67 Non-U.S. governments 12.6% 2.50 100.0%</ocr>",Is Gatchell’s statement regarding true active return and misfit active return correct?,"['A. Yes' 'B. No, he is incorrect about true active return'
 'C. No, he is incorrect about misfit active return']",,,,,,,,table,C,C is correct because the definition of misfit active return is incorrect. Misfit active return is the difference between the normal benchmark and the investor’s benchmark.,hard,multiple-choice,equity,english,157,6,0,,,,,,,release_basic_txt,english_157,hard_multiple-choice_equity,hard_multiple-choice
1286,english_445_3_r3,"Portfolio A consists of a 1-year zero-coupon bond with a face value of $2,000 and a 10-year zero-coupon bond with a face value of $6,000. Portfolio B consists of a 5.95-year zero- coupon bond with a face value of $5,000. The current yield on all bonds is 10% per annum.
Recall the zero-coupon bond pricing method in the images.
 <image_1><image_2><image_3> /n <ocr>image_1 ocr text: 4.5 ZERORATES The n-year zero-coupon interest rate is the rate of interest earned on an investment that starts today and lasts for n years.All the interest and principal is realized at the end of n years.There are no intermediate payments.The n-year zero-coupon interest rate is sometimes also referred to as the n-year spot rate,the n-year zero rate,or just the n-year zero.Suppose a 5-year zero rate with continuous compounding is quoted as 5% per annum.This means that$100,if invested for 5 years,grows to 100Xe0.055= 128.40 Most of the interest rates we observe directly in the market are not pure zero rates. Consider a 5-year risk-free bond that provides a 6% coupon (i.e.,it pays interest at a rate of 6% per year).The price of this bond does not by itself determine the 5-year risk- free zero rate because some of the return on the bond is realized in the form of coupons/nimage_2 ocr text: prior to the end of year 5.Later in this chapter we will discuss how we can determine zero rates from the market prices of coupon-bearing instruments./nimage_3 ocr text: 4.6 BOND PRICING Most bonds pay coupons to the holder periodicallv.The bond's principal (which is also known as its par valuc or facc valuc) is paid at thc cnd of its life.Thc thcoretical price of a bond can be calculated as the present value of all the cash flows that will be received by the owner of the bond.Sometimes bond traders use the same discount rate for all the cash flows underlying a bond, but a more accurate approach is to use a different zero rate for each cash flow. To illustrate this,consider the situation where zero rates,measured with continuous compoundingare as in Table 4.2.We explain later how these can be calculated.) Suppose that a 2-year bond with a principal of$100 provides coupons at the rate of 6% per annum semiannually.To calculate the present value of the first coupon of$3,we discount it at 5.0% for 6 months:to calculate the present value of the second coupon of$3,we discount it at 5.8% for 1 yearand so on. Therefore,the theoretical price of the bond is or$98.39.DerivaGem can be used to calculate bond prices. Bond Yield A bond's yield is the single discount rate that, when applied to all cash flows gives a bond price equal to its market price.Suppose that the theoretical price of the bond we have been considering.$98.39is also its market value i.e.,the market's price of the bond is in exacl agreement with the data in Table 4.2).If y is the yield on the bond, expressed with continuous compounding it must he true that 38630++3 This equation can be solved using an iterative ""trial and error procedure to give y=6.76%.3 Table 4.2 Zero rates. Maturity Zero rate (years) (% continuously compounded) 0.5 5.0 1.0 5.8 1.5 6.4 2.0 6.8 3One way ofsolving nonlinearequations of the form f(y= 0.such asthis one.is to use the Newton-Raphson method.We start with an estimate yo of the solution and produce successively better estimates y1y2y3 using the formula y+1=yify/f'yiwhere fy denotes the derivative of f with respect to y.</ocr>",which portfolio has smaller convexity,,,,,,,,,screenshot,Portfolio B," Since the percentage decline in value of Portfolio A is less than that of Portfolio B, Portfolio A has a greater convexity.",hard,open question,fixed income,english,445,3,0,,,,,,,release_basic_txt,english_445,hard_open question_fixed income,hard_open question
602,english_245_2_r3,"William Pugh is a portfolio manager for the pension plan of the FMJ Corporation. Pugh is
evaluating portfolio managers for the pension plan.
PMA Asset Management follows a passive investment strategy that is implemented using
ETF’s rather than conventional mutual funds. PMA proposes to offer a new index portfolio that
reflects the Russell 2000 small-cap value index. PMA indicates that the technique used to
construct the new index portfolio assumes that the factors used to explain stock returns are
uncorrelated.
ASM Partners is an active manager. A common strategy that ASM implements is a pairs trade
where they take equal long and short positions in two common stocks in a single industry. These
positions are constructed so that they have no correlation with equity market returns.
CKI Financial Advisors also follows an active portfolio strategy. CKI has an active risk of 6%,
an information coefficient of 0.2, and a transfer coefficient of 0.5. CKI’s portfolio has a 2.8%
expected active return this year. A portfolio analysis for CKI is provided below in Exhibit 1.
<image_1>
ECO Asset Management follows an ESG investment strategy, its Investment universe includes
all US companies and sectors that have favorable environmental, social, and governance (ESG)
ratings and specifically excludes companies with products or services related to tobacco and
defense.
The manager of ECO is considering advocating for the implementation of ESG standards
through activist investing, and he makes the following comments:
Plenty of activist managers focusing on ESG issues exist, managers of these strategies utilize
the same tactics as more traditional activist investors because they both typically have shorter
time horizons and take stakes in target companies greater than 10% of the target’s outstanding
equity. Some of these tactics include proposing significant changes in corporate governance,
seeking board representation and engaging in proxy contests. /n <ocr>image_1 ocr text: Exhibit 1 Portfolio Anavsis for CKI Portfolio Benchmark Number of Stocks 25 700 Weighted Average Market Cap $25 billion $50 billion Dividend Yield 3.7% 1.8% P/E 12 22 P/B 1.2 2.5 Projected EPS growth 8% 13%</ocr>","Relative to a long-only strategy, the expected alpha of ASM Partners’ investment strategy is most likely",['A. half' 'B. twice' 'C. similar'],,,,,,,,table,B,"Solution: B.
ASM Partners’ strategy is a market neutral long-short strategy. This strategy generates two alphas,
one from the long position and one from the short position.",hard,multiple-choice,equity,english,245,2,0,,,,,,,release_basic_txt,english_245,hard_multiple-choice_equity,hard_multiple-choice
271,english_173_5_r3,"Amy Allison is a fund manager at Downing Securities. The third quarter ends today, and she is preparing for her quarterly review with her five largest U.S.-based clients. To complete her analysis, she has obtained the market data in Exhibit 1.

<image_1>

Allison’s assistant has prepared the following summaries of each client’s current situation, including any recent inquiries or requests from the client.
· Client A has a $20 million technology equity portfolio. At the beginning of the previous quarter, Allison forecasted a weak equity market and recommended adjusting the risk of the portfolio by reducing the portfolio’s beta from 1.20 to 1.05. To reduce the beta, Allison sold NASDAQ 100 futures contracts at $124,450 on 25 December. During the quarter, the market decreased by 3.5%, the value of the equity portfolio decreased by 5.1%, and the NASDAQ futures contract price fell from $124,450 to $119,347. Client A has questioned the effectiveness of the futures transaction used to adjust the portfolio beta.
· Client B’s portfolio holds $40 million of U.S. large-cap value stocks with a portfolio beta of 1.06. This client wants to shift $22 million from value to growth stocks with a target beta of 1.21. Allison will implement this shift using S&P/Barra Growth and S&P/Barra Value futures contracts.
· Client C anticipates receiving $75 million in December. This client is optimistic about the near-term performance of the equity and debt markets and does not want to wait until the money is received to invest it. The client wants Allison to establish a position that allocates 60% of the money to a well-diversified equity portfolio with a target beta of 1.00 and 40% of the money to a long-term debt portfolio with a target modified duration of 5.75. Allison plans to use the December U.S. Treasury-bond futures to establish the debt position.
· Client D’s $100 million portfolio contains $60 million in U.S. large-cap stocks, $20 million in U.S. Treasury bills, and $20 million in U.S. Treasury bonds. The client wants to create a synthetic cash position because he believes that in three months, the level of the S&P 500 Index will be 925.00, and Treasury bond yields will have declined.
· Client E’s $60 million portfolio contains $40 million in large-cap growth stocks and $20 million in U.S. Treasury bonds. The beta of the stock portfolio is 1.25 and the duration of the bond portfolio is 5.0. The client believes that macro economic conditions over the next three months are such that the level of the S&P/Barra Growth Index will be 400.00 and the price of the U.S. Treasury bond futures contract will be $110,400.
· Client F has $10 million in cash and is optimistic about the near-term performance of U.S. large-cap stocks and U.S. Treasury bonds. The client anticipates positive performance for approximately three months. Client F asks Allison to implement a strategy that will create profit from this view if it proves to be correct. /n <ocr>image_1 ocr text: Exhibit 1 Market Data As of 30 September Level of NASDAQ 100 Index 1223.14 Level of s&P500 Index 984.03 Level of S&P/Barra Growth Index 496.24 Level of S&P/Barra Value Index 484.28 Price of December S&P 5oo Index futures contract $245,750 Price of December S&P/Barra Growth futures contract $117,475 Price of December S&p/Barra Value futures contract $120,875 Beta of s&P/Barra Growth futures contract 1.15 Betaof s&P/Barra Value futures contract 1.03 Price of December U.S.Treasury-bond futures contract $106,906 Implied modified duration of U.S.Treasury-bond futures contract 6.87 Macaulay duration of U.S.Treasury-bond futures contract 7.05</ocr>","For Client E to shift, for three months, the portfolio allocation to 50% large cap growth stocks and 50% U.S. Treasury, and presuming no other changes in the characteristics of the portfolio, Allison will most likely:","['A. sell 92 stock index contracts and buy 136 Treasury future bond contracts.'
 'B. sell 370 stock index contracts and buy 68 Treasury future bond contracts.'
 'C. sell 92 stock index contracts and buy 68 Treasury future bond contracts.']",,,,,,,,screenshot,C,"Answer = C. Shifting the asset allocation from 66.66% stock/33.33% bonds to 50% stock/50% bonds requires that Allison sell stock index futures and buy bond index futures for a notional amount of $10,000,000. <image_2>",hard,multiple-choice,derivatives,english,173,5,0,,,,,,,release_basic_txt,english_173,hard_multiple-choice_derivatives,hard_multiple-choice
439,english_209_5_r3,"Aleksy Nowacki is a new portfolio manager at Heydon Investments. The firm currently
offers a single equity fund, which uses a top-down
investment strategy based on fundamentals.
Vicky Knight, a junior analyst at Heydon, assists with managing the fund.
Nowacki has been hired to start a second fund, the Heydon Quant Fund, which
will use quantitative active equity strategies. Nowacki and Knight meet to discuss
distinct characteristics of the quantitative approach to active management, and Knight
suggests three such characteristics:
Characteristic 1 The focus is on factors across a potentially large group of
stocks.
Characteristic 2 The decision-making
process is systematic and
non-discretionary.
Characteristic 3 The approach places an emphasis on forecasting the future
prospects of underlying companies.
Nowacki states that quantitative investing generally follows a structured and well-defined
process. Knight asks Nowacki:
“What is the starting point for the quantitative investment process?”
The new Heydon Quant Fund will use a factor-based
strategy. Nowacki assembles
a large dataset with monthly standardized scores and monthly returns for the strategy
to back-test
a new investment strategy and calculates the information coefficient.
FS(t) is the factor score for the current month, and FS(t + 1) is the score for the next
month. SR(t) is the strategy’s holding period return for the current month, and SR(t
+ 1) is the strategy’s holding period return for the next month.

As an additional step in back-testing
of the strategy, Nowacki computes historical
price/book ratios (P/Bs) and price/earnings ratios (P/Es) using calendar year-end
(31
December) stock prices and companies’ financial statement data for the same calendar
year. He notes that the financial statement data for a given calendar year are not
typically published until weeks after the end of that year.
Because the Heydon Quant Fund occasionally performs pairs trading using statistical
arbitrage, Nowacki creates three examples of pairs trading candidates, presented
in Exhibit 1. Nowacki asks Knight to recommend a suitable pair trade.
<image_1>
Knight foresees a possible scenario in which the investment universe for the
Heydon Quant Fund is unchanged but a new factor is added to its multifactor model.
Knight asks Nowacki whether this scenario could affect the fund’s investment-style
classifications using either the returns-based
or holdings-based
approaches. /n <ocr>image_1 ocr text: Exhibit1 Possible Pairs Trades Based on Statistical Arbitrage Current Price Ratio Compared with Long. Historical Price Historical Correlation Stock Pair Term Average Ratio Relationship between Returns 1 and 2 Not significantly Mean reverting High different 3and4 Significantly different Mean reverting High 5 and 6 Significantly different Not mean reverting Low</ocr>","Based on Exhibit 1, which stock pair should Knight recommend as the best candidate for statistical arbitrage?","['A. Stock 1 and Stock 2' 'B. Stock 3 and Stock 4'
 'C. Stock 5 and Stock 6']",,,,,,,,table,B,B is correct. Knight should recommend the Stock 3 and Stock 4 pair trade. Two stocks make for an ideal pairs trade if (1) the current price ratio differs from its long-term average and shows historical mean reversion and (2) the two stocks’ returns are highly correlated. The relationship between Stock 3 and Stock 4 meets these conditions.,medium,multiple-choice,equity,english,209,5,0,,,,,,,release_basic_txt,english_209,medium_multiple-choice_equity,medium_multiple-choice
624,english_249_1_r3,"Olympia Investments (OI) is an investment advisory firm based in US. One of OI’s clients HYDU is
a private university with an endowment valued at USD 1.5 billion invested primarily in traditional
assets. During the investment committee’s annual meeting, the chief investment officer (CIO) of
the endowment , Erik Lensherr suggests changing allocations in alternatives, specifically in hedge
funds and private equity. The investment committee (IC) asks Robert Reynold, a senior portfolio
manager at OI, to evaluate Lensherr’s suggestion. During their meeting, Reynold explains the risk
factor-based asset allocation framework, and currently the endowment still follows the
traditional approach to asset allocation. Reynold makes the following comments about the
benefits and limitations of the risk-based approach.
“The risk-based approach helps in identifying common risk factors across all investments,
whether public or private, passive or active. Investors can have an integrated risk management
framework, which can quantify risk effectively. This approach also faces certain limitations. The
risk-factor estimation may be sensitive to the historical sample, and it can sometimes lead to the
overestimation of portfolio diversification.”
Lensherr shows Reynold the endowment’s current asset given in Exhibit 1. 
<image_1>
The
endowment’s spending rate is 4% calculated as a percentage of the endowment’s trailing 5-year
average value. The IC assumes capital calls for private investments over the coming year to be
about 20% of the current private asset net asset value. Lensherr adds that the IC would like an
expected return of 8% and accept volatility of 15%. Reynold discovers that the IC is willing to
tolerate a 1-year 99% CVaR of -20%.
Reynold presents the following expected returns prepared by OI’s analysts to Lensherr based
on a stress scenario of the capital market for the next 12 months. OI predicts inflation to be at
expectations levels, short rates to be slightly up, bonds yield to be stable, and equities to be trending upwards.
<image_2>
Another client of OI is Atlantis Insurance. Reynold is discussing with Scott Lang, CFO of
Atlantis Insurance, how to diversify the insurance company’s portfolio. Lang is interested in
investing in different hedge fund strategies. In selecting a hedge fund manager, Lang prefers to
hire a manager that uses the following:
Take advantage of arbitrage opportunities between securities that arise because of
variations in duration, credit quality, liquidity, and optionality.
To exploit price differences relative to expected future price relationships, with mean
reversion being an important consideration.
To forecast macroeconomic conditions to enable trades across various points on the yield
curve.
Reynold presents the following potential hedge fund investments:
Hedge Fund 1: A relative value strategy fund focusing only on fixed-income arbitrage.
Hedge Fund 2: An equity strategy fund focusing only on Long/short equity strategies.
Hedge Fund 3: An opportunistic strategy fund focusing on global macro strategies. /n <ocr>image_1 ocr text: Exhibit 1 Strategic Asset Rebalancing Current Asset Allocation Target Ranges Allocation (with alternatives) Cash 2% 0-5% 2% Public Equities 35% 30-40% 34% Government Bonds& High 10% 5-15% 15% investment-grade Corporate Bonds (70%Govt/30% Corp.) Hedge Funds(excluding long/short 20% 15-25% 18% strategies) PrivateReal Estate 10% 5-15% 10% Private Equity 23% 20-30% 21% The high investment-grade corporate bonds are as liquid as the government bond investments./nimage_2 ocr text: Exhibit 2 Return Stress Scenario Cash 2.20% Public Equities -3.00% Government Bonds & High investment-grade Corporate -1.00% Bonds (70%Govt/30% Corp.) Hedge Funds -2.00% Private Real Estate 0.00% Private Equity -8.00%</ocr>",Which of the benefits or limitations of the risk-based approach is least accurate,"['A. The risk-based approach provides investors with an integrated risk management framework'
 'B. The risk-factor estimation may be sensitive to the historical sample'
 'C. The risk-factor approach may result in over-estimation of portfolio diversification']",,,,,,,,table,C,"Solution: C.
Over-estimation of portfolio diversification is a main limitation of the traditional approach and
not of a risk-based approach. The key limitations of the risk-based approach are: sensitivity to the
historical look-back period and implementation hurdles involving additional considerations for
liquidity planning, manager’s selection, and rebalancing policy.",hard,multiple-choice,alternative investments,english,249,1,0,,,,,,,release_basic_txt,english_249,hard_multiple-choice_alternative investments,hard_multiple-choice
259,english_171_5_r3,"The Kohler Family Foundation, an entity not subject to taxes, partially supports the financing of annual operating expenses for Kohler College . In addition to these annual costs, the Foundation has just committed itself to partially fund five different campus building renovation projects over the next 15 years, including student housing renovations in three dormitories and the expansion of classroom wings in two academic buildings.
Because of these new financial commitments, the Foundation’s investment committee, chaired by Frederick Schumacher, has decided to engage ECU Investment Management for advice on changing the Foundation’s portfolio asset allocation.
Thomas Roth, a senior investment consultant at ECU, conducts an introductory meeting with Schumacher to examine the Foundation’s asset allocation.
Schumacher explains to Roth:
“Our investment committee has discussed the necessity for changes to our approach to strategic asset allocation. We believe that these three standards should drive the Foundation’s strategic asset allocation and we want your opinion of them:
Standard 1: Our allocation should include long-term exposures to the systematic risks of the various asset classes.
Standard 2: Asset class weights should satisfy our investment objectives and constraints.
Standard 3: Perceived disequilibriums in markets in a given period should affect our asset weightings in the subsequent period.”
Roth states: “Your future building renovation projects indicate that an asset/liability management (ALM) approach to the Foundation’s strategic asset allocation would be appropriate . ALM seeks to adopt the optimal asset allocation in relationship to funding financial obligations.”
Schumacher replies:
“That seems to be an intelligent suggestion. I imagine the following three outcomes would result from adopting that approach:
Outcome 1: We would have a higher allocation to fixed income.
Outcome 2: The global market equilibrium portfolio would be our default asset allocation to which we would make adjustments to meet our future liabilities.
Outcome 3: Portfolio risk control related to our future spending needs would likely not be very precise.”
Roth inquires: “Can you explain how the Foundation has approached asset allocation in the past ? I would also like to understand your asset class specification methods.”

Schumacher explains: “Historically, our portfolio has comprised a diversified collection of domestic large-cap equities. We now believe we should diversify into additional asset classes, such as domestic mid-cap and small-cap equities. I have listed the asset classes we are considering in Exhibit 1 for your review.”


<image_1>


Schumacher observes: “Asset classes 4, 5, and 6 all have low correlations with equities . For diversification purposes, does it really make a difference which one we add?”
Roth comments: “We believe the addition of asset classes to your existing equity portfolio should be done with the goal of achieving a mean–variance improvement when including the new asset class. The Foundation should invest a major portion of the portfolio internationally, diversified across asset classes. As an example, our ECU Global Tactical Allocation Fund invests in non–US dollar (USD) equities, fixed income, and real estate, as well as in real return assets, such as commodities. The primary inputs to our tactical asset allocation decisions are a long-term outlook for the next three to five years and a six-month short-term forecast for each asset class. The weighted foreign currency exposure of our equities and fixed income mirrors the US Dollar Index, and we value our real estate and real return assets in USD. Exhibit 2 shows our fund’s strategic asset allocation weightings plus investment return and currency forecasts.”

<image_2>


Note: Short-term US Dollar Index forecast versus weighted currencies in portfolio: +3%.
Schumacher says: “I have the following three concerns with respect to investing internationally:
Concern 1: In times of market stress, diversification benefits can be drastically reduced.
Concern 2: Capital in some countries does not flow freely across borders, which can result in increased market segmentation.
Concern 3: Traditional mean–variance analysis may not apply.”
Roth replies: “Your concerns pertain to conditional correlation, market integration, and the efficient frontier; however, they are not all necessarily disadvantages.” /n <ocr>image_1 ocr text: Exhibit 1 Asset Class Correlations and 12-Month Sharpe Ratios Agricultural All LargeMidSmall Municipal Sharpe Asset Class Commodities Commodities Cap Cap Cap Bonds Ratio Index Index 1 Large cap 1 2.31 2 Mid cap 0.992 1 2.1 3 Small cap 0.978 0.983 1 2.54 Agricultural 4 Commodities 0.112 0.112 0.094 1 0.998 Index All Commodities 5 0.102 0.0950.085 0.553 1 0.026 Index Taxable 6 0.109 0.119 0.117 0.108 0.146 1 -0.055 municipal Bonds/nimage_2 ocr text: Exhibit 2 ECU Global Tactical Allocation Fund Asset class Asset weightings LT Outlook ST Forecast Developed market equities 55% 9.00% 12% Developed market fixed income 25% 3.00% 0% International real estate 10% 11.00% 12% Real return assets 15% 4.00% 7% Note: Short-term US Dollar Index forecast versus weighted currencies in portfolio: +3%</ocr>","Based on the return and currency forecasts in Exhibit 2, ECU's tactical asset allocation shifts would most likely increase weightings in:","['A. real estate and real return assets and decrease equities and fixed income.'
 'B. fixed income and real return assets and decrease equities and real estate.'
 'C. equities and real return assets and decrease fixed income.']",,,,,,,,table,A,"Answer = A.
Tactical asset allocation involves making short-term adjustments to asset class weights based on short-term predictions of relative performance among asset classes. Equities are forecast to perform 3% above their long-term outlook in the next six months; however, the weighted currencies are forecast to drop 3% (a gain of 3% in USD). Fixed income is forecast to return 3% less than the long-term outlook and is also forecast to be exposed to a 3% currency loss (a gain of 3% in USD). Real estate and real return assets are both forecast to perform above their long-term expected returns and are not exposed to a weakening in the currencies.",hard,multiple-choice,portfolio management,english,171,5,0,,,,,,,release_basic_txt,english_171,hard_multiple-choice_portfolio management,hard_multiple-choice
370,english_192_2_r3,"Rebecca Mayer is an asset management consultant for institutions and high-net-worth individuals. Mayer meets with Sebastian Capara, the newly appointed Investment Committee chairman for the Kinkardeen University Endowment (KUE), a very large tax-exempt fund.

Capara and Mayer review KUE’s current and strategic asset allocations, which are presented in Exhibit 1. Capara informs Mayer that over the last few years, Kinkardeen University has financed its operations primarily from tuition, with minimal need of financial support from KUE. Enrollment at the University has been rising in recent years, and the Board of Trustees expects enrollment growth to continue for the next five years. Consequently, the board expects very modest endowment support to be needed during that time. These expectations led the Investment Committee to approve a decrease in the endowment’s annual spending rate starting in the next fiscal year.
<image_1>
As an additional source of alpha, Mayer proposes tactically adjusting KUE’s asset-class weights to profit from short-term return opportunities. To confirm his understanding of tactical asset allocation (TAA), Capara tells Mayer the following:

Statement 1 The Sharpe ratio is suitable for measuring the success of TAA relative to SAA.
Statement 2 Discretionary TAA attempts to capture asset-class-level return anomalies that have been shown to have some predictability and persistence.
Statement 3 TAA allows a manager to deviate from the IPS asset-class upper and lower limits if the shift is expected to produce higher expected risk-adjusted returns.

Capara asks Mayer to recommend a TAA strategy based on excess return forecasts for the asset classes in KUE’s portfolio, as shown in Exhibit 2.
<image_2>
Following her consultation with Capara, Mayer meets with Roger Koval, a member
of a wealthy family. Although Koval’s baseline needs are secured by a family trust,
Koval has a personal portfolio to fund his lifestyle goals.
In Koval’s country, interest income is taxed at progressively higher income tax rates.
Dividend income and long-term
capital gains are taxed at lower tax rates relative to
interest and earned income. In taxable accounts, realized capital losses can be used to
offset current or future realized capital gains. Koval is in a high tax bracket, and his
taxable account currently holds, in equal weights, high-yield
bonds, investment-grade
bonds, and domestic equities focused on long-term
capital gains.
Koval asks Mayer about adding new asset classes to the taxable portfolio. Mayer
suggests emerging markets equity given its positive short-term
excess return forecast.
However, Koval tells Mayer he is not interested in adding emerging markets equity to
the account because he is convinced it is too risky. Koval justifies this belief by referring
to significant losses the family trust suffered during the recent economic crisis.
Mayer also suggests using two mean–variance portfolio optimization scenarios
for the taxable account to evaluate potential asset allocations. Mayer recommends
running two optimizations: one on a pre-tax
basis and another on an after-tax
basis. /n <ocr>image_1 ocr text: Exhibit1 Kinkardeen University Endowment-Strategic Asset Allocation Policy Lower Current Target Policy Upper Asset Class Weight Allocation Limit Policy Limit Developed markets equity 30% 30% 25% 35% Emerging markets equity 28% 30% 25% 35% Investment-grade bonds 15% 20% 15% 25% Private real estate equity 15% 10% 5% 15% Infrastructure 12% 10% 5% 15%/nimage_2 ocr text: Exhibit2 Short-Term Excess Return Forecast Expected Excess Asset Class Return Developed markets equity 2% Emerging markets equity 5% Investment-grade bonds 3% Private real estate equity 3% Infrastructure -1%</ocr>","Given Koval’s current portfolio and the tax laws of the country in which he
lives, Koval’s portfolio would be more tax efficient if he reallocated his taxable
account to hold more","['A. high-yield bonds' 'B. investment-grade bonds'
 'C. domestic equities focused on long-term capital gain opportunities.']",,,,,,,,table,C,"C is correct. As a general rule, the portion of a taxable asset owner’s assets that are eligible for lower tax rates and deferred capital gains tax treatment should first be allocated to the investor’s taxable accounts. Assets that generate returns mainly from interest income tend to be less tax efficient and in Koval’s country are taxed at progressively higher rates. Also, the standard deviation (volatility) of after-tax returns is lower when equities are held in a taxable account. Therefore, Koval’s taxable account would become more tax efficient if it held more domestic equities focused on long-term capital gain opportunities.",hard,multiple-choice,portfolio management,english,192,2,0,,,,,,,release_basic_txt,english_192,hard_multiple-choice_portfolio management,hard_multiple-choice
222,english_164_4_r3,"Karin Larsson is a new employee in the risk management group at Baltic Investment Management, Inc. She is replacing Sten Reinfeldt, who has agreed to help her transition into her new role. Reinfeldt explains that risk governance refers to the process of setting risk management policies and standards for an organization, thus enabling firms to establish appropriate ranges for exposures and to emphasize individual risk factors within a centralized type of enterprise risk management.
Baltic manages proprietary investment strategies, which creates risk exposures for the firm. Reinfeldt explains that these risks are both financial and nonfinancial in nature and proceeds to list several specific sources of risk:
Risk 1: Model risk
Risk 2: Liquidity risk
Risk 3: Settlement risk
Baltic uses value at risk (VaR) as a probability-based measure of loss potential for its fixed-income strategies. Reinfeldt states that the VaR for the fixed-income strategy is SEK10 million during any five-day period with a probability of 5%. Larsson asks Reinfeldt to estimate the fixed-income strategy's VaR at given levels of probability for specified periods.
Baltic manages an equity strategy in addition to the fixed-income strategy. The trading desks for each strategy are granted risk budgets that consider the allocation of both capital and daily VaR. The correlation between the equity desk and the fixed-income desk is low. Exhibit 1 provides risk-budgeting data for both desks.


<image_1>

Reinfeldt comments that the risk management group has adopted stress testing to complement VaR analysis given some of its limitations. He lists several of limitations of VaR for Larsson:
Limitation 1: VaR inaccurately measures risk exposure because it overestimates the magnitude and frequency of the worst returns.

Limitation 2: VaR incompletely measures risk exposure because it does not incorporate positive results into its risk profile.
Limitation 3: VaR incorrectly measures risk exposure because there are limited calculation methods and they often yield similar outcomes.
Larsson is concerned about credit exposure within the fixed-income strategy and asks Reinfeldt how Baltic manages this risk. Reinfeldt responds, ""We manage credit risk in a number of ways. First, we use credit derivatives in order to transfer credit risk. Second, we mark to market our credit derivatives in order to post collateral whenever a credit derivative's value is positive to Baltic and negative to the swap counterparty."" /n <ocr>image_1 ocr text: Exhibit 1 Trading Desk Data (SEK million) Fixed- Equity Income Desk Desk Capital 200 100 Daily VaR 10 10 Monthly 25 15 Profit</ocr>",Is Reinfeldt's statement regarding credit derivatives most likely correct?,"['A. No, he is incorrect about transferring credit risk'
 'B. No, he is incorrect about marking to market' 'C. Yes']",,,,,,,,table,B,"Answer = B. Whenever the mark-to-market value is positive to Baltic, the credit derivative counterparty, not Baltic, will post collateral. Baltic will post collateral only if the mark-to-market value is negative to Baltic/positive to the swap counterparty.",medium,multiple-choice,portfolio management,english,164,4,0,,,,,,,release_basic_txt,english_164,medium_multiple-choice_portfolio management,medium_multiple-choice
4,english_1_5_r3,"Below image is a sceenshot of the Contract specifications for a puttable floating rate note issued by the Korea Development from Bloomberg. <image_1>
Bank. /n <ocr>image_1 ocr text: DES DL17CORP DES Enter 10 <Go>forNews,11 <Go>for Involved Parties SECURITY DISPLAY PAGE1/ 6 KOREA DEV BANK KDBF1oat06/02 NOT PRICED ISSUER INFORMATION SECURITY INFORMATION SERIES: EMTN NAME KOREA DEVELOPMENT BANK NOT SEASONED TYPE BANK CPN FREQ QUARTLY IDENTIFICATION #'s REDEMPTION INFO CPN TYPE FLOATING ISIN XS0077584307 MATURITY DT 6/30/ 2 MTY/REFUND TYP CALL/PUT MLNUM FDLD9 REFUNDING DT CALC TYP21)FLOATRATENOTE NEXT CALL DT 6/30/0 DAYCOUNT2ACT/360 COMMON 007758430 WORKOUT DT 6/30/ 2 MARKET ISS EURO MTN RISK FACTOR COUNTRY/CURR S.K./USD ISSUANCE INFO COLLATERAL TYP SR UNSUB ANNOUNCE DT 6/16/97 RATINGS AMT ISSUED 300000M 1ST SETTLE DT 6/30/97 300,000(M) MOODY Baa2/*- AMT OUTSTAND 1ST CPN DT 9/30/97 MIN PC/INC S&P A- /*- 10,000/10,000 INTACCRUE DT6/30/97 COMP BBB1 PAR AMT 10,000.00 PRICE @ ISSUE 99.95 DCR GS INTL NA LEADMGR/UWRTR FITCH NA LISTED LONDON IBCA NA NOTES NO PROSPECTUS FALLS BELOW A- OR MOODY'S RATING FALLS BELOW A3. Bloomberg-al1 rights reservedFrankfurt:69-920410 Hong Kong:2-521-3000 London:171-330-750 New York:212-318-2000 Princeton:609-279-3000 Singapore:226-3000 Sydney:2-9777-8600 Tokyo:3-3201-8900 Sao Paul0:11-3048-4500 G194-79-13 12-Dec-97 8:53:41</ocr>","As of the date on the Bloomberg terminal, what is the status of the Korea Development Bank security’s maturity?","['A. It will mature in less than a year' 'B. It has recently matured'
 'C. Maturity is scheduled in the next 5 years'
 'D. It has more than 10 years until maturity']",,,,,,,,chart,C,,easy,multiple-choice,fixed income,english,1,5,0,,,,,,,release_basic_txt,english_1,easy_multiple-choice_fixed income,easy_multiple-choice
266,english_172_6_r3,"Asis Subramanium was recently hired by the pension fund Nash, Barwich, and Stuart (NBS) as a Portfolio Performance Evaluation Specialist. NBS does not have a formal performance evaluation policy and Dev Radia, Director of Portfolio Management, asks Subramanium to develop such a policy for the firm.
Collecting research related to performance evaluation, Subramanium tells Radia that a performance evaluation policy should address the following three major issues:
1. Performance measurement defined as the calculation of the rates of return based on investment-related changes in an account’s value over specified time periods;
2. Performance attribution which investigates the sources of the account’s performance relative to a manager’s past performance and the importance of those sources; and
3. Performance appraisal which attempts to answer the question whether the account’s performance is due to luck or skill.
The two start their discussion of other issues relating to performance evaluation by comparing time-weighted return (TWR) to money-weighted return (MWR). Subramanium provides an example of the two methods using the recent month’s history of the West Riverdale Defined Benefit Plan. As indicated in Exhibit 1, the start of month value of the plan was $20,000,000. The portfolio is revalued whenever a cash flow arises and all daily cash flows occur at the end of the stated day, e.g., on the eight day into the month the account received a contribution of $200,000 and had an end of the day value of $21,200,000. At the end of the month (day 30), the terminal value of the account was $20,255,000.

<image_1>


Radia picks up the discussion at this point, saying, “Having calculated TWR and/or MWR, one needs a benchmark against which the account return can be compared. Many issues arise in this choice of a benchmark.” Radia points out three:

1. Consultants and fund sponsors frequently use the median manager or fund from a broad universe of managers or funds as a performance evaluation benchmark. This approach is flawed, as it fails the test of being measurable.
2. A drawback of a style index is that the definition of investment style implied in the benchmark may be inconsistent with the investment process of the manager.
3. The absolute return objective is generally the preferred approach.
The two move on to consider performance evaluation of hedge funds and agree that hedge fund performance can be especially difficult to evaluate. They provide three reasons why this is so:
1. If the hedge fund consists of a long-short portfolio which nets to an initial market value of zero, the rate of return on the portfolio would be undefined, approaching either positive infinity or negative infinity due to this division by zero problem.
2. Even when the hedge fund’s assets do not net to zero, the vagueness of defining “hedge funds” makes it difficult to assign specific benchmarks.
3. The option-like features of many hedge funds make the use of the Sharpe ratio a preferred approach to performance measurement.
The two agree that investment skill requires a manager to outperform an appropriate benchmark, on average over time, and on a risk-adjusted basis. Commonly used measures that adjust for risk are the Treynor measure, the Sharpe ratio, and M2. To demonstrate the differences between these three measures, Subramanium collects the data given in Exhibit 2 along with his partially completed calculations on three accounts.

<image_2>

Finally, Radia asks Subramanium if there are any issues to be considered regarding manager continuation policy. Subramanium answers that there are two types of mistakes you can make:
· one mistake is to fire (or not hire) a manager with positive value-added management;
· a second mistake is to keep (or hire) managers that provide zero value-added. /n <ocr>image_1 ocr text: Exhibit 1 West Riverdale Defined Benefit Plan Recent month's history Contributions (+) and Market Value Day Withdrawals  ($) Post Cash Flow 0 20,000,000 8 200,000 21,200,000 11 -250,000 20,025,000 22 180,000 20,300,000 30 20,255,000/nimage_2 ocr text: Exhibit 2 Data Relating to Common Risk-Adjustment Tools Average Standard Ex Post Beta of Sharpe M2 Treynor Account Deviation of the Asset Ratio Measure Asset Asset Returns Return W-Life 15% 22% 1.35 0.11 0.5 Lee Co 9% 6% 1.05 0.83 4.76 G. Ltd 8% 7% 0.85 0.12 4.71 Market Data: 4% Average Risk-free Return 12% Average Return on the Market Standard Deviation of the Market Return 14%</ocr>",Subramanium's answers to Radia's question regarding manager continuation policy best describes a Type I error for:,"['A. both statements.'
 'B. the second statement and a Type II error for the first statement.'
 'C. the first statement and a Type II error for the second statement.']",,,,,,,,table,B,Answer = B. The null hypothesis is that the manager has no skill while the alternative is that the manager is skillful. The first statement describes a Type II error (not rejecting the null when it is incorrect) and the second statement describes a Type I error (rejecting the null when it is correct).,hard,multiple-choice,portfolio management,english,172,6,0,,,,,,,release_basic_txt,english_172,hard_multiple-choice_portfolio management,hard_multiple-choice
1241,english_428_3_r3,"Suppose you observe the following situation:
 <image_1> /n <ocr>image_1 ocr text: State of Probability Return if State Occurs Economy of State Stock A Stock B Bust .15 .10 -.08 Normal .60 .09 .08 Boom .25 .32 .26</ocr>","Assuming the capital asset pricing model holds and Stock A’s beta is greater than 
 Stock B’s beta by .25, what is the expected market risk premium?",,,,,,,,,table,".0720, or 7.20%","We can use the expected returns we calculated to find the slope of the Security Market Line. We know that the beta of Stock A is .25 greater than the beta of Stock B. Therefore, as beta increases by .25, the expected return on a security increases by .018 (= .1190 – .1010). The slope of the security market line (SML) equals:
 SlopeSML = Rise / Run
 SlopeSML = Increase in expected return / Increase in beta
 SlopeSML = (.1190 – .1010) / .25
 SlopeSML = .0720, or 7.20%
 Since the market’s beta is 1 and the risk-free rate has a beta of zero, the slope of the Security Market Line equals the expected market risk premium. So, the expected market risk premium must be 7.2 percent.
 We could also solve this problem using CAPM. The equations for the expected returns of the two stocks are:
 .119 = Rf + (βB + .25)(MRP)
 .101 = Rf + βB(MRP)
 We can rewrite the CAPM equation for Stock A as:
 .119 = Rf + βB(MRP) + .25(MRP)
 Subtracting the CAPM equation for Stock B from this equation yields:
 .018 = .25MRP
 MRP = .0720, or 7.20%
 which is the same answer as our previous result.",medium,open question,portfolio management,english,428,3,0,,,,,,,release_basic_txt,english_428,medium_open question_portfolio management,medium_open question
766,english_305_3_r3,"Fountain Corporation’s economists estimate that a good business environment and a bad business environment are equally likely for the coming year. The managers of the company must choose between two mutually exclusive projects. Assume that the project the company chooses will be the firm’s only activity and that the firm will close one year from today. The company is obligated to make a $3,500 payment to bondholders at the end of the year. The projects have the same systematic risk but different volatilities. Consider the following information pertaining to the two projects: <image_1> /n <ocr>image_1 ocr text: Low-Volatility High-Volatility Economy Probability Project Payoff Project Payoff Bad .50 $3,500 $2,900 Good .50 3,700 4,300</ocr>",Which of the two strategies maximizes the expected value of the firm?,,,,,,,,,table,Same,"Since this is the only project for the company, the company value will be the same as the project value",easy,open question,equity,english,305,3,0,,,,,,,release_basic_txt,english_305,easy_open question_equity,easy_open question
23,english_17_1_r3,"<ocr>image_1 ocr text: Expected Standard Investment Return Er Deviation 1 0.12 03 2 0.15 05 3 0.21 0.16 4 0.24 0.21/nimage_2 ocr text: U=E(r)-A/2)s2,where A=4.0</ocr>","Use the below information to answer the following question. <image_1> <image_2> Based on the utility function above, which investment would you select?","['A. 1' 'B. 2' 'C. 3' 'D. 4'
 'E. Cannot be determined from the information given']",,,,,,,,screenshot,C,<ans_image_1>,easy,multiple-choice,equity,english,17,1,0,,,,,,,release_basic_txt,english_17,easy_multiple-choice_equity,easy_multiple-choice
509,english_225_5_r3,"Laura Davidson is a financial advisory partner with Emerald Private Bank (Emerald). Emerald is
based in Dublin, Ireland, and manages money on behalf of high-net-worth individual investors,
foundations, and endowments. Davidson works in Emerald's private wealth group (PWG). This
group is tasked with meeting clients, developing financial plans, and implementing
recommendations from Emerald's investment committee. The PWG meets weekly to review new
client relationships and to discuss the most appropriate approach for working with each client.
Emerald believes there are significant benefits to incorporating behavioral finance as part of their
client assessment process and has recently made changes to this effect. During preparation for
the weekly PWG meeting, Davidson reviews the financial holdings of three new clients along with
their risk assessment questionnaires. Her observations are summarized in Exhibit 1.

<image_1>

During the meeting, fellow adviser Liam Roche makes the following observation based on
the information in Exhibit 1: ""Mr. Donnelly should respond favorably to education focused on
how the investment program affects financial security, retirement planning, and future
generations. However, Ms. Connor and Mr. O'Driscoll will respond better to education on
portfolio metrics, such as the Sharpe Ratio.""
Amanda Kelly is an investment strategist and a member of Emerald's investment committee.
Kelly sits in on the PWG meeting to provide an update on the firm's investment themes and
positioning. Emerald has developed a multi-factor macro model to forecast such variables as GDP
growth and interest rate movements. At the meeting, Kelly provides detailed information about the macro model, including many statistics on how the factors have performed using both
in-sample and out-of-sample backtesting. The model appears to have had a good track record of
predicting changes in the macro environment over time.
As part of her investment update, Kelly notes that the macro model predicts that interest
rates in Europe are going to revert to their historical averages over the next three years and that
this move will start within the next six to nine months. Davidson asks Kelly if recent
unprecedented monetary policy actions by the Bank of England and European Central Bank have
affected the reliability of the model. Kelly responds that because the macro model incorporates
more than 100 different variables, central bank policies are accurately accounted for.
Later that day, Kelly attends Emerald's weekly investment committee meeting. Kelly brings
up Davidson's concerns regarding how central bank activity may affect the accuracy of their
macro model. Emerald's chief investment officer (CIO), who chairs the meeting, dismisses
Davidson's concerns as uninformed. The rest of the committee members agree. The CIO then
suggests updating their stock selection model to incorporate a price momentum factor. Kelly
states that she is concerned that momentum will not be effective across all sectors. The CIO
counters that because several behavioral biases support the persistence of price momentum,
they would be foolish not to incorporate this factor. After a brief discussion, the other committee
members agree with the CIO and momentum is added to the stock selection model.
Following the meeting, Kelly is frustrated and writes an email to the CIO with suggestions
she believes will improve the dynamics of the investment committee in the future. Her
recommendations include the following:
1. Spending more time analyzing prior committee decisions.
2. Structuring the committee to ensure a higher level of common skills and experiences.
3. Requesting stated opinions from members prior to any formal committee discussion. /n <ocr>image_1 ocr text: Exhibit 1 Client Assessment Highlights Client AssessmentNotes Conner is a mid level executive at a publicly traded technology company. Kyra Approximately 80 percent of her defined contribution plan is invested in her own Conner company's stock.Conner focuses on short-term performance and is not comfortable with change.Her assessment indicates she is not comfortable taking excessive risks. Donnelly recently sold a large publishing firm that he founded 20 years ago. Although he has substantial assets, he spends at a rate that does not appear to be Michael sustainable.He has a very high-risk tolerance and enjoys chasing high risk Donnelly investments recommended by friends. He is strong willed and questions the benefits of portfolio diversification. O'Driscoll isa retired biotechnology executive. His investment portfolio is Alan comprised of a variety of mutual funds and stocks he has acquired over the years O'Driscoll based on recommendations from friends and colleagues.He tends to be drawn to the latest, popular investment themes.He is indicated as a moderate risk taker.</ocr>",Which of Kelly's recommendations is least likely to be effective,['A. Recommendation 1' 'B. Recommendation 2' 'C. Recommendation 3'],,,,,,,,screenshot,B,"Solution: B.
It is recommended that investment committees be composed of people with differing skills and
experiences, not similar as Kelly has suggested. Decision makers are most likely to learn to control
harmful behavioral biases when they have repeated attempts at decision making and there is
good quality feedback on prior outcomes. The investment committee chair should actively
encourage alternative opinions so that all perspectives are covered. Asking for individual views prior to discussion can help mitigate the impact of group thinking",hard,multiple-choice,portfolio management,english,225,5,0,,,,,,,release_basic_txt,english_225,hard_multiple-choice_portfolio management,hard_multiple-choice
316,english_182_3_r3,"William Gatchell, is an investment analyst with the Sonera Endowment Fund. Sonera is considering hiring a new equity investment manager. In preparation, Gatchell meets with Anjou Lafite, another analyst at the fund, to review a relevant part of the endowment’s investment policy statement: Funds will be invested in the most efficient vehicle that meets the investment objective. Each manager must demonstrate the efficiency with which the tracking error they use delivers active return. In addition, each manager must consistently adhere to his or her stated style. Gatchell is given the task of reviewing three investment managers and selecting a manager that is most likely to adhere to Sonera’s investment policy statement. Information about the investment managers is shown in Exhibit 1.

<image_1>


Gatchell is reviewing the fee structures proposed by the three investment managers. He finds the following reference in Sonera’s investment policy statement: The fee structure must be easy to understand and avoid undue complexity wherever possible. Also, the fee structure must be predictable, so Sonera can reasonably forecast these costs on a yearly basis as an input to the annual budgeting process. He understands there are many different fee structures, and he wants to make sure he chooses the most appropriate one for the Sonera. Gatchell prepares a recommendation for the investment policy committee regarding the most appropriate fee structure. Sonera has followed an active investment style for many years. Gatchell would like to recommend to the investment policy committee that a portion of the funds be invested using a passive investment style. His research shows there are a number of methods used to weight the stocks in an index, each having its own characteristics. The one key feature he believes is important is that the method chosen not be biased toward small-capitalization stocks.

Gatchell is also examining different ways to establish passive equity exposure. He states to Lafite: There are a number of ways to get passive equity exposure; we can invest in an equity index mutual fund, a stock index futures contract, or a total return equity swap. Stock index futures and equity swaps are low-cost alternatives to equity index mutual funds; however, a drawback of stock index futures is that they have to be rolled over periodically. One advantage of investing in equity mutual funds is that shares can be redeemed at any point during the trading day. Gatchell is reviewing the performance of another investment manager, Far North, which uses a value-oriented approach and specializes in the Canadian market. Gatchell would like to recommend to the investment policy committee that the fund diversify geographically. The information for Far North and the related returns are shown in Exhibit 2.

<image_2>


The investment policy committee reviews the information in Exhibit 2 and is not familiar with the terms “true active return” and “misfit active return.” Gatchell responds with the following statement: The true active return is the return Far North made above its normal benchmark return. The misfit active return is the return Far North made above the investor’s benchmark return. The term “investor’s benchmark” refers to the benchmark the investor uses to evaluate performance for a given portfolio or asset class. /n <ocr>image_1 ocr text: Exhibit 1:Investment Manager Data Investment Manager A B C Assets under management ($ 1,325 3,912 524 millions) Information ratio 0.27 0.5 0.75 Small-cap value index, beta 0.95 0.98 1.05 Small-cap growth index, beta 0.32 0.43 0.48 Large-cap value index, beta 1.05 1.1 0.96 Large-cap growth index, beta 0.47 0.39 0.37 Manager-stated style Value Value Growth Manager-stated sub-style Low P/E High yield. Momentum</ocr>","Which fee structure is most appropriate for Sonera, based on the criteria in the investment policy statement","['A. An ad valorem fee structure'
 'B. A performance-based fee structure with a high-water mark'
 'C. A performance-based fee structure with a fee cap']",,,,,,,,table,A,Answer = A. Ad valorem fee structures are both simple and predictable. The ad valorem fee structure is calculated by multiplying the value of the assets by a percentage.,easy,multiple-choice,equity,english,182,3,0,,,,,,,release_basic_txt,english_182,easy_multiple-choice_equity,easy_multiple-choice
210,english_162_2_r3,"Gregory Dodson, is an investment consultant who advises individual and institutional clients on their equity portfolios. During a typical work week, he is called upon to evaluate a variety of situations and provide expert advice. This week, he is meeting with three clients.
Dodson's first client meeting is with the Magnolia Foundation, a small not-for-profit organization. Magnolia currently uses three long-only portfolio managers for its equity investments. Details of those investments, including expected performance relative to Magnolia's equity benchmark, the S&P 500 Index, are shown in Exhibit 1.

<image_1>

Magnolia's goal for its total equity investment is expected alpha greater than 0.40% and expected tracking error less than 1.00%.
Dodson's second client meeting is with Sarah Tan, a wealthy individual who is actively involved in managing her investments. Tan wants to add a $100 million allocation to US midcap stocks, represented by the US S&P 400 Midcap Index, to her long-term asset allocation. No investment has been made to meet this new allocation.
Tan has not found any manager capable of generating positive alpha in US midcap stocks. She has, however, identified a long-only portfolio manager of Canadian equities whom she believes will produce positive alpha. This manager uses the S&P/TSX (Toronto Stock Exchange) Index as a benchmark. Tan wants to create a portable alpha strategy that will earn the alpha of the Canadian equity portfolio and meet the new benchmark allocation to US midcap stocks. She asks Dodson for advice to establish this strategy. Tan provides some information about the security selection methods used by the Canadian equity portfolio manager. The Canadian manager uses a proprietary discounted cash flow model to analyze all stocks in the S&P/TSX Index and purchases those with market prices that are the most below the intrinsic value estimated by his model, regardless of their price-to-earnings ratios (P/Es).
Dodson's third client meeting is with the chief investment officer (CIO) of Susquehanna Industries' pension fund. The fund needs to establish a $50 million portfolio that replicates the Russell 2000 Index, an index of small-cap US equities. The CIO's goal is to minimize trading costs. He asks Dodson to suggest an investment approach that will meet this goal. The CIO also outlines his portfolio managers' sell discipline with respect to the pension fund's actively managed value and growth equity portfolios. Currently, the managers monitor the P/E of each stock held. A value stock is sold when its P/E rises to its 10-year historical average. A growth stock is sold when its P/E falls to its 10-year historical average. /n <ocr>image_1 ocr text: Exhibit 1 Magnolia Foundation Equity Portfolio Managers Investment Size Expected Expected ($ millions) Alpha Tracking Error Manager A 140 0% 0% Manager B 40 1.50% 2.50% Manager C 20 2.00% 4.00%</ocr>",Do the Magnolia Foundation's current equity investments most likely meet its total equity investment return and risk goals?,"['A. Yes' 'B. No, the expected alpha is too low'
 'C. No, the expected tracking error is too high']",,,,,,,,table,A,Answer = A. <ans_image_1> which is less than 1.00%.,hard,multiple-choice,equity,english,162,2,0,,,,,,,release_basic_txt,english_162,hard_multiple-choice_equity,hard_multiple-choice
183,english_157_2_r3,"William Gatchell, is an investment analyst with the Sonera Endowment Fund. Sonera is considering hiring a new equity investment manager. In preparation, Gatchell meets with Anjou Lafite, another analyst at the fund, to review a relevant part of the endowment’s investment policy statement:
“Funds will be invested in the most efficient vehicle that meets the investment objective. Each manager must demonstrate the efficiency with which the tracking error they take on delivers active return. In addition, each manager must consistently adhere to his stated style.”
Gatchell is given the task of reviewing three investment managers and selecting a manager that is most likely to adhere to Sonera’s investment policy statement. Information about the investment managers is found in Exhibit 1.

<image_1>

Gatchell is reviewing the fee structures proposed by the three investment managers. He finds the following reference in the investment policy statement:
“The fee structure must be easy to understand and avoid undue complexity wherever possible. Also, the fee structure must be predictable, so Sonera can reasonably forecast these costs on a yearly basis as an input to the annual budgeting process.”


PMHe understands there are many different fee structures, and he wants to make sure he chooses the most appropriate one for the Sonera Endowment Fund. He prepares a recommendation to the investment policy committee regarding the most appropriate fee structure.Sonera has followed an active investment style for many years. Gatchell would like to recommend to the investment policy committee that a portion of the funds be invested using a passive investment style. His research shows there are a number of methods used to weight the stocks in an index, each having its own characteristics. The one key feature he feels is important is that the method chosen not be biased towards small- capitalization stocks.Gatchell is also examining different ways to establish passive equity exposure. He states to Lafite, “There are a number of ways to get passive equity exposure; we can invest in an equity index mutual fund, a stock index futures contract, or a total return equity swap. Stock index futures and equity swaps are low- cost alternatives to equity index mutual funds; however, a drawback of stock index futures is they have to be rolled over periodically. One advantage of investing in equity mutual funds is that shares can be redeemed at any point during the trading day.”Gatchell is reviewing the performance of another investment manager, Far North, which employs a value- oriented approach and specializes in the Canadian market. Gatchell would like to recommend to the investment policy committee that the fund diversify geographically. The information for Far North and the related returns are found in Exhibit 2.

<image_2>

The investment policy committee reviews the information in Exhibit 2 and is not familiar with the terms true active return and misfit active return. Gatchell responds with the following statement:
“The true active return is the return Far North made above its normal benchmark return. The misfit active return is the return Far North made above the investor’s benchmark return. The term investor’s benchmark refers to the benchmark the investor uses to evaluate performance for a given portfolio or asset class.” /n <ocr>image_1 ocr text: Figure 1: Asset Allocation of Montana Hardware, Inc. Sector %ofPortfolio Duration U.S.Treasury 14.6% 7.54 U.S. agencies. 23.7% 9.02 U.S. corporates 31.8% 4.52 U.S. mortgages (MBS) 11.4% 1.33 Non-U.S. governments 18.5% 3.22 100.0%/nimage_2 ocr text: Figure 2:Asset Allocation of Buffalo Sports,Inc Sector %ofPortfolio Duration U.S. Treasury 10.1% 6.15 U.S. agencies 14.5% 7.20 U.S.corporates 20.9% 5.80 U.S. mortgages (MBS) 33.7% 4.65 U.S.ABS 8.2% 3.67 Non-U.S. governments 12.6% 2.50 100.0%</ocr>","Based on Exhibit 1, is there sufficient information for Gatchell to create and interpret the results of a style box?","['A. Yes' 'B. No, because additional index data are required'
 'C. No, because additional holdings data are required']",,,,,,,,table,C,C is correct because holdings data are required to create a style box and interpret the results. Gatchell is given the styles and the assets under management but not each individual investment or holding that each investment manager has selected.,medium,multiple-choice,equity,english,157,2,0,,,,,,,release_basic_txt,english_157,medium_multiple-choice_equity,medium_multiple-choice
769,english_305_6_r3,"Fountain Corporation’s economists estimate that a good business environment and a bad business environment are equally likely for the coming year. The managers of the company must choose between two mutually exclusive projects. Assume that the project the company chooses will be the firm’s only activity and that the firm will close one year from today. The company is obligated to make a $3,500 payment to bondholders at the end of the year. The projects have the same systematic risk but different volatilities. Consider the following information pertaining to the two projects: <image_1> /n <ocr>image_1 ocr text: Low-Volatility High-Volatility Economy Probability Project Payoff Project Payoff Bad .50 $3,500 $2,900 Good .50 3,700 4,300</ocr>",Which project would the company’s stockholders prefer? Explain.,,,,,,,,,table,High-volatility project,"Risk-neutral investors prefer the strategy with the highest expected value. Thus, the company’s stockholders prefer the high-volatility project since it maximizes the expected value of the company’s equity.",easy,open question,equity,english,305,6,0,,,,,,,release_basic_txt,english_305,easy_open question_equity,easy_open question
172,english_155_1_r3,"Val Mishum is a senior manager at Stone Bancorp, Inc. She, and two of her colleagues, Peg Todd and Nat Filbert, have just joined the in-house pension investment committee which oversees the investment process for Stone’s defined-benefit plan. As a team, they will help the investment committee measure overall return, consider benchmarks and evaluate outside investment managers. Todd initiates a discussion of the use of benchmarks applicable to various fund managers including hedge funds.


Todd:
“We should match the passive and active managers with the appropriate security market index. Any benchmark or index we use should fit the specific needs of the sponsor (Stone Bancorp) rather than just the manager. Also, excluding the hedge funds, the indexes should be widely available.”
Filbert:
“An appropriate benchmark will have risks similar to that of an active manager’s portfolio allowing us to better identify and reduce active risk exposure. If the benchmark and manager risk levels are aligned, we are indifferent whether positive excess returns are achieved by skill or by luck.”
Mishum:
“For active equity portfolios, we should at least be able to attribute returns to security selection or industry bets.”
Mishum’s team reviews report summaries of recent overall investment results of the pension plan account (Exhibit 1) and the performance of the equity managers (Exhibit 2). The account experienced significant cash flows only in April and December.

<image_1>

Using the data in Exhibit 1, Filbert calculates an overall annual return of –2.2% while Mishum calculates a return of –1.8% for the year. The team verifies the return calculations and discusses why they differ:
Mishum:
“When evaluating project returns with cash flows, I was taught to use the internal rate of return (IRR). It accounts for the cash flows yet is not influenced by their timing.”
Filbert:
“You have calculated the time-weighted rate of return (TWR), whereas I have calculated the money-weighted rate of return (MWR).”
Todd:
“The money-weighted return should exceed the time-weighted return because the cash flows occurred at favorable times.”
The team then considers the prior year’s investment performance of the equity managers.


After reviewing the equity manager data in Exhibit 2, Todd comments that he is most impressed with the manager whose active return was the highest for those whose investment style was out of favor over the period.
Six months later, Stone Bancorp announces a merger with another bank. When the deal closes, Stone will freeze and terminate the existing defined benefit pension plan. Employees will have access to a different plan with the new owner. The sponsor clarifies the pension obligations after these events as follows:
■■
No new employees will be added to the plan and existing vested employees willno longer accrue additional benefits.
■■
Current retired beneficiaries will continue to receive their normal flat, monthlypayments. They do not have any option for a lump sum distribution.
■■
Due to expected terminations including certain highly compensated executives,lump-sum distributions within a year are estimated to be about 15% of thecurrent plan value.
■■
The plan will be funded at 105% of ABO when terminated and no additionalfuture contributions are expected.
■■
Actuaries identify the duration of estimated payouts excluding lump-sum distributions to be 14 years.
■■
The estimated return necessary to meet the obligations of the plan is 3.9%.
Mishum, Filbert, and Todd evaluate Stone’s new situation and work toward settingup a new benchmark that will mimic the obligations and risk of the terminated plan going forward. The benchmark structure will drive the realignment of the investments.
Mishum:
“We should design a benchmark that includes several bond funds, some inflation-sensitive securities, has a weighted average duration of 14 years, and sufficient liquidity to meet the lump sum payouts.”
Todd:
“I think we should identify a 3.9% required return as the primary objective since that estimate includes all of the expected payouts including inflation adjustments. We then select an assortment of asset classes that meet this required return while minimizing risk as much as possible.”
Filbert:
“Although you both make good points, the primary emphasis should be Sharpe style analysis. We should control investment risk using optimization procedures.”

<image_2> /n <ocr>image_1 ocr text: Exhibit1 Stone Bancorp Pension Prior Calendar Year Investment Results Value in $ Large Cash Flows in $ Millions Date Millions Contribution Distribution January 1 248 April 20 232 April 21, after contribution 241 9 December 31,after 245 7 distributions/nimage_2 ocr text: Exhibit2 Active Equity Manager Performance for Prior Year Portfolio Return Benchmark Return Active Manager Style or Segment (%) Benchmark Index (%) Buck Growth Large Cap Growth 7.3 S&P 500 Growth 6.9 Doe Value Large Cap Value 9.7 S&P500 Value 9.1 Fawn Small-Cap Small Cap Blend 7.5 Russell 2000 7.4 Market Index is theWilshire 5000 8.2</ocr>","In the team’s discussion of the overall rates of return calculated from Exhibit 1, the most accurate statement is made by:",['A. Filbert' 'B. Mishum' 'C. Todd'],,,,,,,,table,C,"C is correct. Todd’s statement is correct. The contribution occurred at an opportune time which causes the calculation for the MWR return to be greater than the TWR return. The initial sub-period of January 1 to April 20 has a negative return, but the period from April 21 through December 31 has a positive return. Buying into the fund April 21 means the $9 million addition will only experience the positive return period. Thus, the timing of this cash flow results in a calculation for the MWR return to be greater than the TWR return which is unaffected by cash flows. The distribution occurred at the end of the year and is included in the terminal value.",easy,multiple-choice,portfolio management,english,155,1,0,,,,,,,release_basic_txt,english_155,easy_multiple-choice_portfolio management,easy_multiple-choice
202,english_160_5_r3,"Edvard Richards is president and sole owner of More Than Lumber Corporation (MTL), a privately held building materials company. Founded by the Richards family, the company has been run by Edvard Richards for over 40 years. Richards also owns investment real estate in the form of a warehouse unrelated to MTL, as well as 70,000 common shares of publicly traded Cintas (CTAS) that he inherited. He wants these two items to be considered concentrated positions.
Now 68, Richards is seeking advice on how to transition to retirement. He provides information about his holdings (Exhibit 1) to two competing financial advisers, Todd Adams and Linda Boshe:

<image_1>

Richards asks each adviser to apply a goal-based planning framework he has read about that uses three risk buckets: personal, market, and aspirational. As a first step, he estimates his own after-tax primary capital assuming that all assets are sold today and converted into cash. He asks the two advisers to assess his after-tax primary capital under the same assumptions (all three estimates are provided in Exhibit 2).

<image_2>


Richards wants to monetize and eliminate the concentration risk of his CTAS holding without paying taxes on capital gains and then invest the proceeds in a balanced portfolio. He notes the following comments in his discussions with the two advisers:

Richards: “My broker says he can arrange a cashless collar against CTAS or a short sale against the box. I understand that both methods will avoid incurring an immediate capital gain and both will expose me to the same level of market risk. I can borrow against the position in both cases and offset the cost of borrowing with the CTAS dividends.”
Adams: “We could help you complete a short against the box transaction. This strategy will provide a high loan-to-value (LTV) ratio and avoid counterparty risk. A total return equity swap has these same advantages. You can thus realize the economic gain on CTAS while deferring capital gains taxes.”
Boshe: “We suggest either a forward conversion with options or an equity forward sale. Either will achieve high LTV ratio monetization without incurring immediate capital gains taxes, and both methods avoid counterparty risk.”
Adams has strong connections to the real estate market and informs Richards that the market value estimate of $3 million for the warehouse is much too low. He advises Richards to consider reducing his real estate risk directly by, using the immediate cash inflows, net of tax liabilities and costs, to increase his stock and bond portfolios. Adams is confident he can arrange any of the following real estate offers:
1. Sell the warehouse for $4.8 million to an outside investor.
2. Enter into a recourse mortgage loan with the warehouse valued at $5.8 million by the lender and an LTV ratio of 80%.
3. Enter into a sale-and-leaseback, with the warehouse valued at $4.9 million and the first year’s rental payment of $150,000 payable at the start of the lease.
Boshe has strong connections to the investment banking community. Richards has authorized her to ascertain the level of interest for the sale of MTL. Boshe is confident she can arrange any of the following strategies:
MTL Strategy 1: A private equity firm can arrange to leverage MTL, paying Richards 40% of his estimated value of MTL (as shown in Exhibit 1), in cash up front and rolling the remaining 60% of the value into new shares that pay no dividends. Richards will stay on as president for five years, during which time he will help transition leadership to a new team. After five years, he will sell or monetize the remaining ownership.
MTL Strategy 2: A small but rapidly growing publicly traded building materials company is willing to acquire 100% ownership and pay Richards $7 million in cash up front and employee stock options that he can exercise after two years and that expire in five years. The public company is too small to support publicly traded stock options. Should the public company’s stock rise, Richards can exercise his employee stock options, which will be taxed as ordinary income. To protect the value of his appreciated stock while participating in further upside potential, he can purchase long-term protective put options on an industry ETF that closely tracks the building materials industry. If the public company’s stock subsequently drops along with the industry, he can sell the puts.
MTL Strategy 3: Create an employee stock ownership plan (ESOP) that would borrow sufficient funds to purchase 40% of Richards’ ownership. Richards would maintain upside potential in his retained shares, which could be sold at some point in the future. /n <ocr>image_1 ocr text: Exhibit 1 Richards's Values Cost Basis Asset Estimated Value ($ooo's) ($000's) Primary residence (no mortgage) 2,000 2,000 MTL Corp 11,000 2,000 Common stock (70,000 shares CTAS) 4,000 1,000 Warehouse 3,000 4,300 Municipal bond portfolio 3,000 3,150 Global All Cap Equity Fund 3,400 1,650 Cash equivalents 300 300 Tax Rates Capital gains tax rate = 20% Income tax rate = 40%/nimage_2 ocr text: Exhibit 2 Estimates of After-Tax Primary Capital ($000's) Richards 11,780 Adams 8,380 Boshe 11,640/nimage_3 ocr text: Asset Value Cost Gain= Tax= Net Value ($000's) ($000's) Value-Cost Gain x after tax 0.20($000's) ($000's) ($000's) Residence 2,000 2,000 0 0 2,000 Muni Bonds 3,000 3,150 (150) -30 3,030 Global Equities 3,400 1,650 1750 350 3,050 Cash Equivalents 300 300 0 0 300 TotalNet Value= 8,380</ocr>",Which of Boshe's MTL strategies least likely describes a staged exit strategy? MTL Strategy,['A. 1' 'B. 3' 'C. 2'],,,,,,,,screenshot,C,Answer = C. MTL Strategy 2 is not a staged exit strategy because it does not provide for two specific liquidity events: cash up front and a sale or monetization of the remainder of Richards’s ownership in the future. Strategies 1 and 3 are staged exit strategies that provide for two liquidity events.,easy,multiple-choice,portfolio management,english,160,5,0,,,,,,,release_basic_txt,english_160,easy_multiple-choice_portfolio management,easy_multiple-choice
358,english_189_5_r3,"Aina Monts, is a fixed-income portfolio manager at Girona Advisors. She has been awarded the management of a €150 million portfolio for Fondo de Pensiones Lerida, a pension fund based in Barcelona, Spain. The previous manager was fired for underperforming the benchmark by more than 100 bps in each of the last three years. Lerida’s primary objective is to immunize its liabilities, which have a duration of 4.40 years, while achieving a total rate of return in excess of the Barclays Capital Global Aggregate Bond Index. The benchmark’s duration is currently 4.42 years. At Girona’s portfolio review meeting, Monts makes the following statement:
Statement 1: We will invest the €150 million in a multi-sector portfolio with a yield to maturity of 6.75%. This rate is higher than Lerida’s required rate of return of 6.25%. The duration of the portfolio will be equal to the duration of the liabilities, and we will manage the portfolio with an expectation of beating the Barclays Capital Global Aggregate Bond Index.
Exhibit 1 presents key characteristics of Lerida’s portfolio for the current period compared with one year ago. Because rates have shifted over this period, Monts informs Lerida that an additional investment must be made to rebalance the portfolio and reestablish the original dollar duration. Monts plans to rebalance using the existing security proportions.

<image_1>


Monts will rebalance the portfolio by investing in securities that her research group has identified as providing the most attractive total return potential. Sector allocations for her
portfolio and the benchmark are presented in Exhibit 2.


<image_2>

Monts will rebalance the portfolio by investing in securities that her research group has identified as providing the most attractive total return potential. Sector allocations for her portfolio and the benchmark are presented in Exhibit 2.
Monts also uses security selection in addition to sector rotation as sources of alpha and is evaluating several new trades. At the portfolio review meeting, Monts makes the following statements:
Statement 2: I am concerned that certain types of securities in the portfolio pose a risk of not providing sufficient cash flow to pay liabilities when they are due. The allocation to mortgage-backed securities in the portfolio, for instance, exposes us to contingent claims risk. We should thus increase the allocation to non-callable fixed-rate corporate bonds, which do not expose us to contingent claims risk.
Statement 3: Our research team anticipates that the credit fundamentals of most issuers will deteriorate over the coming months as the economy contracts. The market consensus is not in line with our view yet, and spreads do not reflect the proper valuation.
Statement 4: Structural analysis of corporate bonds is a key part of our research process. Given Girona’s view that interest rates are in secular decline, we expect callable bonds to outperform bullets. In the event that interest rates rise sharply, put structures will provide investors with some protection. /n <ocr>image_1 ocr text: Exhibit 1:Fondo de Pension Lerida Portfolio Characteristics Sector Market Value ( thousands) Duration (years) One Year One Year Current Current Ago Ago Treasuries 42,000 40,950 5.4 5 Mortgage-backed securities (MBS) 37,000 36,316 3.9 3.7 Corporate ""bullet"" bonds 71,000 69,403 4.7 4.5/nimage_2 ocr text: Exhibit 2: Sector Weightings Portfolio Benchmark Contribution Contribution Percent of Percent of to Spread to Spread Portfolio Portfolio Duration Duration Sector Duration Duration Treasuries 27.92 5 0 30 3.8 0 MBS 24.76 3.7 0.92 22.9 4 0.92 Corporate ""bullet"" 47.32 4.5 2.13 47.1 5 2.37 bonds Total 100 3.05 100 3.29</ocr>",The strategy that is most likely to benefit from the environment described by Monts in Statement 3 is to:,"['A. rotate from consumer non-cyclical to consumer cyclical sectors.'
 'B. increase exposure to the crossover sector.'
 'C. shift the portfolio’s positions to shorter duration corporate bonds.']",,,,,,,,table,C,"Answer = C. Curve-adjustment trades take place when the portfolio manager expects credit spreads will widen (either overall or in a particular sector). The specific strategy is to shift the portfolio’s exposure to shorten spread duration by selling longer maturity corporate bonds and buying shorter maturity bonds, which lowers the contribution to spread duration.",hard,multiple-choice,fixed income,english,189,5,0,,,,,,,release_basic_txt,english_189,hard_multiple-choice_fixed income,hard_multiple-choice
1150,english_406_1_r3,"Hardwick Enterprises is evaluating alternative uses for a three-story manufacturing and warehousing building that it has purchased for $1,250,000. The company can continue to rent the building to the present occupants for $60,000 per year. The present occupants have indicated an interest in staying in the building for at least 
 another 15 years. Alternatively, the company could modify the existing structure to use for its own manufacturing and warehousing needs. The company’s production engineer feels the building could be adapted to handle one of two new product lines. The cost and 
 revenue data for the two product alternatives are as follows:
 <image_1>
 The building will be used for only 15 years for either Product A or Product B. After 15 years the building will be too small for efficient production of either product line. At that time, the company plans to rent the building to firms similar to the current occupants. To rent the building again, the company will need to restore the building to its present layout. The estimated cash cost of restoring the building if Product A has been undertaken is $75,000. If Product B has been manufactured, the cash cost will be $85,000. These cash costs can be deducted for tax purposes in the year the expenditures occur. 
 The company will depreciate the original building shell (purchased for $1,250,000) over a 30-year life to zero, regardless of which alternative it chooses. The building 
 modifications and equipment purchases for either product are estimated to have a 15-year life. They will be depreciated by the straight-line method. The firm’s tax rate is 34 percent, and its required rate of return on such investments is 12 percent.
 For simplicity, assume all cash flows occur at the end of the year. The initial outlays for modifications and equipment will occur today (Year 0), and the restoration outlays will occur at the end of Year 15. The company has other profitable ongoing operations that are sufficient to cover any losses. /n <ocr>image_1 ocr text: Product A Product B Initial cash outlay for building modifications $115,000 $160,000 Initial cash outlay for equipment 220,000 245,000 Annual pretax cash revenues (generated for 15 years) 235,000 265,000 Annual pretax expenditures (generated for 15 years) 85,000 105,000</ocr>",Which use of the building would you recommend to management?,,,,,,,,,table,Project A,"To answer this question, we need to compute the NPV of all three alternatives, specifically, continue to rent the building, Project A, or Project B. We would choose the project with the highest NPV. If all three of the projects have a positive NPV, the project that is more favorable is the one with the highest NPV
 There are several important cash flows we should not consider in the incremental cash flow analysis. The remaining fraction of the value of the building and depreciation are not incremental and should not be included in the analysis of the two alternatives. The $1,250,000 purchase price of the building is the same for all three options and should be ignored. In effect, what we are doing is finding the NPV of the future cash flows of each option, so the only cash flow today would be the building modifications needed for Project A and Project B. If we did include these costs, the effect would be to lower the NPV of all three options by the same amount, thereby leading to the same conclusion. The cash flows from renting the building after Year 15 are also irrelevant. No matter what the company chooses today, it will rent the building after Year 15, so these cash flows are not incremental to any project.
 We will begin by calculating the NPV of the decision of continuing to rent the building first.
 Continue to rent:
 <ans_image_1>
 Since there is no incremental depreciation, the operating cash flow is the net income. So, the NPV of the decision to continue to rent is:
 NPV = $39,600(PVIFA_{12%15})
 NPV = $269,710.23
 Product A: 
 Next, we will calculate the NPV of the decision to modify the building to produce Product A. The income statement for this modification is the same for the first 14 years, and in Year 15, the company will have an additional expense to convert the building back to its original form. This will be an expense in Year 15, so the income statement for that year will be slightly different. The cash flow at time zero will be the cost of the equipment, and the cost of the initial building modifications, both of which are depreciable on a straight-line basis. So, the pro forma cash flows for Product A are:
 Initial cash outlay:
 <ans_image_2>
 The OCF each year is net income plus depreciation. So, the NPV for modifying the building to manufacture Product A is:
 NPV = –$335,000 + $106,593(PVIFA_{12%14}) + $57,093 / 1.1215
 NPV = $381,949.28
 Product B: 
 Now we will calculate the NPV of the decision to modify the building to produce Product B. The income statement for this modification is the same for the first 14 years, and in Year 15, the company will have an additional expense to convert the building back to its original form. This will be an expense in Year 15, so the income statement for that year will be slightly different. The cash flow at time zero will be the cost of the equipment, and the cost of the initial building modifications, both of which are depreciable on a straight-line basis. So, the pro forma cash flows for Product B are:
 Initial cash outlay:
 <ans_image_3>
 The OCF each year is net income plus depreciation. So, the NPV for modifying the building to manufacture Product B is:
 NPV = –$405,000 + $114,780(PVIFA_{12%14}) + $58,680 / 1.1215
 NPV = $366,501.77
 Since Product A has the highest NPV, the company should opt for that product.
 We could have also done the analysis as the incremental cash flows between Product A and continuing to rent the building, and the incremental cash flows between Product B and continuing to rent the building. The results of this type of analysis would be:
 NPV of differential cash flows between Product A and continuing to rent:
 NPV = NPV_{product A} – NPV_{Rent}
 NPV = $381,949.28 – 269,710.23
 NPV = $112,239.05
 NPV of differential cash flows between Product B and continuing to rent:
 NPV = NPVProduct B – NPVRent
 NPV = $366,501.77 – 269,710.23
 NPV = $96,791.53
 Since the differential NPV of Product A is positive and is the largest incremental NPV, the company should choose Project A, which is the same as our original result.",hard,open question,corporate finance,english,406,1,0,,,,,,,release_basic_txt,english_406,hard_open question_corporate finance,hard_open question
455,english_212_4_r3,"Kevin Kroll is the chair of the investment committee responsible for the governance
of the Shire Manufacturing Corporation (SMC) defined benefit pension plan. The
pension fund is currently fully funded and has followed an asset mix of 60% public
equities and 40% bonds since Kroll has been chair. Kroll meets with Mary Park, an
actuarial and pension consultant, to discuss issues raised at the last committee meeting.
Kroll notes that the investment committee would like to explore the benefits of
adding alternative investments to the pension plan’s strategic asset allocation. Kroll
states:
Statement 1 The committee would like to know which alternative asset would
best mitigate the risks to the portfolio due to unexpected inflation
and also have a relatively low correlation with public equities
to provide diversification benefits.
The SMC pension plan has been able to fund the annual pension payments without
any corporate contributions for a number of years. The committee is interested in
potential changes to the asset mix that could increase the probability of achieving
the long-term
investment target return of 5.5% while maintaining the funded status
of the plan. Park notes that fixed-income
yields are expected to remain low for the
foreseeable future. Kroll asks:
Statement 2 If the public equity allocation remains at 60%, is there a single
asset class that could be used for the balance of the portfolio
to achieve the greatest probability of maintaining the pension
funding status over a long time horizon? Under this hypothetical
scenario, the balance of the portfolio can be allocated to either
bonds, hedge funds, or private equities.
Park confirms with Kroll that the committee has historically used a traditional
approach to define the opportunity set based on distinct macroeconomic regimes,
and she proposes that a risk-based
approach might be a better method. Although
the traditional approach is relatively powerful for its ability to handle liquidity and
manager selection issues compared to a risk-based
approach, they both acknowledge
that a number of limitations are associated with the existing approach.
Park presents a report (Exhibit 1) that proposes a new strategic asset allocation
for the pension plan. Kroll states that one of the concerns that the investment committee
will have regarding the new allocation is that the pension fund needs to be
able to fund an upcoming early retirement incentive program (ERIP) that SMC will
be offering to its employees within the next two years. Employees who have reached
the age of 55 and whose age added to the number of years of company service sum to
75 or more can retire 10 years early and receive the defined benefit pension normally
payable at age 65.

<image_1>

Kroll and Park then discuss suitability considerations related to the allocation in
Exhibit 1. Kroll understands that one of the drawbacks of including the proposed
alternative asset classes is that daily reporting will no longer be available. Investment
reports for alternatives will likely be received after monthly or quarter-end
deadlines
used for the plan’s traditional investments. Park emphasizes that in a typical private
equity structure, the pension fund makes a commitment of capital to a blind pool as
part of the private investment partnership.
In order to explain the new strategic asset allocation to the investment committee,
Kroll asks Park why a risk factor-based
approach should be used rather than a mean–
variance-optimization
technique. Park makes the following statements:
Statement 3 Risk factor-based
approaches to asset allocation produce more
robust asset allocation proposals.
Statement 4 A mean–variance optimization typically overallocates to the private
alternative asset classes due to stale pricing.
Park notes that the current macroeconomic environment could lead to a bear
market within a few years. Kroll asks Park to discuss the potential impact on liquidity
planning associated with the actions of the fund’s general partners in the forecasted
environment.
Kroll concludes the meeting by reviewing the information in Exhibit 2 pertaining
to three potential private equity funds analyzed by Park. Park discloses the following
due diligence findings from a recent manager search: Fund A retains administrators,
custodians, and auditors with impeccable reputations; Fund B has achieved its performance
in a manner that appears to conflict with its reported investment philosophy;
and Fund C has recently experienced the loss of three key persons.
<image_2> /n <ocr>image_1 ocr text: Exhibit 1 Proposed Asset Allocation ofSMc Defined Benefit Pension Plan Broad Asset Public Fixed Private Hedge Public Real Class Equities Income Equities Funds Estate Total Target 45% 25% 10% 10% 10% 100% Range 35%-55% 15%-35% 0%-12% 0%-12% 0%-12%/nimage_2 ocr text: Exhibit 2 PotentialPrivate Equity Funds,InternalRate of Return (IRR) Private Equity Fund Fund A Fund B Fund C 5-year IRR 12.9% 13.2% 13.1%</ocr>","Based on Exhibit 2 and Park’s due diligence, the pension committee should consider investing in:",['A. Fund A' 'B. Fund B' 'C. Fund C'],,,,,,,,table,A,"A is correct. Fund A should be selected based on both quantitative and qualitative factors. Fund A has a five-year IRR (12.9%) that is slightly lower than, but comparable to, both Fund B (13.2%) and Fund C (13.1%). Given the sensitivity to the timing of cash flows into and out of a fund associated with the IRR calculation, however, the final decision should not be based merely on quantitative returns. It is also important to monitor the investment process and the investment management firm itself, particularly in alternative investment structures. Considering the qualitative factors identified by Park, Fund A is the only fund with a strong, positive factor: It benefits from service providers (administrators, custodians, and auditors) with impeccable reputations. Fund B seems to be experiencing style drift, which suggests that the returns are not consistent with the manager’s advertised investment edge (hence, a negative factor). Fund C has experienced the departure of key persons, which puts future fund returns in jeopardy (hence, a negative factor).",easy,multiple-choice,alternative investments,english,212,4,0,,,,,,,release_basic_txt,english_212,easy_multiple-choice_alternative investments,easy_multiple-choice
430,english_208_1_r3,"James Leonard is a fund-of-
funds
manager with Future Generation, a large sovereign
fund. He is considering whether to pursue more in-depth
due diligence processes with
three large-cap
long-only
funds proposed by his analysts. Although the funds emphasize
different financial metrics and use different implementation methodologies, they
operate in the same market segment and are evaluated against the same benchmark.
The analysts prepared a short description of each fund, presented in Exhibit 1.
<image_1>

When Leonard’s analysts met with Asgard, they inquired whether its managers
engage in activist investing because Asgard’s portfolio frequently holds significant
positions, because of their large asset size, and because of their emphasis on strong
governance and their ability to model sources of cash-flow
strengths and weaknesses within each business. The manager indicated that Asgard engages with companies
from a long-term
shareholder’s perspective, which is consistent with the firm’s low
portfolio turnover, and uses its voice, and its vote, on matters that can influence
companies’ long-term
value.
Leonard wants to confirm that each manager’s portfolios are consistent with its
declared style. To this end, Exhibit 2 presents key financial information associated
with each manager’s portfolio and also with the index that all three managers use.
<image_2> /n <ocr>image_1 ocr text: Exhibit1 Description of Each Candidate Fund Fund Description Furlings Furlings Investment Partners combines sector views and security selection.The firm's head manager uses several industry and economic indicators identified from his own experience during the last two decades, as well as his personal views on market flow dynamics, to determine how to position the fund on a sector basis.Sector deviations from the benchmark of 10% or more are common and are usually maintained for 12 to 24 months.At the same time, sector managers at Furlings use their expertise in dissecting financial statements and their understanding of the corporate branding and competitive landscape within sectors to build equally weighted baskets of securities within sectors.Each basket contains their 7 to 10 highest conviction securities, favoring firms that have good governance, strong growth potential, competitive advantages such as branding, and attractive relative valuations.The Furlings master fund holds approxi- mately90 securities. Asgard Asgard Investment Partners is a very large asset manager.It believes in investing in firms that have a strong business model and governance, reasonable valuations, solid capital structures with limited financial leverage, and above-average expected earnings growth for the next three years.Although the Asgard master fund invests in fewer than 125 securities, each sector analyst builds financial models that track as many as 50 firms. To support them in their task, analysts benefit from software developed by the Asgard research and technology group that provides access to detailed market and accounting informa- tion on 5,Ooo global firms,allowing for the calculation of many valuation and growth metrics and precise modeling of sources of cash-flow strengths and weaknesses within each business.Asgard analysts can also use the application to back-test strategies and build their own models to rank securities'attractiveness according to their preferred characteristics.Security allocation is determined by a management team but depends heavily on a quantitative risk model developed by Asgard.Asgard has a low portfolio turnover. Tokra Tokra Capital uses a factor-based strategy to rank securities from most attractive to least attractive. Each security is scored based on three metrics:price to book value (P/B), 12-month increase in stock price, and return on assets.Tokra's managers have a strong risk management background.Their objective is to maximize their exposure to the most attractive securities using a total scoring approach subject to limit- ing single-security concentration below 2%,sector deviations below 3%,active risk below 4%, and annual turnover less than 40%,while having a market beta close to 1.The master fund holds approximately 400 positions out of a possible universe of more than 2,o00 securities evaluated./nimage_2 ocr text: Exhibit2 KeyFinancialData Fund Index Furlings Asgard Tokra Dividend/price (trailing 12-month) 2.3% 2.2% 2.2% 2.6% P/E trailing 12-month 26.5 24.7 26.6 27.3 Price/cash flows (12-month forward) 12.5 13.8 12.5 11.6 P/B 4.8 4.30 4.35 5.4 Average EPS growth three to five years 11.9% 11.0% 13.1% 10.8% forward) Net income/assets 2.8% 4.5% 4.3% 3.2% Average price momentum (trailing 12 10.5% 14.0% 10.0% 12.0% months)</ocr>","Which fund manager’s investing approach is most consistent with fundamental
management?",['A. Furlings' 'B. Asgard' 'C. Tokra'],,,,,,,,table,A,"A is correct. Furlings combines a top-down and bottom-up approach, but in both cases, the allocation process is significantly determined according to the managers’ discretion and judgement. There is a strong emphasis on understanding financial reporting, and the sector managers focus on a relatively small number for firms. They also extend their analysis to other areas associated with fundamental management, such as valuation, competitive advantages, and governance. Finally, Furlings’s top-down process depends largely on the views and experience of its head manager.",hard,multiple-choice,equity,english,208,1,0,,,,,,,release_basic_txt,english_208,hard_multiple-choice_equity,hard_multiple-choice
679,english_261_3_r3,Consider the following limit-order book of a specialist in <image_1>. The last trade in the stock occurred at a price of $50. /n <ocr>image_1 ocr text: Limit Buy Orders Limit SellOrders Price Shares Price Shares $49.75 500 $50.25 100 49.50 800 51.50 100 49.25 500 54.75 300 49.00 200 58.25 100 48.50 600</ocr>,"If you were the specialist, would you want to increase or decrease your inventory of this
stock?",,,,,,,,,table,You would want to increase your inventory.,"You would want to increase your inventory. There is considerable buying demand at prices just below $50, indicating that downside risk is limited. In contrast, limit sell orders are sparse, indicating that a moderate buy order could result in a substantial price increase.",hard,open question,equity,english,261,3,0,,,,,,,release_basic_txt,english_261,hard_open question_equity,hard_open question
544,english_232_4_r3,"Preston Remington is the managing partner of Remington Wealth Partners. The firm manages
high-net-worth private client investment portfolios using various asset allocation strategies.
Analyst Hannah Montgomery assists Remington.
Remington and Montgomery’s first meeting of the day are with a new client, Spencer
Shipman, who recently won $900,000 in the lottery. Shipman wants to fund a comfortable
retirement. Earning a return on his investment portfolio that outpaces inflation over the long
term is critical to him. He plans to withdraw $54,000 from the lottery winnings investment
portfolio in one year to help fund the purchase of a vacation home and states that it is important
that he be able to withdraw the $54,000 without reducing the initial $900,000 principal.
Montgomery suggests they use a risk-adjusted expected return approach in selecting one of the
portfolios provided in Exhibit 1.
<image_1>
Remington and Montgomery discuss the importance of strategic asset allocation with
Shipman. Remington states that the firm’s practice is to establish targeted asset allocations and a
corridor around the target. Movements of the asset allocations outside the corridor trigger a
rebalancing of the portfolio. Remington explains that for a given asset class, the higher the
transaction costs and the higher the correlation with the rest of the portfolio, the wider the
rebalancing corridor. Montgomery adds that the higher the volatility of the rest of the portfolio,
excluding the asset class being considered, the wider the corridor.
Remington and Montgomery next meet with client Katherine Winfield. The firm had
established Winfield’s current asset allocation on the basis of reverse optimization using the
investable global market portfolio weights with further adjustments to reflect Winfield’s views
on expected returns.
Remington and Montgomery discuss with Winfield some alternative asset allocation models
that she may wish to consider, including resampled mean–variance optimization (resampling).
Remington explains that resampling combines mean–variance optimization (MVO) with Monte
Carlo simulation, leading to more diversified asset allocations. Montgomery comments that
resampling, like other asset allocation models, is subject to criticisms, including that risker asset
allocations tend to be under-diversified and the asset allocations inherit the estimation errors in
the original inputs. Montgomery inquires whether asset allocation models based on heuristics or other techniques might be of interest to Winfield and makes the following comments:
1. The 60/40 stock/bond heuristic optimizes the growth benefits of equity and the risk reduction benefits of bonds.
2. The Norway model is a variation of the endowment model that actively invests in publicly traded securities while giving consideration to environmental, social, and governance issues.
3. The 1/N heuristic allocates assets equally across asset classes with regular rebalancing without regard to return, volatility, or correlation. /n <ocr>image_1 ocr text: Exhibit 1 Investment Portfolio One-Year Projections Return Standard Deviation Portfolio 1 10.50% 20.0% Portfolio2 9.00 13.0 Portfolio 3 7.75 10.0</ocr>","In Remington and Montgomery’s discussion with Winfield on resampling, Montgomery’s comment is most likely","['A. correct' 'B. incorrect regarding estimation errors'
 'C. incorrect regarding diversification of asset allocations']",,,,,,,,table,C,"Solution: C.
Montgomery’s comment about the criticisms of resampling is incorrect regarding diversification
of asset allocations. Risker asset allocations are over-diversified, not under-diversified. The
comment is correct with regard to estimation errors because the asset allocations do inherit the
estimation errors in the original inputs.",hard,multiple-choice,portfolio management,english,232,4,0,,,,,,,release_basic_txt,english_232,hard_multiple-choice_portfolio management,hard_multiple-choice
606,english_245_6_r3,"William Pugh is a portfolio manager for the pension plan of the FMJ Corporation. Pugh is
evaluating portfolio managers for the pension plan.
PMA Asset Management follows a passive investment strategy that is implemented using
ETF’s rather than conventional mutual funds. PMA proposes to offer a new index portfolio that
reflects the Russell 2000 small-cap value index. PMA indicates that the technique used to
construct the new index portfolio assumes that the factors used to explain stock returns are
uncorrelated.
ASM Partners is an active manager. A common strategy that ASM implements is a pairs trade
where they take equal long and short positions in two common stocks in a single industry. These
positions are constructed so that they have no correlation with equity market returns.
CKI Financial Advisors also follows an active portfolio strategy. CKI has an active risk of 6%,
an information coefficient of 0.2, and a transfer coefficient of 0.5. CKI’s portfolio has a 2.8%
expected active return this year. A portfolio analysis for CKI is provided below in Exhibit 1.
<image_1>
ECO Asset Management follows an ESG investment strategy, its Investment universe includes
all US companies and sectors that have favorable environmental, social, and governance (ESG)
ratings and specifically excludes companies with products or services related to tobacco and
defense.
The manager of ECO is considering advocating for the implementation of ESG standards
through activist investing, and he makes the following comments:
Plenty of activist managers focusing on ESG issues exist, managers of these strategies utilize
the same tactics as more traditional activist investors because they both typically have shorter
time horizons and take stakes in target companies greater than 10% of the target’s outstanding
equity. Some of these tactics include proposing significant changes in corporate governance,
seeking board representation and engaging in proxy contests. /n <ocr>image_1 ocr text: Exhibit 1 Portfolio Anavsis for CKI Portfolio Benchmark Number of Stocks 25 700 Weighted Average Market Cap $25 billion $50 billion Dividend Yield 3.7% 1.8% P/E 12 22 P/B 1.2 2.5 Projected EPS growth 8% 13%</ocr>",The comments of ECO’s manager about ESG-focused activists are most likely incorrect because,"['A. activist investors typically have a longer time horizon'
 'B. ESG-focused activists use different processes and tactics than traditional activists'
 'C. activist investors typically take a stake of less than 10%']",,,,,,,,table,C,"Solution: C.
Activists typically aim to achieve their goals with smaller stakes in their target companies, usually
with a less than 10% stake in the target’s equity.",medium,multiple-choice,equity,english,245,6,0,,,,,,,release_basic_txt,english_245,medium_multiple-choice_equity,medium_multiple-choice
1123,english_396_4_r3,"Wii Brothers, a game manufacturer, has a new idea for an adventure game. It can market the game either as a traditional board game or as an interactive DVD, but not both. Consider the following cash flows of the two mutually exclusive projects for the company. Assume the discount rate for both projects is 10 percent.
 <image_1> /n <ocr>image_1 ocr text: Year Board Game DVD 0 $950 $2,100 - 700 1,500 2 550 1,050 3 130 450</ocr>","Based on the incremental IRR, which project should be chosen?",,,,,,,,,table,DVD,"To calculate the incremental IRR, we subtract the smaller project’s cash flows from the larger project’s cash flows. In this case, we subtract the board game cash flows from the DVD cash flows. The incremental IRR is the IRR of these incremental cash flows. So, the incremental cash flows of the DVD are: 
 <ans_image_1>
 Setting the present value of these incremental cash flows equal to zero, we find the incremental IRR is:
 0 = C0 + C1 / (1 + IRR) + C2 / (1 + IRR)^{2} + C3 / (1 + IRR)^{3}
 0 = –$1,150 + $800 / (1 + IRR) + $500 / (1 + IRR)^{2} + $320 / (1 + IRR)^{3}
 Using a spreadsheet, financial calculator, or trial and error to find the root of the equation, we find that:
 Incremental IRR = 23.19% 
 For investing-type projects, accept the larger project when the incremental IRR is greater than the discount rate. Since the incremental IRR, 23.19 percent, is greater than the required rate of return of 10 percent, choose the DVD project.",medium,open question,corporate finance,english,396,4,0,,,,,,,release_basic_txt,english_396,medium_open question_corporate finance,medium_open question
572,english_239_2_r3,"Gari Dimeola is an investment advisor specializing in derivatives strategies in equity, fixed income,
and currency markets.
Dimeola is approached by his client, Ryan Karunathilike, for advice regarding option
strategies. Karunathilike is a U.K. domiciled client who wants to hedge a short position in Euros
(EUR) over the coming month. The current spot EUR/GBP exchange rate is 1.1523. Dimeola
advises Karunathilike that he has three strategies using derivatives on the EUR/GBP exchange
rate available to him, which are displayed in Figure 1.
<image_1>
Karunathilike asks Dimeola to review his existing options strategies. He presents the
signs of the Greek exposures of his strategies as displayed in Figure 2.
<image_2>
Karunathilike has identified a stock, GHS Corp., which historically has had options exhibiting
a volatility skew. The options of GHS currently exhibit a volatility smile, and Karunathilike believes
that within the next days implied volatility will revert back to a more usual profile. Karunathilike
asks Dimeola to design an options strategy to allow him to profit from this view. /n <ocr>image_1 ocr text: Figure 1:Hedging Strategies Recommended by Dimeola Strategy Position 1 Sell one month EUR/GBP forward 2 Buy one month GBP/EUR call option 3 Buy one-month EUR/GBP put option/nimage_2 ocr text: Figure 2:Greek Exposures of Dimeola's Existing Option Strategies Strategy Delta Gamma Theta Vega A Positive Positive Positive Positive B Positive Negative Positive Negative C Small Negative Positive Negative</ocr>",Which of Karunathilike’s options strategies in Figure 2 is most likely a short straddle position,['A. Strategy A' 'B. Strategy B' 'C. Strategy C'],,,,,,,,table,C,"Solution: C.
A short straddle position is created by selling a call and a put with the same underlying details.
The short straddle will have a delta that is close to zero when the options are at the money, but
will have negative gamma since it is a short option position. Short options also have a positive
theta and negative vega as found in Strategy C.",hard,multiple-choice,derivatives,english,239,2,0,,,,,,,release_basic_txt,english_239,hard_multiple-choice_derivatives,hard_multiple-choice
899,english_337_7_r3,"The Chocolate Ice Cream Company and the Vanilla Ice Cream Company have agreed to merge and form Fudge Swirl Consolidated. Both companies are exactly alike except that they are located in different towns. The end-of-period value of each firm is determined by the weather, as shown below. There will be no synergy to the merger.<image_1> The weather conditions in each town are independent of those in the other. Furthermore, each company has an outstanding debt claim of $450,000. Assume that no premiums are paid in the merger. /n <ocr>image_1 ocr text: State Probability Value Rainy $230,000 Warm .4 450,000 Hot .5 905,000</ocr>",What is the possible value of Rain-Rain of end-of-period debt after the merger?,,,,,,,,,table,"$460,000","Recall that if a firm cannot service its debt, the bondholders receive the value of the assets. Thus, the value of the debt is reduced to the value of the company if the face value of the debt is greater than the value of the company. If the value of the company is greater than the value of the debt, the value of the debt is its face value. Here, the value of the common stock is always the residual value of the firm over the value of the debt. So, the value of the debt and the value of the stock in each state is:<ans_image_4>",medium,open question,corporate finance,english,337,7,0,,,,,,,release_basic_txt,english_337,medium_open question_corporate finance,medium_open question
309,english_181_2_r3,"Andres Rioja is the treasurer of Empresas Crianza. His duties have recently been expanded to include oversight of the firm’s pension fund. Given his limited experience in overseeing investments, he is relying on an outside consultant. Rioja prepares a number of questions for his first meeting with the consultant, Manolo Priorat of Consulta Jerez. Priorat starts the meeting by summarizing for Rioja the status of the defined benefit pension plan and makes the following statement: The pension liability has a duration of 14 years and a present value of $4 billion. The liabilities are discounted using the spot rate on high-quality long-term corporate bonds. Presently, the asset portfolio covers 87.5% of these liabilities and is invested entirely in fixed-income assets. The plan assets have fallen short of the pension liabilities over the past five years because their durations are not properly matched. I am concerned that Crianza has selected the wrong benchmark for the pension plan. The current benchmark is a weighted average of the benchmarks for the various strategies used in the investment of pension assets. I believe the appropriate benchmark should be the liability itself. Priorat and Rioja review the fixed-income funds in which the pension assets are currently invested. Portfolio managers have been given the mandate to meet or exceed their respective benchmarks based on their investment styles. Details of the various portfolios are provided in Exhibit 1.


<image_1>


Rioja updates Priorat on Crianza’s current plans for the pension plan. Rioja states: “Crianza will make a $500 million contribution to fully fund the plan and invest the funds in Treasury STRIPs. In addition, we would like to completely reallocate pension investments away from the fund that presents the greatest contingent claim risk and into the long corporate bond fund.”

Rioja then asks Priorat, “I would like to understand the risk profile of each index benchmark we have assigned to the portfolio managers. What measures are available to do this?” Priorat responds,
There are several key measures that come to mind. Effective duration measures the sensitivity of the index’s price to a relatively small parallel shift in interest rates. For large non-parallel changes in interest rates, a convexity adjustment is used to improve the accuracy of the index’s estimated price change. Key rate duration measures the effect of shifts in key points along the yield curve. Key rate durations are particularly useful for determining the relative attractiveness of various portfolio strategies, such as bullet strategies versus barbell strategies. Spread duration describes how a non-Treasury security’s price will change as a result of the widening or narrowing of the spread contribution.
Rioja then asks about the rationale for active managers to do secondary market trades. Priorat responds,
Secondary market trades should be evaluated in a total return framework. The exception is the yield or spread pickup trade, which should be evaluated in the context of additional yield. Credit-upside trades provide an opportunity for managers to capitalize on unexpected upgrades. Curve-adjustment trades are yet another example of investors expressing their interest rate views in the credit markets in anticipation of interest rate changes. Finally, Priorat offers further explanation of how active managers can add value. He notes,
Structural analysis of corporate bonds is an important part of active management. Credit bullets in conjunction with long-end Treasury structures are used in a barbell strategy. Callable bonds provide a spread premium that can be valuable to an investor during periods of high interest rate volatility. Put structures will provide investors with some protection in the event that interest rates rise sharply but not if the issuer has an unexpected credit event.” /n <ocr>image_1 ocr text: Exhibit 1:Portfolio Information Duration Asset Value Portfolio Benchmark Investment Style (years) ($ thousands) 3-Month US T- Money market 0.25 175,000 Active management Bill Mortgage-backed Barclays 3 700,000 Enhanced indexing securities fund Mortgage Emerging market bond. JP Morgan 4.6 675,000 Active management fund EMBI Long corporate bond. Barclays Long 14 1,575,000 Active management fund Corporate Barclays Treasury bond STRIPs 24 375,000 Pure bond indexing 20+Year STRIP</ocr>",For which portfolio in Exhibit 1 is a sampling approach most likely to be used in an attempt to match the primary index risk factors?,"['A. Treasury STRIPs' 'B. Emerging market bond fund'
 'C. Mortgage-backed securities fund']",,,,,,,,table,C,Answer = C. The mortgage-backed securities fund strategy uses enhanced indexing. This management style uses a sampling approach in an attempt to match the primary index risk factors and achieve a higher return than under full replication.,easy,multiple-choice,fixed income,english,181,2,0,,,,,,,release_basic_txt,english_181,easy_multiple-choice_fixed income,easy_multiple-choice
397,english_198_4_r3,"Serena is a risk management specialist with Liability Protection Advisors. Trey, CFO
of Kiest Manufacturing, enlists Serena’s help with three projects. The first project is
to defease some of Kiest’s existing fixed-rate
bonds that are maturing in each of the
next three years. The bonds have no call or put provisions and pay interest annually.
Exhibit 1 presents the payment schedule for the bonds.
<image_1>
The second project for Serena is to help Trey immunize a $20 million portfolio of
liabilities. The liabilities range from 3.00 years to 8.50 years with a Macaulay duration
of 5.34 years, cash flow yield of 3.25%, portfolio convexity of 33.05, and basis point
value (BPV) of $10,505. Serena suggested employing a duration-matching
strategy
using one of the three AAA rated bond portfolios presented in Exhibit 2.
<image_2>
Serena explains to Trey that the underlying duration-matching
strategy is based
on the following three assumptions.
1 Yield curve shifts in the future will be parallel.
2 Bond types and quality will closely match those of the liabilities.
3 The portfolio will be rebalanced by buying or selling bonds rather than using
derivatives.

The third project for Serena is to make a significant direct investment in broadly
diversified global bonds for Kiest’s pension plan. Kiest has a young workforce, and
thus, the plan has a long-term
investment horizon. Trey needs Serena’s help to select
a benchmark index that is appropriate for Kiest’s young workforce. Serena discusses
three benchmark candidates, presented in Exhibit 3.
<image_3>
With the benchmark selected, Trey provides guidelines to Serena directing her to
(1) use the most cost-effective
method to track the benchmark and (2) provide low
tracking error.
After providing Trey with advice on direct investment, Serena offered him additional
information on alternative indirect investment strategies using (1) bond mutual funds,
(2) exchange-traded
funds (ETFs), and (3) total return swaps. Trey expresses interest
in using bond mutual funds rather than the other strategies for the following reasons.
Reason 1 Total return swaps have much higher transaction costs and initial
cash outlay than bond mutual funds.
Reason 2 Unlike bond mutual funds, bond ETFs can trade at discounts to
their underlying indexes, and those discounts can persist.
Reason 3 Bond mutual funds can be traded throughout the day at the net
asset value of the underlying bonds. /n <ocr>image_1 ocr text: Exhibit 1 Kiest Manufacturing Bond Payment Schedule (as of beginning of Year 1) Maturity Date Payment Amount End of Year 1 $9,572,000 End of Year 2 $8,392,000 End of Year 3 $8,200,000/nimage_2 ocr text: Exhibit2 Possible AAA Rated Duration-Matching Portfolios Portfolio A Portfolio B Portfolio C Bonds (term, coupon) 4.5 years, 2.63% 3.0 years, 2.00% 1.5 years, 1.25% 7.0 years, 3.50% 6.0 years, 3.25% 11.5 years,4.38% 8.5 years, 3.88% Macaulay duration 5.35 5.34 5.36 Cash flow yield. 3.16% 3.33% 3.88% Convexity 31.98 34.51 50.21 BPV $10,524 $10,506 $10,516/nimage_3 ocr text: Exhibit 3 Global Bond Index Benchmark Candidates Effective Index Name Duration Index Characteristics Global Aggregate 7.73 Market cap weighted; Treasuries, corpo- rates, agency, securitized debt Global Aggregate GDP 7.71 Same as Global Aggregate, except GDP Weighted weighted Global High Yield 4.18 GDP weighted; sovereign, agency, corporate debt</ocr>","Based on Exhibit 2, relative to Portfolio C, Portfolio B:","['A. has higher cash flow reinvestment risk'
 'B. is a more desirable portfolio for liquidity management'
 'C. provides less protection from yield curve shifts and twists']",,,,,,,,table,A,"B is correct. Portfolio B is a laddered portfolio with maturities spread more or less evenly over the yield curve. A desirable aspect of a laddered portfolio is liquidity management. Because there is always a bond close to redemption, the soon-to- mature bond can provide emergency liquidity needs. Barbell portfolios, such as Portfolio C, have maturities only at the short-term and long-term ends and thus are much less desirable for liquidity management.",hard,multiple-choice,fixed income,english,198,4,0,,,,,,,release_basic_txt,english_198,hard_multiple-choice_fixed income,hard_multiple-choice
394,english_198_1_r3,"Serena is a risk management specialist with Liability Protection Advisors. Trey, CFO
of Kiest Manufacturing, enlists Serena’s help with three projects. The first project is
to defease some of Kiest’s existing fixed-rate
bonds that are maturing in each of the
next three years. The bonds have no call or put provisions and pay interest annually.
Exhibit 1 presents the payment schedule for the bonds.
<image_1>
The second project for Serena is to help Trey immunize a $20 million portfolio of
liabilities. The liabilities range from 3.00 years to 8.50 years with a Macaulay duration
of 5.34 years, cash flow yield of 3.25%, portfolio convexity of 33.05, and basis point
value (BPV) of $10,505. Serena suggested employing a duration-matching
strategy
using one of the three AAA rated bond portfolios presented in Exhibit 2.
<image_2>
Serena explains to Trey that the underlying duration-matching
strategy is based
on the following three assumptions.
1 Yield curve shifts in the future will be parallel.
2 Bond types and quality will closely match those of the liabilities.
3 The portfolio will be rebalanced by buying or selling bonds rather than using
derivatives.

The third project for Serena is to make a significant direct investment in broadly
diversified global bonds for Kiest’s pension plan. Kiest has a young workforce, and
thus, the plan has a long-term
investment horizon. Trey needs Serena’s help to select
a benchmark index that is appropriate for Kiest’s young workforce. Serena discusses
three benchmark candidates, presented in Exhibit 3.
<image_3>
With the benchmark selected, Trey provides guidelines to Serena directing her to
(1) use the most cost-effective
method to track the benchmark and (2) provide low
tracking error.
After providing Trey with advice on direct investment, Serena offered him additional
information on alternative indirect investment strategies using (1) bond mutual funds,
(2) exchange-traded
funds (ETFs), and (3) total return swaps. Trey expresses interest
in using bond mutual funds rather than the other strategies for the following reasons.
Reason 1 Total return swaps have much higher transaction costs and initial
cash outlay than bond mutual funds.
Reason 2 Unlike bond mutual funds, bond ETFs can trade at discounts to
their underlying indexes, and those discounts can persist.
Reason 3 Bond mutual funds can be traded throughout the day at the net
asset value of the underlying bonds. /n <ocr>image_1 ocr text: Exhibit 1 Kiest Manufacturing Bond Payment Schedule (as of beginning of Year 1) Maturity Date Payment Amount End of Year 1 $9,572,000 End of Year 2 $8,392,000 End of Year 3 $8,200,000/nimage_2 ocr text: Exhibit2 Possible AAA Rated Duration-Matching Portfolios Portfolio A Portfolio B Portfolio C Bonds (term, coupon) 4.5 years, 2.63% 3.0 years, 2.00% 1.5 years, 1.25% 7.0 years, 3.50% 6.0 years, 3.25% 11.5 years,4.38% 8.5 years, 3.88% Macaulay duration 5.35 5.34 5.36 Cash flow yield. 3.16% 3.33% 3.88% Convexity 31.98 34.51 50.21 BPV $10,524 $10,506 $10,516/nimage_3 ocr text: Exhibit 3 Global Bond Index Benchmark Candidates Effective Index Name Duration Index Characteristics Global Aggregate 7.73 Market cap weighted; Treasuries, corpo- rates, agency, securitized debt Global Aggregate GDP 7.71 Same as Global Aggregate, except GDP Weighted weighted Global High Yield 4.18 GDP weighted; sovereign, agency, corporate debt</ocr>","Based on Exhibit 1, Kiest’s liabilities would be classified as:",['A. Type I' 'B. Type II' 'C. Type III'],,,,,,,,table,A,"A is correct. Type I liabilities have cash outlays with known amounts and timing. The dates and amounts of Kiest’s liabilities are known; therefore, they would be classified as Type I liabilities.",hard,multiple-choice,fixed income,english,198,1,0,,,,,,,release_basic_txt,english_198,hard_multiple-choice_fixed income,hard_multiple-choice
219,english_164_1_r3,"Karin Larsson is a new employee in the risk management group at Baltic Investment Management, Inc. She is replacing Sten Reinfeldt, who has agreed to help her transition into her new role. Reinfeldt explains that risk governance refers to the process of setting risk management policies and standards for an organization, thus enabling firms to establish appropriate ranges for exposures and to emphasize individual risk factors within a centralized type of enterprise risk management.
Baltic manages proprietary investment strategies, which creates risk exposures for the firm. Reinfeldt explains that these risks are both financial and nonfinancial in nature and proceeds to list several specific sources of risk:
Risk 1: Model risk
Risk 2: Liquidity risk
Risk 3: Settlement risk
Baltic uses value at risk (VaR) as a probability-based measure of loss potential for its fixed-income strategies. Reinfeldt states that the VaR for the fixed-income strategy is SEK10 million during any five-day period with a probability of 5%. Larsson asks Reinfeldt to estimate the fixed-income strategy's VaR at given levels of probability for specified periods.
Baltic manages an equity strategy in addition to the fixed-income strategy. The trading desks for each strategy are granted risk budgets that consider the allocation of both capital and daily VaR. The correlation between the equity desk and the fixed-income desk is low. Exhibit 1 provides risk-budgeting data for both desks.


<image_1>

Reinfeldt comments that the risk management group has adopted stress testing to complement VaR analysis given some of its limitations. He lists several of limitations of VaR for Larsson:
Limitation 1: VaR inaccurately measures risk exposure because it overestimates the magnitude and frequency of the worst returns.

Limitation 2: VaR incompletely measures risk exposure because it does not incorporate positive results into its risk profile.
Limitation 3: VaR incorrectly measures risk exposure because there are limited calculation methods and they often yield similar outcomes.
Larsson is concerned about credit exposure within the fixed-income strategy and asks Reinfeldt how Baltic manages this risk. Reinfeldt responds, ""We manage credit risk in a number of ways. First, we use credit derivatives in order to transfer credit risk. Second, we mark to market our credit derivatives in order to post collateral whenever a credit derivative's value is positive to Baltic and negative to the swap counterparty."" /n <ocr>image_1 ocr text: Exhibit 1 Trading Desk Data (SEK million) Fixed- Equity Income Desk Desk Capital 200 100 Daily VaR 10 10 Monthly 25 15 Profit</ocr>","Given Reinfeldt's estimate of VaR for the fixed-income strategy, which of the following statements is most likely accurate? During a five-day period, there is a:","['A. 5% probability the portfolio will lose at least SEK10 million.'
 'B. 95% probability the portfolio will lose at least SEK10 million.'
 'C. 5% probability the portfolio will lose no more than SEK10 million.']",,,,,,,,table,A,"Answer = A . VaR is a minimum. That is, there is a 5% chance that the portfolio will lose SEK10 million or more.",easy,multiple-choice,portfolio management,english,164,1,0,,,,,,,release_basic_txt,english_164,easy_multiple-choice_portfolio management,easy_multiple-choice
406,english_200_3_r3,"A US-based
fixed-income
portfolio manager is examining unhedged investments in
Thai baht (THB) zero-coupon
government bonds issued in Thailand and is considering
two investment strategies:
1 Buy-and-
hold:
Purchase a 1-year,
THB zero-coupon
bond with a current yield-to-
maturity
of 1.00%.
2 Roll down the THB yield curve: Purchase a 2-year
zero-coupon
note with a
current yield-to-
maturity
of 2.00% and sell it in a year.
THB proceeds under each strategy will be converted into USD at the end of the
1-year
investment horizon. The manager expects a stable THB yield curve and that
THB will appreciate by 1.5% relative to USD. The following information is used to
analyze these two investment strategies: <image_1> /n <ocr>image_1 ocr text: Yield Curve Statistic Buy and Hold. Rolldown Investment horizon (years) 1.0 1.0 Bond maturity at purchase (years). 1.0 2.0 Yield-to-maturity (today) 1.00% 2.00% Average portfolio bond price (today) 99.0090 96.1169 Expected average portfolio bond price (in 1 year) 100.00 99.0090 Expected currency gains (in 1 year). 1.5% 1.5%</ocr>",Which of the following statements best describes how the expected total return results would change if THB yields were to rise significantly over the investment horizon?,"['A. Both the Buy-and- Hold and Yield Curve Rolldown expected portfolio returns would increase due to higher THB yields'
 'B. Both the Buy-and- Hold and Yield Curve Rolldown expected portfolio returns would decrease due to higher THB yields'
 'C. The Buy-and- Hold expected portfolio returns would be unchanged and the Yield Curve Rolldown expected portfolio returns would decrease due to the rise in yields']",,,,,,,,table,C,"C is correct. In a higher THB yield scenario in one year, the Yield Curve Rolldown expected return would fall since a higher THB yield-to- maturity in one year would reduce the price at which the investor could sell the 1-year zero in one year. The Buy-and- Hold portfolio return will be unaffected since the 1-year bond matures at the end of the investment horizon.",hard,multiple-choice,fixed income,english,200,3,0,,,,,,,release_basic_txt,english_200,hard_multiple-choice_fixed income,hard_multiple-choice
1324,english_462_1_r3,"An exchange rate is currently 0.8000. The volatility of the exchange rate is quoted as 12% and interest rates in the two countries are the same. 
 The images below contain the background knowledge.<image_1><image_2> /n <ocr>image_1 ocr text: 20.2 VOLATILITY SMILE FOR FOREIGN CURRENCYOPTIONS The volatility smile used by traders to price foreign currency options tends to have the general form shown in Figure 20.1.The implied volatility is relatively low for at-the- money options. It becomes progressively higher as an option moves either into the money or out of the money. In the appendix at the end of this chapter,we show how to determine the risk-neutral probability distribution for an asset price at a future time from the volatility smile given by options maturing at that time.We refer to this as the implied distribution.The volatility smile in Figure 20.1 corresponds to the implied distribution shown by the solid line in Figure 20.2.A lognormal distribution with the same mean and standard deviation as the implied distribution is shown by the dashed line in Figure 20.2.It can be seen that the implied distribution has heavier tails than the lognormal distribution.1 To see that Figures 20.1 and 20.2 are consistent with each other, consider first a deep- out-of-the-money call option with a high strike price of KK/S well above 1.0).This option pays off only if the exchange rate proves to be above K.Figure 20.2 shows that the probability of this is higher for the implied probability distribution than for the lognormal distribution.We therefore expect the implied distribution to give a relatively high price for the option.A relatively high price leads to a relatively high implied volatility-and this is exactly what we observe in Figure 20.1 for the option.The two figures are therefore consistent with each other for high strike prices.Consider next a deep-out-of-the-money put option with a low strike price of KK/So well below 1.0. This option pays off only if the exchange rate proves to be below K.Figure 20.2 shows that the probability of this is also higher for the implied probability distribution than for the lognormal distribution.We therefore expect the implied distribution to give a relatively high price, and a relatively high implied volatility, for this option as well. Again, this is exactly what we observe in Figure 20.1./nimage_2 ocr text: Figure 20.1Volatility smile for foreign currency options K=strike price,S=current exchange rate). A Implied volatility K/S, 1.0</ocr>","Using the lognormal assumption, estimate the probability that the exchange rate in 3 months will be less than 0.7000.
 Based on the volatility smile usually observed in the market for exchange rates, would you expect the estimate be too low or too high?",,,,,,,,,chart,Too low.,"An exchange rate behaves like a stock that provides a dividend yield equal to the foreign risk-free rate. Whereas the growth rate in a non-dividend- paying stock in a risk-neutral world is r , the growth rate in the exchange rate in a risk-neutral world is $r - r_f$ . Exchange rates have low systematic risks and so we can reasonably assume that this is also the growth rate in the real world. In this case, the foreign risk-free rate equals the domestic risk-free rate $( r = r_f )$. The expected growth rate in the exchange rate is therefore zero. If $S_T$ is the exchange rate at time T, its probability distribution is given by equation (14.3) with $\mu = 0$: $ln S_T \sim \phi (ln S_0 - \sigma^2 T/2, \sigma^2 T)$\\
 where $S_0$ is the exchange rate at time zero and $ \sigma$ is the volatility of the exchange rate. In this case, $S_0 = 0.8000$ and $\sigma = 0.12$, and $T = 0.25$ so that \\
 $ln S_T \sim \phi (ln 0.8 - 0.12^2 * 0.25/2, 0.12^2 *0.25)$ or $lnS_T ~ \phi(-0.2249, 0.06^2)$\\
 $ln 0.70 = -0.3567$. \\
 The probability that $S_T < 0.70$ is that same as the probability that $lnS_T < -0.3567$. \\
 It is $N(\frac{-0.3567+0.2249}{0.06}) = N(-2.1955)$ This is 1.41\%. 
 According to the volatility smile encountered for foreign exchange options and implies the probability distribution, we would expect the probabilities in this question to be too low.",hard,open question,derivatives,english,462,1,0,,,,,,,release_basic_txt,english_462,hard_open question_derivatives,hard_open question
313,english_181_6_r3,"Andres Rioja is the treasurer of Empresas Crianza. His duties have recently been expanded to include oversight of the firm’s pension fund. Given his limited experience in overseeing investments, he is relying on an outside consultant. Rioja prepares a number of questions for his first meeting with the consultant, Manolo Priorat of Consulta Jerez. Priorat starts the meeting by summarizing for Rioja the status of the defined benefit pension plan and makes the following statement: The pension liability has a duration of 14 years and a present value of $4 billion. The liabilities are discounted using the spot rate on high-quality long-term corporate bonds. Presently, the asset portfolio covers 87.5% of these liabilities and is invested entirely in fixed-income assets. The plan assets have fallen short of the pension liabilities over the past five years because their durations are not properly matched. I am concerned that Crianza has selected the wrong benchmark for the pension plan. The current benchmark is a weighted average of the benchmarks for the various strategies used in the investment of pension assets. I believe the appropriate benchmark should be the liability itself. Priorat and Rioja review the fixed-income funds in which the pension assets are currently invested. Portfolio managers have been given the mandate to meet or exceed their respective benchmarks based on their investment styles. Details of the various portfolios are provided in Exhibit 1.


<image_1>


Rioja updates Priorat on Crianza’s current plans for the pension plan. Rioja states: “Crianza will make a $500 million contribution to fully fund the plan and invest the funds in Treasury STRIPs. In addition, we would like to completely reallocate pension investments away from the fund that presents the greatest contingent claim risk and into the long corporate bond fund.”

Rioja then asks Priorat, “I would like to understand the risk profile of each index benchmark we have assigned to the portfolio managers. What measures are available to do this?” Priorat responds,
There are several key measures that come to mind. Effective duration measures the sensitivity of the index’s price to a relatively small parallel shift in interest rates. For large non-parallel changes in interest rates, a convexity adjustment is used to improve the accuracy of the index’s estimated price change. Key rate duration measures the effect of shifts in key points along the yield curve. Key rate durations are particularly useful for determining the relative attractiveness of various portfolio strategies, such as bullet strategies versus barbell strategies. Spread duration describes how a non-Treasury security’s price will change as a result of the widening or narrowing of the spread contribution.
Rioja then asks about the rationale for active managers to do secondary market trades. Priorat responds,
Secondary market trades should be evaluated in a total return framework. The exception is the yield or spread pickup trade, which should be evaluated in the context of additional yield. Credit-upside trades provide an opportunity for managers to capitalize on unexpected upgrades. Curve-adjustment trades are yet another example of investors expressing their interest rate views in the credit markets in anticipation of interest rate changes. Finally, Priorat offers further explanation of how active managers can add value. He notes,
Structural analysis of corporate bonds is an important part of active management. Credit bullets in conjunction with long-end Treasury structures are used in a barbell strategy. Callable bonds provide a spread premium that can be valuable to an investor during periods of high interest rate volatility. Put structures will provide investors with some protection in the event that interest rates rise sharply but not if the issuer has an unexpected credit event.” /n <ocr>image_1 ocr text: Exhibit 1:Portfolio Information Duration Asset Value Portfolio Benchmark Investment Style (years) ($ thousands) 3-Month US T- Money market 0.25 175,000 Active management Bill Mortgage-backed Barclays 3 700,000 Enhanced indexing securities fund Mortgage Emerging market bond. JP Morgan 4.6 675,000 Active management fund EMBI Long corporate bond. Barclays Long 14 1,575,000 Active management fund Corporate Barclays Treasury bond STRIPs 24 375,000 Pure bond indexing 20+Year STRIP</ocr>",Priorat is most likely correct with regard to which structural trade,['A. Putables' 'B. Bullets' 'C. Callables'],,,,,,,,table,B,"Answer = B. Front-end bullets (i.e., bullet structures with one-year to five-year maturities) have great appeal for investors who pursue a barbell strategy in which both the short and long end of the barbell are US Treasury securities. There are “barbellers” who use credit securities at the front or short end of the curve and Treasuries at the long end of the yield curve.",hard,multiple-choice,fixed income,english,181,6,0,,,,,,,release_basic_txt,english_181,hard_multiple-choice_fixed income,hard_multiple-choice
933,english_345_2_r3,Suppose that all investors expect that interest rates for the 4 years will be as follows: <image_1> /n <ocr>image_1 ocr text: Year Forward Interest Rate 0 (today)5% 1 7% 2 9% 3 10%</ocr>,"If you have just purchased a 4-year zero-coupon bond, what would be the expected rate of return on your investment in the first year if the implied forward rates stay the same? (Par value of the bond = $1,000)",['A. 5%' 'B. 7%' 'C. 9%' 'D. 10%' 'E. None of the options'],,,,,,,,table,A,The forward interest rate given for the first year of the investment is given as 5% (see table above).,easy,multiple-choice,fixed income,english,345,2,0,,,,,,,release_basic_txt,english_345,easy_multiple-choice_fixed income,easy_multiple-choice
279,english_175_2_r3,"Virginia Norfolk, is head of the client strategy committee at Chesapeake Partners, LLC, an investment consulting firm. Chesapeake advises a diverse client base on a variety of investment matters including asset allocation and manager selection. Each month the committee meets to discuss client inquiries and assignments the consultants are working on. Norfolk convenes the committee to discuss pressing issues for several clients.
Norfolk asks William Burg, a field consultant, to present on a new client, a small college that Chesapeake advises with regard to the pension fund and the endowment. Burg needs to recommend to the client an appropriate benchmark for each fund. Burg tells the committee, ""I recommend that the pension fund benchmark be changed from the pension's liabilities as the benchmark to a bond market index. The pension is closed to new participants and thus the amount and timing of future cash flows are known. The endowment is invested across many asset classes and generate an adequate return to meet its obligations, which consists of a 5% annual contribution to the college's operating fund. The endowment's benchmark for fixed-income managers should continue to be a bond market index, such as Barclays Aggregate Bond Index.""
Alex Manassas, a committee member asks Burg, ""What factors do you consider in selecting a benchmark bond index?"" Burg responds, ""I look at three key factors when selecting a benchmark. Market value risk should be similar for the portfolio and the benchmark. The longer the duration, the greater the total return potential because rates are low now and the yield curve is so steep. Income risk is important for comparable assured income streams, which can be more stable and dependable in a portfolio with long maturities. The average credit risk in the benchmark should be measured against the investor's overall portfolio and satisfy credit quality constraints in the policy statement.""
Boris Markov is the firm's actuary and expert on asset liability management. His client is a life insurance company that sells guaranteed investment contracts (GICs). The company hired Chesapeake because it has not met the target yield of 4% on the GICs it sold. Markov proposes a new approach to satisfy the obligation: ""First, the new single-period immunization strategy should require as a minimum condition that the duration of the bond portfolio equal the investment horizon. In addition, if the bond portfolio has a yield to maturity equal to the target yield and a maturity equal to the investment horizon, then the target value will be achieved"".
Markov then discusses another client that will require a rebalancing of its portfolio after a shift in interest rates over the last year to maintain the initial dollar duration. He uses the data in the table below to explain to the committee his rebalancing methodology.

<image_1>

Juan Ramirez, Chesapeake's chief investment officer, brings forward to the committee two investment issues that he would like to discuss. Ramirez tells the committee, ""Some of our client's portfolios are for the purpose of funding liabilities, and I am concerned that these liabilities will not be met, given certain risks. In particular, I have noticed that client portfolios have a substantial position in mortgaged-backed securities. We should reallocate these securities to invest in corporate bonds so the portfolio's convexity matches that of the liabilities.""
Ramirez then presents the committee with the second investment issue. He is focused on a presentation that Alpha Managers, an investment firm that hopes to make it onto Chesapeake's ""buy list,"" made recently. He tells the committee, ""I am perplexed by the bottom-up capability that Alpha claims to have in adding value to portfolios. They claim to have a bias to yield maximization across securities without regard to rating differentials."" /n <ocr>image_1 ocr text: Exhibit 1 Data for Initial Portfolio and after Interest Rate Shift Initial Portfolio Portfolio after Rate Shift over One Year Price Market Value Duration Price Market Value Duration Bond #1 $104.35 $10,435,000 5.5 $99.75 $9,975,000 4.7 Bond #2 89.55 8,955,000 2.2 95.00 9,500,000 1.3 Bond #3 107.15 10,715,000 5.4 102.40 10,240,000 4.6</ocr>",Is Markov correct regarding the necessary conditions to immunize the GIC portfolio for his client?,"['A. No, he is incorrect regarding duration' 'B. Yes'
 'C. No, he is incorrect regarding the bond portfolio characteristics']",,,,,,,,table,C,"Answer = C. To immunize a portfolio's target value or target yield against a change in the market yield, a manager must invest in a bond or a bond portfolio whose (1) duration is equal to the investment horizon and (2) initial present value of all cash flows equals the present value of the future liability. Thus, investing in a bond portfolio with a yield to maturity equal to the target yield and a maturity equal to the investment horizon does not assure that the target value will be achieved because of reinvestment risk.",hard,multiple-choice,fixed income,english,175,2,0,,,,,,,release_basic_txt,english_175,hard_multiple-choice_fixed income,hard_multiple-choice
798,english_313_5_r3,Use the option quote information shown here to answer the questions that follow. The stock is currently selling for $83. <image_1> /n <ocr>image_1 ocr text: Option and Strike Calls Puts NY Close Expiration Price Vol. Last Vol. Last RWJ March 80 230 2.80 160 .80 April 80 170 6 127 1.40 July 80 139 8.05 43 3.90 October 80 60 10.20 11 3.65</ocr>,Two of the options are clearly mispriced. Which ones?,,,,,,,,,table,Mar call and the Oct put.,The call is mispriced because it is selling for less than its intrinsic value. The October put is mispriced because it sells for less than the July put.,medium,open question,derivatives,english,313,5,0,,,,,,,release_basic_txt,english_313,medium_open question_derivatives,medium_open question
228,english_165_6_r3,"Mary Bing is a senior portfolio manager at NMS Advisors (NMSA), an investment and wealth management firm with offices in Boston and Chicago. NMSA provides investment advisory and asset allocation services to private and institutional clients. Bing is an expert in the use of derivatives to manage portfolios. She is assisted by two analysts, Rakesh Sharma and Hernando Torres.
Bing is performing a review of client portfolios. She has collected the stock and bond index futures information that is presented in Exhibit 1. Futures prices are shown after accounting for the multiplier. Bing also notes that risk-free bonds with one year to maturity yield 1.5%.


<image_1>

Bing manages a portfolio invested in US small-cap stocks for the Wellington Academy Endowment. The portfolio has a current market value of $321 million. Bing and her team believe that small-cap stocks will perform well over the next three months. After consulting with the endowment's trustees, Bing decides to raise the portfolio's beta from 0.8 to 1.2 for the next three months. She has also been informed that the endowment has received a $15 million cash donation that is to be invested in small caps. Bing and her team decide to use futures to equitize the new cash inflow for a period of three months.
Another one of Bing's clients is KP McLane Incorporated (KPM Inc.), a US-based manufacturer of men's apparel. The current market value of KPM Inc.'s pension portfolio is $950 million, with a 65% allocation to US midcap stocks and a 35% allocation to US bonds. The stock allocation has a beta of 1.45, and the bond allocation has a modified duration of 5.3. Bing's research indicates that midcap stocks are likely to underperform in the near term. Accordingly, she decides to reduce the allocation to midcap stocks to 60% and increase the bond allocation to 40%.
KPM Inc. exports a significant portion of its products to eurozone countries. KPM Inc. expects the dollar to rise against the euro and is concerned that this change could lead to a decline in sales in the eurozone. KPM Inc. asks Bing for advice on how to manage this risk exposure.
Bing asks Sharma, ""We adjusted the asset allocation of the KPM Inc. pension fund using futures. Could we have used swaps to carry out the change?""


Sharma responds, ""Yes, we could have used a combination of a fixed-income swap on the Barclays US Aggregate Bond Index and an equity swap on the S&P 400 MidCap Index, where the notional value is $47.5 million.""
TCMS, a medical college, is also a client of NMSA. TCMS currently has a two-year loan outstanding with a 5.5% fixed annual interest rate. Bing expects a decline in interest rates and advises TCMS to enter into a two-year interest rate swap in which TCMS would pay Libor + 0.5% and receive a 5.5% fixed rate. From TCMS's perspective, the duration of a two-year fixed rate loan is –1.5 years and the duration of a floating rate loan is –0.125. Bing asks Torres, ""Can you comment on the overall impact of the interest rate swap on TCMS?""
Torres responds, ""The net effect of entering the swap is to reduce the interest rate sensitivity of the overall loan plus swap position relative to the loan by itself. If the swap is added, however, it will be harder for TCMS to predict cash flows, and from this perspective, the swap does not serve as a good hedge."" /n <ocr>image_1 ocr text: Exhibit 1 Selected Information on Futures Contracts Modified Futures Contract Price Beta Duration S&P 400 MidCap Index $481,900 1.12 N/A S&P Small Cap 600 Index $223,300 1.23 N/A Barclays US Aggregate Bond $165,260 N/A 4.89 Index</ocr>",The pair of swaps Sharma should most likely describe are:,"['A. Equity Swap: Pay Libor, Receive return on equity index, Fixed Income Swap: Pay Libor, Receive return on bond index'
 'B. Equity Swap: Pay return on equity index, Receive Libor, Fixed Income Swap: Pay Libor, Receive return on bond index'
 'C. Equity Swap: Pay Libor, Receive return on equity index, Fixed Income Swap: Pay return on bond index, Receive Libor']",,,,,,,,table,B,Answer = B . The correct combination of swaps is: Equity swap: Pay return on $47.5 million on the S&P 400 MidCap Index and receive LIBOR on $47.5 million Interest rate swap: Pay LIBOR on $47.5 million and receive return on $47.5 million on the Barclays US Aggregate Bond Index.,hard,multiple-choice,derivatives,english,165,6,0,,,,,,,release_basic_txt,english_165,hard_multiple-choice_derivatives,hard_multiple-choice
1350,english_470_2_r3,"Recall the pricing formula of compound options in the images <image_1><image_2>. Using the same notations, answer the following questions about compound options: /n <ocr>image_1 ocr text: 26.7 COMPOUNDOPTIONS Compound options are options on options. There are four main types of compound options: a call on a call, a put on a call, a call on a put, and a put on a put. Compound options have two strike prices and two exercise dates.Consider, for example,a call on a call.On the first exercise date, T1, the holder of the compound option is entitled to pay the first strike price,K,and receive a call option.The call option gives the holder the/nimage_2 ocr text: right to buy the underlying asset for the second strike price,K,on the second exercise date,T.The compound option will be exercised on the first exercise date only if the value of the option on that date is greater than the first strike price. When the usual geometric Brownian motion assumption is made, European-style compound options can be valued analytically in terms of integrals of the bivariate normal distribution.2 With our usual notation,the value at time zero of a European call option on a call option is Se-qTMab1T/T-Ke-rTMab2T/T-e-rTKNa where lnSo/S*)+r-q+2/2T a= a=a-oVT OVT lnSo/K+r-q+2/2T b=b-VT VT2 The function M(a,b:p) is the cumulative bivariate normal distribution function that the first variable will be less than a and the second will be less than b when the coefficient of correlation between the two is p. The variable S*is the asset price at time T for which the option price at time T equals K.If the actual asset price is above S* at time T1, the first option will be exercised;if it is not above S,the option expires worthless. With similar notation, the value of a European put on a call is Ke-rTM-ab2-T/T-Se-qTM-ab1-T/T+e-rTKN-a2 The value of a European call on a put is --/q-s-/q--y The value of a European put on a put is Soe-qTMa1-b1-T/T-Ke-rTMa-b2-T/T+e-rTKNa</ocr>","Assume $cp$ is the price of the European call on the call,$ pp$ is the price of the European put on the call, $p$ is the price today of the call into which the options can be exercised at time $T_1$ , and $K_1$ is the exercise price for $cp$ and $pp$ . What put–call parity relationship exists between the price of a European call on a put and a European put on a put? Show that the formulas in latex.",,,,,,,,,screenshot,$cp+K_1 e^{-rT_1} = pp+p$,"The put–call relationship is $cp+K_1 e^{-rT_1} = pp+p$ where $cp$ is the price of the call on the call,$ pp$ is the price of the put on the call, $p$ is the price today of the call into which the options can be exercised at time $T_1$ , and $K_1$ is the exercise price for $cp$ and $pp$ . The proof is similar to that for the usual put–call parity relationship. Both sides of the equation represent the values of portfolios that will be worth $max(p,K_1)$ at time $T_1$ . \\
 Because $M(a,b;\rho) = N(a)-M(a,-b;-\rho) = N(b)-M(-a,b;-\rho)$ and $N(x) = 1-N(-x)$ \\we obtain $cp - pp = Se^{-qT_2}N(-b_1)+K_2e^{-rT2}N(-b_2)-K_1e^{-rT_1}$ \\
 Since $p = Se^{-qT_2}N(-b_1)+K_2e^{-rT_2}N(-b_2)$ put-call parity is consistent with the formulas.",hard,open question,derivatives,english,470,2,0,,,,,,,release_basic_txt,english_470,hard_open question_derivatives,hard_open question
600,english_244_4_r3,"Louis Armstrong are analysts with Cefrino Investments, which sponsors the Cefrino Sovereign
Bond Fund (the Fund).
Armstrong develops two alternative portfolio scenarios based on his own yield curve outlook.
Construct a condor to benefit from less curvature in the 5-year to 10-year area of the yield curve.
The condor will utilize the same 1-year, 5-year, 10-year, and 30-year bonds held in the Fund. The
maximum allowable position in the 30-year bond in the condor is $15 million, and the bonds
must have equal (absolute value) money duration.
Armstrong evaluates the Fund’s positions from Exhibit 1:
<image_1>
Stephen Foster is concerned that the scenario analysis models for the credit portfolio
underestimate tail risk, and he asks Armstrong how to address this issue. Armstrong responds,
“We can change the expected correlations between prices in our models to generate more
extremely unusual outcomes.”
Armstrong is preparing for the annual meeting with one of the firm’s largest clients. The client
wants to explore more international credit investing. Armstrong anticipates that the client will
ask about differences between investing in emerging markets credits and developed markets
credits. To address this potential inquiry, Armstrong plans to emphasize the following differences.
Difference 1: Commodity producers and banks represent a higher proportion of emerging
markets indexes than of developed market indexes.
Difference 2: Total or partial government ownership of emerging markets issuers is
common, which results in a higher average recovery rate for defaulted
senior unsecured bonds for emerging markets than for developed markets.
Difference 3: Compared with developed markets, the credit quality of emerging markets
issuers tends to be more concentrated at the very high and very low
portions of the credit spectrum.
Armstrong also is preparing a more general discussion about domestic versus international
portfolio management. The written report by Armstrong identifies three statements that he
would like to check for accuracy.
Statement 1 Currency risk in global credit portfolios can be mitigated by using currency swaps or
by investing in credits denominated in currencies that are pegged or tightly managed by the
government.
Statement 2 Liquidity concerns for emerging markets credits are mitigated by their frequency of
trading and modest legal risk.
Statement 3 Sectors tend to perform similarly across regions. /n <ocr>image_1 ocr text: Exhibit 1 Sovereign bonds fund current fund holdings of on-the-run bonds Maturity Coupon/YTM Modified Duration 1-year 0.78% 0.95 5-year 1.80% 4.52 10-year 2.34% 8.28 30-year 2.95% 20.61</ocr>",Which of Armstrong’s statements about international credit management is correct,['A. Statement 1' 'B. Statement 2' 'C. Statement 3'],,,,,,,,table,A,"Solution: A.
Global credit managers do use currency swaps and invest in pegged currencies to hedge foreign
exchange exposures.",hard,multiple-choice,fixed income,english,244,4,0,,,,,,,release_basic_txt,english_244,hard_multiple-choice_fixed income,hard_multiple-choice
497,english_222_3_r3,"Rob Smith, as portfolio manager at Pell Tech University Foundation, is responsible
for the university’s $3.5 billion endowment. The endowment supports the majority of
funding for the university’s operating budget and financial aid programs. It is invested
in fixed income, public equities, private equities, and real assets.
The Pell Tech Board is conducting its quarterly strategic asset allocation review.
The board members note that while performance has been satisfactory, they have
two concerns:
1 Endowment returns have underperformed in comparison to university endowments
of similar size.
2 Return expectations have shifted lower for fixed-income
and public equity
investments.

Smith attributes this underperformance to a lower risk profile relative to its peers
due to a lower allocation to illiquid private equity investments. In response to the
board’s concerns, Smith proposes an increase in the allocation to the private equity
asset class. His proposal uses option price theory for valuation purposes and is supported
by Monte Carlo simulations.
Exhibit 1 presents selected data on the current university endowment.

<image_1> /n <ocr>image_1 ocr text: Exhibit 1 Selected Data for Pell Tech University Endowment Current Proposed Portfolio Characteristic Allocation Allocation Expected return next 10 years) 7.8% 8.3% Standard deviation of returns (annual) 13.2% 13.9% Sharpe ratio 0.44 0.45 Probability of 30% erosion in purchasing power over 10 25% 20% years</ocr>",Discuss actions that Grides should take to alleviate Brodka’s concerns.,,,,,,,,,table,"As a result of the allocation changes, there will be a reduction in the liquid and
semi-liquid
categories and an increase in the illiquid category under both normal
and stress conditions. The proposed allocation shifting 5% of the endowment’s
investments from liquid to illiquid assets would result in an increase in
the overall illiquidity profile.
Regarding Brodka’s concern about the liquidity profile, Grides needs to ensure
that even under stress conditions the proposed allocation continues to comply
with the liquidity budgeting framework in place. From an ongoing management
perspective—and particularly at times when the liquidity profile of the proposed
allocation is closer to the minimum thresholds set through the liquidity
budget—Grides should plan to closely monitor the portfolio’s liquidity profile
and stress test it periodically to make sure portfolio liquidity remains adequate.
Regarding Brodka’s concern of risk profile “drift,” illiquid assets carry extremely
high rebalancing costs. Because asset liquidity tends to decrease in periods of
market stress, it is important to have sufficient liquid assets and rebalancing
mechanisms in place to ensure the portfolio’s risk profile remains within acceptable
risk targets and does not “drift” as the relative valuations of different asset
classes fluctuate during stress periods. Since liquid assets will decrease due to
the proposed allocation, Grides must ensure an effective rebalancing mechanism
is adopted prior to the investment and is consistently followed thereafter.
That mechanism can either be through a systematic discipline, such as calendar
rebalancing or percent-range
rebalancing that set pre-specified
tolerance bands
for asset weights. Or, an automatic rebalancing method can be adopted, such as
by using adjustments to a public market allocation that is correlated to a private
market allocation (likely a more illiquid exposure) to rebalance private market
risk.
Contrary to its desired intent, and providing grounds for Brodka’s concerns,
this design would exacerbate the endowment’s liquidity needs in severe market
downturns. Given the possibility of such adverse events within Kemney’s long-term
planning horizon, the policy is very relevant as potentially introducing
undesired risks.",,hard,open question,alternative investments,english,222,3,0,,,,,,,release_basic_txt,english_222,hard_open question_alternative investments,hard_open question
1278,english_442_2_r3,"The largest exchange in the world for trading stock options is the Chicago Board Options Exchange (CBOE; www.cboe.com). Table 1.2 gives the bid and ask quotes for some of the call options trading on Apple (ticker symbol: AAPL), on May 21, 2020. Table 1.3 does the same for put options trading on Apple on that date. The quotes are taken from the CBOE website. The Apple stock price at the time of the quotes was bid 316.23, ask 316.50. The bid–ask spread for an option (as a percent of the price) is usually much greater than that for the underlying stock and depends on the volume of trading. The option strike prices in Tables 1.2 and 1.3 are $290, $300, $310, $320, $330, and $340. The maturities are June 2020, September 2020, and December 2020. The precise expiration day is the third Friday of the expiration month. The June options expire on June 19, 2020, the September options on September 18, 2020, and the December options on December 18, 2020.
 The tables illustrate a number of properties of options. The price of a call option decreases as the strike price increases, while the price of a put option increases as the strike price increases. Both types of option tend to become more valuable as their time to maturity increases.
 <image_1>
 <image_2> /n <ocr>image_1 ocr text: Table 1.2Prices of call options on Apple,May 21,2020;stock price:bid$316.23,ask $316.50 (Source:CBOE) Strike price June2020 September 2020 December 2020 ($) Bid Ask Bid Ask Bid Ask 290 29.80 30.85 39.35 40.40 46.20 47.60 300 21.55 22.40 32.50 33.90 40.00 41.15 310 14.35 15.30 26.35 27.25 34.25 35.65 320 8.65 9.00 20.45 21.70 28.65 29.75 330 4.20 5.00 15.85 16.25 23.90 24.75 340 1.90 2.12 11.35 12.00 19.50 20.30/nimage_2 ocr text: Table 1.3Prices of put options on Apple,May 21,2020stock price:bid $316.23 ask$316.50(Source:CBOE). Strike price June 2020 September2020 December 2020 ($) Bid Ask Bid Ask Bid Ask 290 3.00 3.30 12.70 13.65 20.05 21.30 300 4.80 5.20 15.85 16.85 23.60 24.90 310 7.15 7.85 19.75 20.50 28.00 28.95 320 11.25 12.05 24.05 24.80 32.45 33.35 330 17.10 17.85 28.75 29.85 37.45 38.40 340 24.40 25.45 34.45 35.65 42.95 44.05</ocr>","But if Apple does well and the option is exercised when the bid price for the stock is $400, what will happen?",,,,,,,,,screenshot,"The trader is able to buy 100 shares at $340 and immediately sell them for $400 for a profit of $6,000, or $3,970 when the initial cost of the option contract is taken into account.",,medium,open question,derivatives,english,442,2,0,,,,,,,release_basic_txt,english_442,medium_open question_derivatives,medium_open question
618,english_248_1_r3,"Wanda Maximoff is a Swiss-based wealth manager who offers discretionary portfolio
management services to high net worth individuals. She believes that the portfolios of a number
of her clients would benefit from investments in hedge funds. Maximoff has discussed the
relative merits of hedge fund investing with six clients and has received their approval to add this
asset class to their portfolios, subject to agreed upon investment criteria. Maximoff consults the
notes that she has made during her conversations with these clients.
Client 1 prefers a hedge fund strategy that uses top-down analysis in a broad range of
securities markets, taking positions that are thematic or directional. Markets can be valued using
macroeconomic and fundamental analysis, and the hedge fund strategy is typically implemented
using discretionary trading. Maximoff also notes that this client has a high tolerance for
investment risk.
Client 2 has given Maximoff a mandate to invest in event-driven strategies only. Maximoff’s
notes on event-driven strategies include the following statements.
Statement 1: Distressed security investing generally uses high levels of leverage.
Statement 2: A merger arbitrage strategy is analogous to writing insurance on the
acquisition.
Statement 3: A hard-catalyst event-driven strategy tends to be riskier and more volatile
than a soft-catalyst strategy.
Client 3 has expressed a preference for multi-strategy funds instead of fund-of-funds for the
following reasons:
Reason 1: Multi-strategy funds can reallocate funds into different strategy areas more
quickly and easily compared to a fund-of-funds.
Reason 2: The fee structure of multi-strategy funds is often more attractive than that of a
fund-of-funds.
Client 4 wants to add a volatility trading strategy as a portfolio diversifier and has specified
that the strategy must by highly liquid. Maximoff’s notes indicate that there are multiple ways of
implementing a volatility trading strategy; although, some strategies offer more liquidity than
others.
Client 5 decides to invest in an equity hedge fund strategy and substantial amount of
leverage is allowed. Due to a recent large increase in interest rates and geopolitical tensions,
Maximoff’s forecast about equity market has changed from one of modestly rising equities to
several periods of non-trending markets.
Client 6 is a small foundation that has a traditional asset allocation of 65% stocks/35% bonds.
It considers allocating 10% of portfolio asset to hedge fund strategy. The foundation requires the hedge fund strategy allocation to: a) limit volatility, b) maximize risk-adjusted returns, and c) limit
downside risk.
Wanda prepares expected risk and return characteristics for three portfolios that have
allocations of 60% stocks, 30% bonds, and 10% hedge funds, where the 10% hedge fund
allocation follows either an equity market-neutral, global macro, or convertible arbitrage strategy.
The risk and return characteristics of the three portfolios are presented in Panel B of Exhibit 1.
<image_1> /n <ocr>image_1 ocr text: Exhibit 1 Maximum Sharpe Hedge Fund Strategy. SD (%) Sortino Ratio Drawdown Ratio (%) Panel A: Current Portfolio N/A 10.06 0.80 1.23 18.63 Panel B: Three Potential Portfolios with a 10% Hedge Fund Allocation Equity market neutral. 10.03 0.78 1.19 17.37 Global macro 9.83 0.93 1.32 17.25 Convertible arbitrage 10.33 0.81 1.24 23.23</ocr>",The most appropriate hedge fund strategy for Client 1 is,"['A. a global macro strategy' 'B. a managed futures strategy'
 'C. a dedicated short-selling strategy']",,,,,,,,table,A,"Solution: A.
The description of the hedge fund strategy for Client 1 best fits a global macro strategy. This
strategy employs high leverage and returns can be volatile. Managed futures strategies tend to
use systematic trading. Dedicated short-selling strategies tend to use bottom-up analysis.",easy,multiple-choice,alternative investments,english,248,1,0,,,,,,,release_basic_txt,english_248,easy_multiple-choice_alternative investments,easy_multiple-choice
220,english_164_2_r3,"Karin Larsson is a new employee in the risk management group at Baltic Investment Management, Inc. She is replacing Sten Reinfeldt, who has agreed to help her transition into her new role. Reinfeldt explains that risk governance refers to the process of setting risk management policies and standards for an organization, thus enabling firms to establish appropriate ranges for exposures and to emphasize individual risk factors within a centralized type of enterprise risk management.
Baltic manages proprietary investment strategies, which creates risk exposures for the firm. Reinfeldt explains that these risks are both financial and nonfinancial in nature and proceeds to list several specific sources of risk:
Risk 1: Model risk
Risk 2: Liquidity risk
Risk 3: Settlement risk
Baltic uses value at risk (VaR) as a probability-based measure of loss potential for its fixed-income strategies. Reinfeldt states that the VaR for the fixed-income strategy is SEK10 million during any five-day period with a probability of 5%. Larsson asks Reinfeldt to estimate the fixed-income strategy's VaR at given levels of probability for specified periods.
Baltic manages an equity strategy in addition to the fixed-income strategy. The trading desks for each strategy are granted risk budgets that consider the allocation of both capital and daily VaR. The correlation between the equity desk and the fixed-income desk is low. Exhibit 1 provides risk-budgeting data for both desks.


<image_1>

Reinfeldt comments that the risk management group has adopted stress testing to complement VaR analysis given some of its limitations. He lists several of limitations of VaR for Larsson:
Limitation 1: VaR inaccurately measures risk exposure because it overestimates the magnitude and frequency of the worst returns.

Limitation 2: VaR incompletely measures risk exposure because it does not incorporate positive results into its risk profile.
Limitation 3: VaR incorrectly measures risk exposure because there are limited calculation methods and they often yield similar outcomes.
Larsson is concerned about credit exposure within the fixed-income strategy and asks Reinfeldt how Baltic manages this risk. Reinfeldt responds, ""We manage credit risk in a number of ways. First, we use credit derivatives in order to transfer credit risk. Second, we mark to market our credit derivatives in order to post collateral whenever a credit derivative's value is positive to Baltic and negative to the swap counterparty."" /n <ocr>image_1 ocr text: Exhibit 1 Trading Desk Data (SEK million) Fixed- Equity Income Desk Desk Capital 200 100 Daily VaR 10 10 Monthly 25 15 Profit</ocr>","With regard to the fixed income and equity trading desks, based on Exhibit 1, which of the following statements is most likely accurate?","['A. The trading desks have the same risk budget.'
 'B. The combined daily VaR of the trading desks is less than SEK20 million.'
 'C. The fixed-income desk generates better returns on its allocated capital given its VaR.']",,,,,,,,table,B,"Answer = B . The trading desks engage in activities that are weakly correlated; therefore, a diversification benefit occurs. Thus it would be reasonable to expect that the combined VaR of the two desks will be less than the sum of the VaRs of the individual desks (SEK20 million).",easy,multiple-choice,portfolio management,english,164,2,0,,,,,,,release_basic_txt,english_164,easy_multiple-choice_portfolio management,easy_multiple-choice
608,english_246_2_r3,"Fig Tree Management (FTM) is a global asset management firm. Currently, it offers four funds for
its retail investors, fund descriptions are presented in Exhibit 1.
Han Solo is a portfolio manager with FTM and collects the following notes on the funds in
Exhibit 1.
<image_1>
Note 1: Acore Fund is constructed with full replication, defined as a 95% match to the index.
Note 2: Beto Fund is constructed with stratified sampling and also utilizes security lending.
Note 3: Charm Fund is constructed with optimization and utilizes security lending.
Note 4: Deal Fund utilizes aggressive shareholder engagement strategies.
Note 5: All funds charge a single management fee that covers all costs to investors in that fund.
Solo is also interested in the degree of security specific risk diversification within FTM's
portfolios. He asks the portfolio managers for the Herfindahl-Hirschman index (HHI) for each of
three portfolios. Each portfolio use some form of market cap or free float weighting.
The HHI results are shown in Exhibit 2.
<image_2>
One of Solo's clients is a large foundation that uses multiple managers and strategies. The
Board of Trustees for the foundation relies on Solo and FTM for advice on manager and strategy
allocation. The board asks Solo to evaluate the performance of one of their managers. Solo
collects the data in Exhibit 3.
<image_3>
At his next meeting with the board, Solo discusses the results of his analysis. One of the
board members askes about a new index manager he has heard of. The manager describes his
process as focused on dividends, P/E and a size factor. The board member says, ""This sounds like an active manager and not a passive index manager."" Solo promises to look into it before their
next meeting. /n <ocr>image_1 ocr text: Exhibit1 Fund Fund Description Acore Fund Fully passive investment in USmarket Beto Fund Passive investment in global developed markets Charm Fund Passive with active tilt investing in multiple frontier and emerging markets Deal Fund An active global portfolio covering all geographic sectors/nimage_2 ocr text: Exhibit 2 HHICalculations Portfolio 1 0.043 Portfolio 2 0.0055 Portfolio 3 0.002/nimage_3 ocr text: Exhibit 3 Manager and Benchmark Data Manager Sector Benchmark Sector Sector Sector Returns Weights Weights Information technology 10.00% 35.00% 25.00% Consumer staples 4.40% 25.00% 25.00% Energy -1.30% 20.00% 25.00% Financials 2.00% 20.00% 25.00%</ocr>",Which of the following statements regarding the four funds in Exhibit 1 is most likely correct,"['A. Investors in Deal are at greater risk of free riders than investors in Acore'
 'B. Investors in Beto are more likely to be charged an incentive management fee than investors in Charm'
 'C. If FTM restructure the investor fee schedule to separately charge for distribution expenses, total cost to investors in the funds would likely decline']",,,,,,,,table,A,"Solution: A.
Deal Fund utilizes aggressive shareholder engagement, which seeks to actively influence
company management in ways to increase shareholder value. Investors in Deal will have to be
charged higher fees to cover the costs of these activities by FTM. But all investors will benefit if
the efforts in Deal are successful.",easy,multiple-choice,equity,english,246,2,0,,,,,,,release_basic_txt,english_246,easy_multiple-choice_equity,easy_multiple-choice
523,english_228_5_r3,"Earl Warren is an investment strategist who develops capital market expectations for an
investment firm that invests across asset classes and global markets. Warren’s approach to
economic forecasting utilizes a structural model in conjunction with a diffusion index to
determine the current phase of a country’s business cycle. Warren also determines whether any
adjustments need to be made to his initial estimates of the respective aggregate economic
growth trends based on historical rates of growth for Countries A and B (both developed markets)
and Country C (a developing market). Exhibit 1 summarizes Warren’s predictions:
<image_1>
Warren then discusses various risks of investing in emerging market equities and states that
“We try to identify the forces that will likely exert the most powerful influences and assess their
relative strength before investing in that market.” The following economic indicators of India from
CEIC database to explain the impact of various factors on exchange rates:
<image_2>
After the discussion, Warren makes a professional explanation of the impact of monetary
and fiscal policies on the yield curve. With regard to their combining impact on the yield curve
and the economic environment, he made the following statements:
Statement 1: If monetary policy is expansionary and fiscal policy is restrictive, the yield curve is
moderately steep and the economic implications are less clear.
Statement 2: If both monetary and fiscal policies are expansionary, the yield curve is steep and
the economy will likely expand.
Statement 3: If monetary policy is restrictive and fiscal policy is expansionary, the yield curve is
moderately inverted and the economic implications are less clear.
Warren is considering adding three new securities to his internationally focused fixed
income portfolio. He has gathered the following information:
<image_3>
Warren seeks to establish expectations for rate of return for properties in the industrial
sector over the next year. He has obtained the following information:
<image_4> /n <ocr>image_1 ocr text: Exhibit 1 Prediction for Current Phase of the Business Cycle Country A Country B Country C Initial Recovery Contraction Late Expansion/nimage_2 ocr text: Exhibit 2 Economic Indicators of India (fiscal year starting in April 2015 2016 2017 2018 2019 2020 Real GDP rate % 8.2 7.1 6.7 7.2 7.0 7.2 CPI% 4.9 4.5 3.6 4.5 4.0 4.5 Fiscal deficit % of GDP 3.9 3.5 3.5 3.4 3.3 3.2 Current account deficit % of GDP 1.1 0.6 1.9 2.3 3.1 2.9 RBI repo rate % end-of-period 6.75 6.25 6.00 6.25 6.00 6.00 INR per USD end-of-period 66.33 64.84 65.18 70.80 69.00 65.00/nimage_3 ocr text: Exhibit 3 Fixed income securities return forecast related information Risk free interest rate 1-year, incorporating 2.6% inflation expectation 2.5% Term premium 10-year vs.1-year government bond) 1% 10-year BBB credit premium over 10-year government bond 85bp Estimated liquidity premium on 10-year corporate bonds 65bp/nimage_4 ocr text: Exhibit 4 Real estate return forecast information Current industrial sector capitalization rate (cap"" rate) 4.6% Expected cap rate at the end of the period 4.45% NOl growth rate (nominal) 2.5%</ocr>","Based on the Exhibit 3, using the risk premium approach to calculate the expected return of 10-year BBB rated corporate bond",['A. 2.5%' 'B. 3.5%' 'C. 5.0%'],,,,,,,,table,C,"Solution: C.
The expected return of 10-year BBB rated corporate bond at issue is
2.5%+1%+0.85%+0.65%=5.0%.",hard,multiple-choice,economics,english,228,5,0,,,,,,,release_basic_txt,english_228,hard_multiple-choice_economics,hard_multiple-choice
324,english_183_5_r3,"Anna Lehigh, is a portfolio manager for Brown and White Capital Management (B&W), a US-based institutional investment management firm whose clients include university endowments. Packer College is a small liberal arts college whose endowment is managed by B&W. Lehigh is considering a number of derivative strategies to tactically adjust the Packer portfolio to reflect specific investment viewpoints discussed at a meeting with Packer’s investment committee. At the meeting, the committee reviews Packer’s current portfolio, whose characteristics are shown in Exhibit 1.

<image_1>

Kemal Gulen, a member of the investment committee, asks Lehigh how she manages the risk exposure of the call options investment. Lehigh responds by stating that she ensures that her call option positions are delta hedged. She notes, however, that in some instances, at an option’s expiration, the option gamma is very high and maintaining a delta hedged position becomes very difficult. Lehigh intends to synthetically modify the duration of the corporate bond component of the portfolio to a target of 3.0 in anticipation of rising interest rates. Interest rate swap data are provided in Exhibit 2.

<image_2>

Lehigh notes the holding of Mountain Hawk common stock. The shares were recently donated by an alumnus who mandated that they not be sold for three years. Lehigh provides three potential options strategies to use in order to benefit from changes in Mountain Hawk’s stock price, which is presently $100.00. Options strategies are provided in Exhibit 3.

<image_3>


Lehigh tells the committee she believes US large-cap stocks will perform well over the next year. The committee agrees and wants B&W to adjust the beta of the US large-cap part of the portfolio to a target of 1.10 by purchasing large-cap futures contracts. Lehigh proposes purchasing 15 contracts. For each contract, the beta is 1.00 and the price is $100,000. The committee is concerned that Europe’s sovereign debt crisis may lead to volatility in European stock markets and the euro currency. It considers the hedging strategies outlined in Exhibit 4

<image_4>

Finally, Lehigh discusses B&W’s market view that over the next 24 months, mid-cap stocks will underperform small-cap stocks and the Libor rate will be less than the percentage increase in the small-cap index but greater than the percentage change in the mid-cap index. She recommends executing a swap transaction in order to alter the stock and bond allocation and thus capture the economic benefit of B&W’s market view. The investment committee considers the swap strategies outlined in Exhibit 5.

<image_5> /n <ocr>image_1 ocr text: Exhibit 1:Packer Portfolio Characteristics Amount Investment Risk Measure ($ millions) Mountain Hawk, Inc. common stock. 20 Beta: 1.30 US large-cap stocks 30 Beta:0.95 US mid-cap stocks 10 Beta:1.20 Eurozone large-cap stocks (unhedged, Us$ equivalent) 10 Beta: 1.10 S&P 500 Index call options (notional amount). 10 Delta: 0.50 A rated corporate bonds 20 Duration: 5.0 Total 100/nimage_2 ocr text: Exhibit 2:Pay-Fixed Interest Rate Swaps Swap Maturity Duration A 2 years 2.125 B 3 years 3.375 C 3.5 years 3.625/nimage_3 ocr text: Exhibit 3:Options Strategies for Mountain Hawk Stock Lower Strike Upper Strike Strategy (US dollars) (US dollars) Straddle 95 95 Bull (call) spread 105 110 Bear(put) spread 90 100/nimage_4 ocr text: Exhibit 4:Hedging Strategies Strategy Forwards Futures Sell euro and buy US. 1 Buy US stock market. dollars Sell euro and buy US. Sell European stock 2 dollars market Buy euro and sell us. Sell European stock 3 dollars market/nimage_5 ocr text: Exhibit 5: Swap Strategies Swap Strategies Receive Pay Swap 1 Libor Mid-cap index Swap 2 Mid-cap index Small-cap index Swap 3 Small-cap index Libor</ocr>","Given the committee's view about the sovereign debt crisis, which hedging strategy is most likely to result in Packer earning the US risk-free rate of return",['A. Strategy 3' 'B. Strategy 1' 'C. Strategy 2'],,,,,,,,table,C,"Answer = C. Shorting European stock market futures, selling euros, and buying US dollars will result in the Packer endowment fund earning the US risk-free rate.",hard,multiple-choice,derivatives,english,183,5,0,,,,,,,release_basic_txt,english_183,hard_multiple-choice_derivatives,hard_multiple-choice
901,english_337_9_r3,"The Chocolate Ice Cream Company and the Vanilla Ice Cream Company have agreed to merge and form Fudge Swirl Consolidated. Both companies are exactly alike except that they are located in different towns. The end-of-period value of each firm is determined by the weather, as shown below. There will be no synergy to the merger.<image_1> The weather conditions in each town are independent of those in the other. Furthermore, each company has an outstanding debt claim of $450,000. Assume that no premiums are paid in the merger. /n <ocr>image_1 ocr text: State Probability Value Rainy $230,000 Warm .4 450,000 Hot .5 905,000</ocr>",What is the possible value of Rain-Hot of end-of-period debt after the merger?,,,,,,,,,table,"$900,000","Recall that if a firm cannot service its debt, the bondholders receive the value of the assets. Thus, the value of the debt is reduced to the value of the company if the face value of the debt is greater than the value of the company. If the value of the company is greater than the value of the debt, the value of the debt is its face value. Here, the value of the common stock is always the residual value of the firm over the value of the debt. So, the value of the debt and the value of the stock in each state is:<ans_image_4>",medium,open question,corporate finance,english,337,9,0,,,,,,,release_basic_txt,english_337,medium_open question_corporate finance,medium_open question
573,english_239_3_r3,"Gari Dimeola is an investment advisor specializing in derivatives strategies in equity, fixed income,
and currency markets.
Dimeola is approached by his client, Ryan Karunathilike, for advice regarding option
strategies. Karunathilike is a U.K. domiciled client who wants to hedge a short position in Euros
(EUR) over the coming month. The current spot EUR/GBP exchange rate is 1.1523. Dimeola
advises Karunathilike that he has three strategies using derivatives on the EUR/GBP exchange
rate available to him, which are displayed in Figure 1.
<image_1>
Karunathilike asks Dimeola to review his existing options strategies. He presents the
signs of the Greek exposures of his strategies as displayed in Figure 2.
<image_2>
Karunathilike has identified a stock, GHS Corp., which historically has had options exhibiting
a volatility skew. The options of GHS currently exhibit a volatility smile, and Karunathilike believes
that within the next days implied volatility will revert back to a more usual profile. Karunathilike
asks Dimeola to design an options strategy to allow him to profit from this view. /n <ocr>image_1 ocr text: Figure 1:Hedging Strategies Recommended by Dimeola Strategy Position 1 Sell one month EUR/GBP forward 2 Buy one month GBP/EUR call option 3 Buy one-month EUR/GBP put option/nimage_2 ocr text: Figure 2:Greek Exposures of Dimeola's Existing Option Strategies Strategy Delta Gamma Theta Vega A Positive Positive Positive Positive B Positive Negative Positive Negative C Small Negative Positive Negative</ocr>","Based on the Greek exposures displayed in Figure 2, Strategy B is most likely a",['A. short straddle' 'B. short put' 'C. bull spread'],,,,,,,,table,B,"Solution: B.
A short put will have a positive delta since it loses value as the underlying asset price falls, and a
negative gamma since it is a short option position. It also has positive theta since short options
profit as time decay reduces the value of the option. It will also have negative vega since an
increase in volatility will increase the value of the put and causes losses to the short put position",hard,multiple-choice,derivatives,english,239,3,0,,,,,,,release_basic_txt,english_239,hard_multiple-choice_derivatives,hard_multiple-choice
478,english_218_4_r3,"Alexandra Jones, a senior adviser at Federalist Investors (FI), meets with Erin Bragg,
a junior analyst. Bragg just completed a monthly performance evaluation for an FI
fixed-income
manager. Bragg’s report addresses the three primary components of
performance evaluation: measurement, attribution, and appraisal. Jones asks Bragg
to describe an effective attribution process. Bragg responds as follows:
Response 1: Performance attribution draws conclusions regarding the
quality of a portfolio manager’s investment decisions.
Response 2: Performance attribution should help explain how performance
was achieved by breaking apart the return or risk
into different explanatory components.
Bragg notes that the fixed-income
portfolio manager has strong views about the
effects of macroeconomic factors on credit markets and follows a top-down
investment
process.
Jones reviews the monthly performance attribution and asks Bragg whether any
risk-adjusted
historical performance indicators are available. Bragg produces the
following data:

<image_1> /n <ocr>image_1 ocr text: Exhibit1 10-Year Trailing Risk-Adjusted Performance Average annual return 8.20% Minimum acceptable return (MAR) 5.00% Sharpe ratio 0.95 Sortino ratio 0.87 Upside capture 0.66 Downside capture 0.50 Maximum drawdown -24.00% Drawdown duration 4 months</ocr>",The maximum drawdown and drawdown duration in Exhibit 1 indicate that:,"['A. the portfolio recovered quickly from its maximum loss'
 'B. over the 10-year period, the average maximum loss was −24.00%'
 'C. a significant loss once persisted for four months before the portfolio began to recover']",,,,,,,,table,A,"A is correct. Maximum drawdown is the cumulative peak-to- trough loss during a continuous period. Drawdown duration is the total time from the start of the drawdown until the cumulative drawdown recovers to zero, which can be segmented into the drawdown phase (start to trough) and the recovery phase (trough to zero cumulative return). The maximum drawdown was −24.00%, with a drawdown period of four months. Given the 10-year time frame, the portfolio recovered quickly from its maximum loss.",hard,multiple-choice,portfolio management,english,218,4,0,,,,,,,release_basic_txt,english_218,hard_multiple-choice_portfolio management,hard_multiple-choice
487,english_220_1_r3,"The Tree Fallers Endowment plans to allocate part of its portfolio to alternative
investment funds. The endowment has hired Kurt Summer, a consultant at Summer
Brothers Consultants, to identify suitable alternative investment funds for its portfolio.
Summer has identified three funds for potential investment and will present the
performance of these investments to the endowment’s board of directors at their next
quarterly meeting.
Summer is reviewing each of the fund’s fee schedules and is concerned about
the manager’s incentive to take on excess risk in an attempt to generate a higher fee.
Exhibit 1 presents the fee schedules of the three funds.
<image_1>
Exhibit 2 presents the annual gross returns for each fund and its respective benchmark
for the period of 2016–2018. All funds have an inception date of 1 January 2016.
Summer intends to include in his report an explanation of the impact of the fee
structures of the three funds on returns.
<image_2>
The board of directors of the Tree Fallers Endowment asks Summer to recalculate
the fees of the Red Grass Fund assuming a high-water
mark feature whereby a sharing
percentage could only be charged to the extent any losses had been recouped. /n <ocr>image_1 ocr text: Exhibit 1 Fee Schedules Base Maximum Fund Computed Fee Fee Sharing Annual Fee Red Grass Fund Higher of either 1 base or 2) 1.00% 20% na base plus sharing of positive performance; sharing is based on return net of the base fee Blue Water Higher of either 1) base or (2) 0.50% 20% 2.50% Fund base plus sharing of positive performance, up to a maximum annual fee of 2.50%; sharing is based on active return. Yellow Wood Base plus sharing of both posi 1.50% 20% na Fund tive and negative performance sharing is based on return net of the base fee/nimage_2 ocr text: Exhibit2 Fund and Benchmark Returns 2016 2017 2018 Gross Benchmark Gross Benchmark Gross Benchmark Return Return Return Return Return Return Fund (%) (%) (%) (%) (%) (%) Red Grass Fund 8.00 8.00 2.00 10.00 5.00 4.50 Blue Water Fund 10.00 9.00 -4.00 -1.50 14.00 2.00 Yellow Wood Fund 15.00 14.00 5.00 -6.50 7.00 9.50</ocr>","Based on Exhibit 1, which fund has a symmetrical fee structure?",['A. Red Grass' 'B. Blue Water' 'C. Yellow Wood'],,,,,,,,table,C,"C is correct. A symmetrical fee structure is one in which the fees are affected by both positive and negative performance. Of the three funds in Exhibit 1, only Yellow Wood has a symmetrical structure. Yellow Wood’s profit sharing component will be negative if its return is negative and positive if it is positive.",hard,multiple-choice,portfolio management,english,220,1,0,,,,,,,release_basic_txt,english_220,hard_multiple-choice_portfolio management,hard_multiple-choice
1242,english_429_1_r3,"Assume Stocks A and B have the following characteristics:
 <image_1>
 The covariance between the returns on the two stocks is .001. /n <ocr>image_1 ocr text: Stock Expected Return (%) Standard Deviation (%) A 9 33 B 15 62</ocr>","Suppose an investor holds a portfolio consisting of only Stock A and Stock B. Find 
 the portfolio weights, XA and XB, such that the variance of her portfolio is minimized. (Hint: Remember that the sum of the two weights must equal 1.)",,,,,,,,,table,"XA = .7804
 XB = .2196","The variance of a portfolio of two assets equals:
 <ans_image_1>
 Since the weights of the assets must sum to one, we can write the variance of the portfolio as:
 <ans_image_2>
 To find the minimum for any function, we find the derivative and set the derivative equal to zero. Finding the derivative of the variance function with respect to the weight of Asset A, setting the derivative equal to zero, and solving for the weight of Asset A, we find:
 <ans_image_3>
 Using this expression, we find the weight of Asset A must be:
 XA = (.622 – .001) / [.332 + .622 – 2(.001)]
 XA = .7804
 This implies the weight of Stock B is:
 XB = 1 – XA 
 XB = 1 – .7804
 XB = .2196",medium,open question,portfolio management,english,429,1,0,,,,,,,release_basic_txt,english_429,medium_open question_portfolio management,medium_open question
197,english_159_5_r3,"Kate Baker is in charge of assessing investment managers hired by KTB Funds. KTB states its investment strategy as being adept at investing in undervalued securities in equity and debt markets. Baker is assisted by Trent Coates and Gerry Manders. The group are examining the performance (Exhibit 1) of three managers who separately specialize in large-cap, mid-cap, and small-cap equities.
In addition to overall return, Baker reminds the group that they also need to focus on whether the managers have been consistent with KTB’s investment strategy.

<image_1>
Given the under-performance of the small-cap fund, Baker and her assistants examine the investments being made in that fund. The fund holdings are primarily in stocks that trade infrequently and seldom have dealer quotes. Consequently, there is a concern that the small-cap benchmark may be inappropriate.
Coates suggests using a custom security-based benchmark that has the following criteria:
1 broadly representative of the small-cap market,
2 includes a cash position weighting, and
3 weighted according to the market capitalization of infrequently traded small cap stocks.
Baker and her assistants then turn their attention to the large-cap manager’s performance. The large-cap benchmark is viewed as being representative of the market portfolio that is used in the Capital Asset Pricing Model (CAPM). Upon gathering more information (Exhibit 2), they want to assess whether the large-cap manager is skillful based on the generation of ex-post alpha relative to the CAPM and having a ratio of active return relative to active risk being above 0.10.

<image_2>
Manders suggests using a performance quality control chart to assess the large-cap manager. He makes the following statements to support his point:
■■
such a chart utilizes a confidence band that widens with the time horizon.
■■
a skillful manager only needs to outperform the benchmark regularly with deviation within the confidence band.
■■
the analysis is based on three criteria: 1) an initial testable null hypothesis thatthe manager has no investment skill, 2) an assumption that value-added returnsare normally distributed and independent from period to period, and 3) anassumption that the manager’s investment process is consistent from period toperiod.
The group now turns its attention to three bond funds in which KTB holds positions (Exhibit 3). Similar to KTB’s equity strategy, the bond strategy is one of being adept at finding undervalued debt securities.

<image_3>
Coates asks Baker. “Given all of the assessment we are performing on equity and bond managers, what are the consequences of firing a manager?”
Baker answers, “The expense of frequent manager turnover is only of concern if we commit Type 2 errors. However, we should also be concerned with discontinuing the services of skillful managers solely based on our quantitative assessment metrics, which is an example of a Type I error. Consequently, in addition to quantitative assessment, we should also interview the fund manager face-to-face before either deciding to retain or terminate him or her, just as was done at the initial hire.” /n <ocr>image_1 ocr text: Exhibit1 Equity Manager Return Performance (%) Large-Cap Mid-Cap Small-Cap Portfolio Portfolio Portfolio Portfolio ex-post return 4.81 5.12 3.29 Benchmark ex-post return 3.35 5.08 6.13 Pure sector allocation return 1.52 0.12 0.27 Within-sector selection return 0.10 0.01 0.05 Interaction return -0.16 -0.07 -3.16/nimage_2 ocr text: Exhibit2 Large-Cap Portfolio Analysis Ex-Post Return Return Volatility (%) (%) CAPMBeta Portfolio 4.81 44.2 1.2 Benchmark 3.35 25.4 1.0 Risk-free security 0.65 0.0 0.0 Notes:The volatility of the difference between the portfolio and benchmark returns is 0.32.Return volatility is equivalent to return standard deviation/nimage_3 ocr text: Exhibit3 Bond Fund Return Performance (%) TQZ Bond MKK Bond BCM Bond Fund Fund Fund Benchmark Interest rate effect 0.95 0.95 0.95 0.95 Duration 0.42 0.02 0.62 0.00 Convexity 0.16 0.01 -0.15 0.00 Yield-curve shape 0.07 0.01 -0.10 0.00 change Sector/quality 0.01 0.16 0.23 0.00 Bond selectivity 0.02 0.57 0.25 0.00 Transaction costs 0.00 0.00 0.00 0.00 Trading activity 0.07 0.10 0.17 0.00 Total return 1.52 1.80 1.97 0.95</ocr>","Based on Exhibit 3, the bond fund that is most consistent with KTB’s investment strategy is:",['A. TQZ.' 'B. MKK.' 'C. BCM.'],,,,,,,,screenshot,B,"B is correct. The incremental return due to the management process is measured by the difference between the total return for each fund and the benchmark. To assess the success of a particular investment strategy, analyze the components of the incremental return. For the strategy of investing in undervalued securities a significant proportion of the incremental bond fund return should come from bond selectivity. <image_4>",medium,multiple-choice,portfolio management,english,159,5,0,,,,,,,release_basic_txt,english_159,medium_multiple-choice_portfolio management,medium_multiple-choice
502,english_224_4_r3,"Sing-Siew Lee is a senior consultant with Stowe Partners, a firm that provides Global Investment
Performance Standards (GIPS) compliance and verification services. Lee is preparing to meet with
two clients, Orion Advisory Research and Gardere Associates.
Orion Advisory Research is an investment firm that manages retail and institutional
accounts. It also manages a private equity fund. Orion has provided information on its
measurement and reporting practices in order to help Lee evaluate the firm’s compliance with
the GIPS standards.
In regard to trading expenses, commissions are negotiated and deducted when the firm
calculates rates of return. For separately managed retail accounts that have bundled fees, and
the gross return is reduced by the entire amount of the bundled fee. Custody fees for certain
offshore securities are charged on a per-transaction basis and are included in trading expenses.
Orion values its investments at the lower of cost or book value. Trade date accounting is
used consistently for all transactions. In some cases, transactions may be recorded up to three
days after the trade date.
Orion values the private equity fund on an annual basis and presents the following ratios: (1)
total value to since-inception paid-in capital, (2) since-inception distributions to since-inception
paid-in capital, (3) since-inception paid-in capital to cumulative committed capital, and (4)
residual value to since-inception paid-in capital. Orion aggregates its various strategies in its
composites. The composites are separated by vintage year.
Lee advises Orion’s pricing and valuation committee to use the hierarchy of valuation
methodologies presented in Exhibit 1 to establish fair values for its investments in private equity.
Gardere Associates is an investment firm that invests in a variety of real estate–related
investments. Gardere has asked Lee for advice on GIPS compliance. Lee outlines three categories
of investments that are subject to the real estate provisions of the GIPS standards:
Category 1: Publicly traded real estate investment trusts.
Category 2: Commercial real estate loans.
Category 3: Investments in partially owned properties.
Prior to issuing his final reports to Orion and Gardere, Lee provides a statement with the
following comments regarding the verification reports:
Comment 1: “ It is recommended that the verification report cover all periods for which the firm
laims GIPS compliance.”
Comment 2: “ The verification report confirms that the firm’s processes and procedures are
designed to calculate and present performance results in compliance with the
GIPS standards.”
Comment 3: “ The verification report confirms that Stowe Partners has sole responsibility for
maintaining the data and information necessary to perform the required
calculations for the client.”

<image_1> /n <ocr>image_1 ocr text: Exhibit 1 Hierarchy of Private Equity Valuation Methodologies Methodology Order Description 1 Best Present value of risk adjusted cash flows 2 Next-Best Market transactions 3 Least Preferred Market-based multiples</ocr>",Does Lee’s proposed hierarchy of private equity valuation methodologies in Exhibit 1 most likely meet GIPS standards,"['A. Yes' 'B. No, the correct order of methodologies is 2, 3, 1'
 'C. No, the correct order of methodologies is 3, 2, 1']",,,,,,,,screenshot,B,"Solution: B.
According to GIPS standards, the correct order of valuation methodologies is:
1. Objective, observable quoted market prices for similar investments in active markets. (#2)
2. Quoted prices for identical or similar investments in markets that are not active. (#2)
3. Market-based inputs other than quoted prices that are observable for the investment. (#3)
4. Subjective, unobservable inputs. (#1)",hard,multiple-choice,portfolio management,english,224,4,0,,,,,,,release_basic_txt,english_224,hard_multiple-choice_portfolio management,hard_multiple-choice
753,english_298_2_r3,"On May 30, 2008, Janice Kerr is considering one of the newly issued 10-year AAA corporate bonds shown in the following exhibit.<image_1> /n <ocr>image_1 ocr text: Description Coupon Price Callable Call Price Sentinal, due May 30,2018 6.00% 100 Noncallable NA Colina,due May 30,2018 6.20% 100 Currently callable 102</ocr>",Should Kerr prefer the Colina over the Sentinal bond when rates are expected to rise or to fall?,,,,,,,,,table,"If rates are expected to fall, the Sentinal bond is more attractive: since it is not subject to call, its potential capital gains are greater.
If rates are expected to rise, Colina is a relatively better investment. Its higher coupon (which presumably is compensation to investors for the call feature of the bond) will provide a higher rate of return than the Sentinal bond.",,medium,open question,fixed income,english,298,2,0,,,,,,,release_basic_txt,english_298,medium_open question_fixed income,medium_open question
586,english_242_2_r3,"Robert Waterman, and Sophia Chen, are portfolio managers of a U.S-based investment
firm, Simon Fraser Analytics. Waterman and Chen are thinking investing in U.S. and U.K bonds.
They consider all kinds of yield curve and other strategies. Exhibit 1 shows the data they collected
from the liquid government bonds on U.S and U.K market.
<image_1>
Also both of them are interested in:
1. Riding the yield curve over next year
2. Long or short call and/or put options on U.K. government bonds through purchasing
convexity
3. Carrying out a carry trade between U.S and U.K 3-year duration bonds.
Waterman and Chen consider to buy a bond issued by a Norwegian BeeBalm Manufacture
firm. Exhibit 2 shows their expectation. 
<image_2>
According to their market expectation, they decide to hedge the NOK currency risk with a
one-year forward contract after investing in the BeeBalm bond. However, they find that market
has become inactive resulting in high transaction costs. There is a more active forward market for
the Swedish currency (SEK), so they determine to construct a cross hedge by selling the SEK
forward to buy the USD.
Lastly, Waterman and Chen think about to purchase a BB-rated U.S. corporate bond with a
duration of 3.5 and a yield of 3.7%. While they do not agree on the best way to measure the
credit spread, they both agree its credit will improve and spread will narrow down.
• Waterman says we can use Exhibit 1 to calculate the G-spread of the U.S. bond as being
3.64%
• Chen says the I-spread is superior because it is based on swap fixed rates and these have
less credit risk.
• Chen also admit that G-spread has an advantage because it is the return we can expect to
earn if we hedge interest rate risk. /n <ocr>image_1 ocr text: Exhibit 1 Government Bonds Yield Duration UnitedStates United Kingdom 0.9 0.5% 1.00% 1.9 0.8% 1.70% 3.0 1.00% 2.00% 4.1 1.10% 2.10% 4.9 1.20% 2.20% 5.8 1.25% 2.25%/nimage_2 ocr text: Exhibit 2 BeeBalm Manufacture firm bond data Risk free rate in Norway 2.8% Risk free rate in U.S 0.50% Return on BeeBalm bond in Norwegian NOK 7.00% Expected changes in the NOK relative to the U.S.dollar -0.40%</ocr>",Buying convexity will most likely,"['A. involve increasing the portfolio’s yield'
 'B. require selling calls but not puts'
 'C. require buying both calls and puts']",,,,,,,,table,C,"Solution: C.
Buying convexity means increasing portfolio convexity. Higher convexity is a benefit if there are
large changes in interest rates, but the “cost” is a lower yield. Increasing portfolio convexity can
be done by reducing exposure to callable and MBS (both have embedded short call positions),
buying
putable bonds, or most effectively by buying calls and/or puts on bonds. While it is not a
requirement to buy both options, that certainly works and is the only choice that is true.",hard,multiple-choice,fixed income,english,242,2,0,,,,,,,release_basic_txt,english_242,hard_multiple-choice_fixed income,hard_multiple-choice
483,english_219_5_r3,"Stephanie Tolmach is a consultant hired to create a performance attribution report
on three funds held by a defined benefit pension plan (the Plan). Fund 1 is a domestic
equity strategy, Fund 2 is a global equity strategy, and Fund 3 is a domestic fixed-income
strategy.
Tolmach uses three approaches to attribution analysis: the return-based,
holdings-based,
and transaction-based
approaches. The Plan’s investment committee asks
Tolmach to (1) apply the attribution method that uses only each fund’s total portfolio
returns over the last 12 months to identify return-generating
components of the
investment process and (2) include the impact of specific active investment decisions
and the attribution effects of allocation and security selection in the report.
Tolmach first evaluates the performance of Fund 1 by constructing a Carhart factor
model; the results are presented in Exhibit 1.
<image_1>
<image_2>
Tolmach turns her attention to Fund 2, constructing a region-based,
Brinson–
Fachler micro attribution analysis to evaluate the active decisions of the portfolio
manager. The results are presented in Exhibit 2.
<image_3>

Next, Tolmach evaluates Fund 3 and the appropriateness of its benchmark. The
benchmark is a cap-weighted
bond index with daily reported performance; the index
is rebalanced frequently, making it difficult to replicate. The benchmark has a meaningful
investment in foreign bonds, whereas Fund 3 invests only in domestic bonds.
In the final section of the report, Tolmach reviews the entire Plan’s characteristics,
asset allocation, and benchmark. Tolmach observes that the Plan’s benefits are no
longer indexed to inflation and that the workforce is, on average, younger than it was
when the current fund allocations were approved. Tolmach recommends a change in
the Plan’s asset allocation policy. /n <ocr>image_1 ocr text: Exhibit 1 Fund1 Factor Model Attribution Contribution to Active Factor Sensitivity Return Factor Proportion Portfolio Benchmark Difference Return Absolute of Active Factor* (1) (2) (3) (4) (3)x(4) Return RMRF 1.22 0.91 0.31 16.32% 5.06% 126.80% SMB 0.59 0.68 -0.09 3.25% 0.29% 7.33% HML 0.17 0.04 0.21 9.60% 2.02% -50.53% WML 0.05 0.07 -0.12 3.38% 0.41% 10.17% A.Factor Tilt Return: 6.96% -174.49%/nimage_2 ocr text: Exhibit1 (Continued) Contribution to Active Factor Sensitivity Return Factor Proportion Portfolio BenchmarkDifference Return Absolute of Active Factor* (1) (2) (3) (4) (3)x(4) Return B.Security Selection: -10.95% 274.49% C.Active ReturnA+B 3.99% 100.00% *RMRF is the return on a value-weighted equity index in excess of the one-month T-bill rate, SMB is the small minus big market capitalization factor, HML is the high minus low factor, and WML is the winners minus losers factor./nimage_3 ocr text: Exhibit2 Fund2 Performance-Allocation by Region Return Attribution Portfolio Benchmark Portfolio Benchmark (Region Level) Weight Weight Return Return North America 10.84% 7.67% 16.50% 16.47% Greater Europe 38.92% 42.35% 23.16% 25.43% Developed Asia and 29.86% 31.16% 11.33% 12.85% Australasia South America 20.38% 18.82% 20.00% 35.26% Total 100.00% 100.00% 18.26% 22.67%</ocr>","Based on Exhibit 2, the decision to overweight or underweight which of the following regions contributed positively to performance at the overall fund level?","['A. North America' 'B. Greater Europe'
 'C. Developed Asia and Australasia']",,,,,,,,table,C,"C is correct. The decision to underweight developed Asia and Australasia was a good one because the benchmark for this region underperformed the total benchmark (12.85% versus 22.67%). Alternatively, the question can be answered by calculating the allocation effects for the three regions, as follows: Allocation = (wi − Wi)(Bi − B) North America = (10.84% − 7.67%)(16.47% − 22.67%) = −0.20% Greater Europe = (38.92% − 42.35%)(25.43% − 22.67%) = −0.09% Developed Asia and Australasia = (29.86% − 31.16%)(12.85% − 22.67%) = 0.13% Developed Asia and Australasia is the only region of the three that had a positive allocation effect.",hard,multiple-choice,portfolio management,english,219,5,0,,,,,,,release_basic_txt,english_219,hard_multiple-choice_portfolio management,hard_multiple-choice
185,english_157_4_r3,"William Gatchell, is an investment analyst with the Sonera Endowment Fund. Sonera is considering hiring a new equity investment manager. In preparation, Gatchell meets with Anjou Lafite, another analyst at the fund, to review a relevant part of the endowment’s investment policy statement:
“Funds will be invested in the most efficient vehicle that meets the investment objective. Each manager must demonstrate the efficiency with which the tracking error they take on delivers active return. In addition, each manager must consistently adhere to his stated style.”
Gatchell is given the task of reviewing three investment managers and selecting a manager that is most likely to adhere to Sonera’s investment policy statement. Information about the investment managers is found in Exhibit 1.

<image_1>

Gatchell is reviewing the fee structures proposed by the three investment managers. He finds the following reference in the investment policy statement:
“The fee structure must be easy to understand and avoid undue complexity wherever possible. Also, the fee structure must be predictable, so Sonera can reasonably forecast these costs on a yearly basis as an input to the annual budgeting process.”


PMHe understands there are many different fee structures, and he wants to make sure he chooses the most appropriate one for the Sonera Endowment Fund. He prepares a recommendation to the investment policy committee regarding the most appropriate fee structure.Sonera has followed an active investment style for many years. Gatchell would like to recommend to the investment policy committee that a portion of the funds be invested using a passive investment style. His research shows there are a number of methods used to weight the stocks in an index, each having its own characteristics. The one key feature he feels is important is that the method chosen not be biased towards small- capitalization stocks.Gatchell is also examining different ways to establish passive equity exposure. He states to Lafite, “There are a number of ways to get passive equity exposure; we can invest in an equity index mutual fund, a stock index futures contract, or a total return equity swap. Stock index futures and equity swaps are low- cost alternatives to equity index mutual funds; however, a drawback of stock index futures is they have to be rolled over periodically. One advantage of investing in equity mutual funds is that shares can be redeemed at any point during the trading day.”Gatchell is reviewing the performance of another investment manager, Far North, which employs a value- oriented approach and specializes in the Canadian market. Gatchell would like to recommend to the investment policy committee that the fund diversify geographically. The information for Far North and the related returns are found in Exhibit 2.

<image_2>

The investment policy committee reviews the information in Exhibit 2 and is not familiar with the terms true active return and misfit active return. Gatchell responds with the following statement:
“The true active return is the return Far North made above its normal benchmark return. The misfit active return is the return Far North made above the investor’s benchmark return. The term investor’s benchmark refers to the benchmark the investor uses to evaluate performance for a given portfolio or asset class.” /n <ocr>image_1 ocr text: Figure 1: Asset Allocation of Montana Hardware, Inc. Sector %ofPortfolio Duration U.S.Treasury 14.6% 7.54 U.S. agencies. 23.7% 9.02 U.S. corporates 31.8% 4.52 U.S. mortgages (MBS) 11.4% 1.33 Non-U.S. governments 18.5% 3.22 100.0%/nimage_2 ocr text: Figure 2:Asset Allocation of Buffalo Sports,Inc Sector %ofPortfolio Duration U.S. Treasury 10.1% 6.15 U.S. agencies 14.5% 7.20 U.S.corporates 20.9% 5.80 U.S. mortgages (MBS) 33.7% 4.65 U.S.ABS 8.2% 3.67 Non-U.S. governments 12.6% 2.50 100.0%</ocr>","If the investment policy committee decides to accept Gatchell’s recommendation to also use passive investing, the index structure that least likely meets Gatchell’s requirement is:","['A. a price-weighted index.' 'B. a value-weighted index.'
 'C. an equal-weighted index.']",,,,,,,,table,C,C is correct because an equal-weighted index is biased towards small-capitalization stocks.,medium,multiple-choice,equity,english,157,4,0,,,,,,,release_basic_txt,english_157,medium_multiple-choice_equity,medium_multiple-choice
201,english_160_4_r3,"Edvard Richards is president and sole owner of More Than Lumber Corporation (MTL), a privately held building materials company. Founded by the Richards family, the company has been run by Edvard Richards for over 40 years. Richards also owns investment real estate in the form of a warehouse unrelated to MTL, as well as 70,000 common shares of publicly traded Cintas (CTAS) that he inherited. He wants these two items to be considered concentrated positions.
Now 68, Richards is seeking advice on how to transition to retirement. He provides information about his holdings (Exhibit 1) to two competing financial advisers, Todd Adams and Linda Boshe:

<image_1>

Richards asks each adviser to apply a goal-based planning framework he has read about that uses three risk buckets: personal, market, and aspirational. As a first step, he estimates his own after-tax primary capital assuming that all assets are sold today and converted into cash. He asks the two advisers to assess his after-tax primary capital under the same assumptions (all three estimates are provided in Exhibit 2).

<image_2>


Richards wants to monetize and eliminate the concentration risk of his CTAS holding without paying taxes on capital gains and then invest the proceeds in a balanced portfolio. He notes the following comments in his discussions with the two advisers:

Richards: “My broker says he can arrange a cashless collar against CTAS or a short sale against the box. I understand that both methods will avoid incurring an immediate capital gain and both will expose me to the same level of market risk. I can borrow against the position in both cases and offset the cost of borrowing with the CTAS dividends.”
Adams: “We could help you complete a short against the box transaction. This strategy will provide a high loan-to-value (LTV) ratio and avoid counterparty risk. A total return equity swap has these same advantages. You can thus realize the economic gain on CTAS while deferring capital gains taxes.”
Boshe: “We suggest either a forward conversion with options or an equity forward sale. Either will achieve high LTV ratio monetization without incurring immediate capital gains taxes, and both methods avoid counterparty risk.”
Adams has strong connections to the real estate market and informs Richards that the market value estimate of $3 million for the warehouse is much too low. He advises Richards to consider reducing his real estate risk directly by, using the immediate cash inflows, net of tax liabilities and costs, to increase his stock and bond portfolios. Adams is confident he can arrange any of the following real estate offers:
1. Sell the warehouse for $4.8 million to an outside investor.
2. Enter into a recourse mortgage loan with the warehouse valued at $5.8 million by the lender and an LTV ratio of 80%.
3. Enter into a sale-and-leaseback, with the warehouse valued at $4.9 million and the first year’s rental payment of $150,000 payable at the start of the lease.
Boshe has strong connections to the investment banking community. Richards has authorized her to ascertain the level of interest for the sale of MTL. Boshe is confident she can arrange any of the following strategies:
MTL Strategy 1: A private equity firm can arrange to leverage MTL, paying Richards 40% of his estimated value of MTL (as shown in Exhibit 1), in cash up front and rolling the remaining 60% of the value into new shares that pay no dividends. Richards will stay on as president for five years, during which time he will help transition leadership to a new team. After five years, he will sell or monetize the remaining ownership.
MTL Strategy 2: A small but rapidly growing publicly traded building materials company is willing to acquire 100% ownership and pay Richards $7 million in cash up front and employee stock options that he can exercise after two years and that expire in five years. The public company is too small to support publicly traded stock options. Should the public company’s stock rise, Richards can exercise his employee stock options, which will be taxed as ordinary income. To protect the value of his appreciated stock while participating in further upside potential, he can purchase long-term protective put options on an industry ETF that closely tracks the building materials industry. If the public company’s stock subsequently drops along with the industry, he can sell the puts.
MTL Strategy 3: Create an employee stock ownership plan (ESOP) that would borrow sufficient funds to purchase 40% of Richards’ ownership. Richards would maintain upside potential in his retained shares, which could be sold at some point in the future. /n <ocr>image_1 ocr text: Exhibit 1 Richards's Values Cost Basis Asset Estimated Value ($ooo's) ($000's) Primary residence (no mortgage) 2,000 2,000 MTL Corp 11,000 2,000 Common stock (70,000 shares CTAS) 4,000 1,000 Warehouse 3,000 4,300 Municipal bond portfolio 3,000 3,150 Global All Cap Equity Fund 3,400 1,650 Cash equivalents 300 300 Tax Rates Capital gains tax rate = 20% Income tax rate = 40%/nimage_2 ocr text: Exhibit 2 Estimates of After-Tax Primary Capital ($000's) Richards 11,780 Adams 8,380 Boshe 11,640/nimage_3 ocr text: Asset Value Cost Gain= Tax= Net Value ($000's) ($000's) Value-Cost Gain x after tax 0.20($000's) ($000's) ($000's) Residence 2,000 2,000 0 0 2,000 Muni Bonds 3,000 3,150 (150) -30 3,030 Global Equities 3,400 1,650 1750 350 3,050 Cash Equivalents 300 300 0 0 300 TotalNet Value= 8,380</ocr>","Using the information in Exhibit 1 and Adams's real estate proposals, which offer will provide the largest immediate addition of funds to Richards's stock and bond portfolios",['A. Offer 1' 'B. Offer 2' 'C. Offer 3'],,,,,,,,screenshot,A,"Answer = A
. Immediate cash inflows available would include proceeds and the possible first rental payment in Offer 2; all cash flows are net of taxes. <ans_image_1>",hard,multiple-choice,portfolio management,english,160,4,0,,,,,,,release_basic_txt,english_160,hard_multiple-choice_portfolio management,hard_multiple-choice
285,english_176_4_r3,"Bobby Sarkar is a senior consultant with Experian Financial Consultants (EFC), an investment advisory firm based in Cambridge, Massachusetts. EFC provides a range of consulting services including advice on investment strategy and selection of money managers. Currently, Sarkar is working with three clients: (1) Hayes University Endowment, (2) Bayside Foundation, and (3) Daniels Corporation Pension Plan. Hayes University Endowment The Hayes University Endowment is willing to accept a certain degree of tracking risk, provided that it is compensated with incremental returns. In particular, Hayes wants to implement an investment approach that maximizes the information ratio. Sarkar indicates that there are two alternate methods to implement the investment approach favored by Hayes: Method 1 Under this method, cash in the portfolio is equitized by using a long futures position. The cash is invested in short- to medium-term fixed-income securities. Method 2 The manager will only invest in stocks expected to outperform the index. If the manager has no opinion on a stock, or if the stock is expected to underperform, the stock will not be included in the investment portfolio. Bayside Foundation The investment policy committee for Bayside Foundation follows a fairly conservative investment strategy and pays particular attention to the minimization of tracking error. Bayside seeks to achieve two specific objectives. Objective 1 Invest a portion of the portfolio in an index with a large-cap bias. In addition to minimizing tracking error, Bayside would also like to ensure that the index strategy involves minimal rebalancing costs. Objective 2 Allocate another portion of the portfolio so it earns alpha associated with small-cap stocks but without the associated small-cap market beta exposure. Daniels Corporation Pension Plan Daniels Corporation pension trustees want to allocate a portion of the equity pension portfolio to an active money manager with a value investment style. Sarkar has collected information on three active portfolio managers and will recommend one of them to Daniels. Selected information for the three managers is presented in Exhibit 1. <image_1> /n <ocr>image_1 ocr text: Exhibit1 Investment ManagerData 31 December 2012 Manager Manager Manager A B C Assets under management ($ millions) 2,876 3,752 4,619 Price-to-earnings ratio (P/E) 8.7 17.5 23.1 Dividend yield 3.50% 1.70% 1.00% Earnings per share growth (5-year projected) 6.75% 5.25% 14.50% Portfolio active return 3.50% 3.00% 4.30% Portfolio tracking risk 5.00% 1.50% 6.00% Style fit 87.00% 95.00% 85.00%</ocr>","Based on Exhibit 1, which of the following sub-styles is most consistent with Manager C’s investment style?",['A. Low P/E' 'B. High yield' 'C. Earnings momentum'],,,,,,,,table,C,Answer = C. Manager C follows a growth investment style. Earnings momentum is a growth investment sub-style.,easy,multiple-choice,equity,english,176,4,0,,,,,,,release_basic_txt,english_176,easy_multiple-choice_equity,easy_multiple-choice
673,english_259_3_r3,"Consider <image_1>, which describes an issue of American gold certificates. /n <ocr>image_1 ocr text: This announcement is neither an offer to sell nor a solicitation of an offer to buy any of these Certificates Tkis offer is made only by the Ojfering Memorandum. $100,000,000 NEW ISSUE July7,1987 AMERICAN GOLD CERTIFICATES Due July 1,1991 American Gold Certificates represent pnysical allocated goid bullion insured and held in safekeeping at Bank of Delaware. Anytime during the four-year period, the certificate holder may reguest physical delivery of the gold. Copies of the Ofjering Memorandum may be obtained in any State from only such of the undersigned as may legally ofjer these certificates in such State J.WKORTH CAPITALMARKETS.INC THE CHICAGO CORPORATION COWEN&CO. DOMINICK&DOMINICK INCORPORATED FIRST ALBANY CORPORATION GRIFFIN,KUBIK,STEPHENS&THOMPSON,INC INTERSTATE SECURITIES CORPORATION JANNEY MONTGOMERY SCOTT INC. MCDONALD&COMPANY PACIFIC SECLRITIES,INC SECURIIES,INC RONEY&CO STEPHENS INC. UMIC.INC VINING-SPARKS SECURITIES.INC WESTCAP SECURITIES.INC. BAKER.WATTS&Co. BARCLAY INVESTMENTS.INC. BIRR, WILSON SECURITIES.INC D.A.DAVIDSON&Co. INCORPORATED INDEPENDENCE SECURITIES.INC JESUP &LAMONT SECURITIES CO.,INC EMMETT A.LARKINCO.INC SCOTT &STRINGFELLOW.INC SEIDLER AMDEC SECURITIES INC NDERWOOD.NEUHAUS&CO INCORPORATED</ocr>",What market niche is filled by this offering?,,,,,,,,,screenshot,Investors who wish to hold gold without the complication and cost of physical storage.,,medium,open question,alternative investments,english,259,3,0,,,,,,,release_basic_txt,english_259,medium_open question_alternative investments,medium_open question
583,english_241_4_r3,"The Flagstone College endowment fund recently received a significant donation and has decided
to allocate the new funds to fixed income. Flagstone selected Allied Advisors to manage the fixed
income portfolio and is currently evaluating Allied’s recommendations on structuring the
portfolio. Greg Thorne, fixed income portfolio manager with Allied Advisors, is meeting with the
endowment fund’s trustees. Jerome Moir, a trustee, makes the following statements:
Statement 1: “We want to use portfolio returns to fund as many scholarships as possible; the
endowment fund has no specific liabilities to meet.”
Statement 2: “The endowment fund’s investment policy statement indicates a medium term
time horizon and seeks to avoid capital losses.”
Thorne responds: “Irrespective of whether you have specific liabilities to meet, a bond
market index must be selected that will serve as a benchmark.”
Thorne then presents the trustees with four benchmarks that could be used to evaluate the
performance of a fixed income portfolio. The characteristics of the benchmarks are outlined in
Exhibit 1.
<image_1>
Moir asks Thorne to present the historical performance of one of Allied’s portfolios relative
to the benchmark index. Thorne’s comparison is shown in Exhibit 2.
<image_2>
Moir also is interested in the risks that Allied takes in spread sectors. He asks for additional
information on the amount of spread risk in Allied’s portfolio relative to the benchmark. Thorne responds with the information shown in Exhibit 3.
<image_3>
Moir then asks Thorne for his interest rate forecast for the coming year. Thorne responds,
“At Allied we expect long rates to underperform short rates causing a twist in the yield curve.” /n <ocr>image_1 ocr text: Exhibit 1 Fixed Income Benchmark Indices Benchmark Index Duration Bond Sectors Represented Barclays1-3 year Government 1.8 Investment grade corporate and U.S.Treasury Corporate Investment grade corporate,ABS, MBs,U.S. Barclays Aggregate 4.9 Treasury Barclays U.s.High Yield 4.8 Corporate below investment grade Barclays Long Government 8.7 Investment grade corporate and U.S.Treasury Corporate/nimage_2 ocr text: Exhibit 2 Allied Representative Portfolio vs.Benchmark Year Portfolio Return* Benchmark Return 2004 9.70% 9.40% 2005 -3.50% -3.75% 2006 5.40% 6.00% 2007 0.75% 1.00% 2008 6.95% 6.25% *Returns are net of management fees of 0.15% annually/nimage_3 ocr text: Exhibit 3 Contribution to Spread Duration Portfolio Benchmark %of Contribution to %of Contribution to Sector Portfolio Spread Duration Portfolio Spread Duration Treasury 44.0 0.0 45.0 0.0 Corporate 22.5 1.96 23.0 1.38 Mortgage 14.0 0.42 17.0 0.53 Asset backed 19.5 0.49 15.0 0.40 Total 100.0 2.87 100.0 2.31</ocr>","Given the information in Exhibit 3, a mismatch of risk exposures between the portfolio and the benchmark should most likely be attributed to the",['A. mortgage sector' 'B. corporate sector' 'C. asset backed sector'],,,,,,,,table,B,"Solution: B.
The portfolio’s spread duration (2.87) is greater than that of the benchmark (2.31) resulting in a
mismatch of risk exposures. The difference is primarily because of the larger contribution to
spread duration of corporate bonds in the portfolio (1.96) compared to the benchmark (1.38)
despite having the similar nominal representation (22.5% and 23.0%, respectively).",hard,multiple-choice,fixed income,english,241,4,0,,,,,,,release_basic_txt,english_241,hard_multiple-choice_fixed income,hard_multiple-choice
326,english_184_1_r3,"Manuel Silva is a principal at Raintree Partners, a financial advisory firm, and a specialist in providing advice on risk management and trading strategies using derivatives. Raintree’s clients include high-net-worth individuals, corporations, banks, hedge funds, and other financial market participants. One of Silva’s clients, Iria Sampras, is meeting with Silva to discuss the use of options in her portfolio. Silva has collected information on S&P 500 Index options, which is shown in Exhibit 1.

<image_1>


At the beginning of the meeting, Sampras states: “My investment in Eagle Corporation stock has increased considerably in value, and I would like suggestions on options strategies I can use to protect my gains.” Silva responds: There are two strategies that you may want to consider: covered calls or protective puts. Covered calls provide a way to protect your gains in Eagle Corporation stock. Adding a short call to your long position in Eagle stock will provide protection against losses on the stock position, but it will also limit upside gains. A protective put also provides downside protection, but it retains upside potential. Unlike covered calls, protective puts require an upfront premium payment. At the end of the meeting, Sampras asks Silva to provide a written analysis of the following option strategies: Strategy A: A butterfly spread strategy using the options information provided in Exhibit 1. Strategy B: A straddle strategy using the options in Exhibit 1 with an exercise price of $1,125. Strategy C: A collar strategy using the options information in Exhibit 1. On 16 March 2012, First Citizen Bank (FCB) approached Silva for advice on a loan commitment. At that time, FCB had committed to lend $100 million in 30 days (on 15 April 2012), with interest and principal due on 12 October 2012, or 180 days from the date of the loan. The interest rate on the loan was 180-day Libor + 50 bps, and FCB was concerned about interest rates declining between March and April. Silva advised FCB to purchase a $100 million interest rate put on 180-day Libor with an exercise rate of 5.75% and expiring on 15 April 2012. The put premium was $25,000. Libor rates on 16 March 2012 and 15 April 2012 were 6% and 4%, respectively. The option was exercised on 15 April 2012, and the payoff was received on 12 October 2012. FCB has asked for a written evaluation of the success of the strategy. On 15 October 2013, another client, Short Hills Corporation (SHC), indicates it expects to take out a $25 million dollar loan on 15 December 2013. The loan rate is 90-day Libor + 100 bps. Interest and principal will be paid on 15 March 2014, 90 days after the loan is made on 15 December 2013. SHC is concerned about rising interest rates and has approached Silva for recommendations on addressing this issue. On Silva’s advice, SHC purchases a $25 million interest rate call on 90-day Libor with an exercise rate of 3.5%. The option premium is $45,000, and it expires in 61 days, on 15 December 2013. If the option is exercised on 15 December 2013, the payoff will be received on 15 March 2014. SHC has asked Silva to provide a report on possible outcomes relative to potential interest rate scenarios. /n <ocr>image_1 ocr text: Exhibit 1:Options Data for S&P 500 Stock Index (options expire in six months; multiplier = $100) Exercise Call Put Price Price Price $1,100 $95.85 $42.60 $1,125 $80.50 $48.00 $1,150 $64.70 $60.00</ocr>",Is Silva's response to Sampras regarding reducing exposure to Eagle Corporation stock most likely correct,"['A. No, he is incorrect about covered calls'
 'B. No, he is incorrect about protective puts' 'C. Yes']",,,,,,,,table,A,Answer = A. Silva is incorrect about covered calls. Covered calls do not provide protection against downside losses. They do limit upside gains.,hard,multiple-choice,derivatives,english,184,1,0,,,,,,,release_basic_txt,english_184,hard_multiple-choice_derivatives,hard_multiple-choice
531,english_230_1_r3,"The Azur fund is a sovereign wealth fund valued at USD792 billion located in the country of
Azurbikan. Azurbikan is a member of OPEC petroleum exporting countries with the main funding
source of the fund being oil exports.
Noir Rashwan, is the managing director ofthe fund and is currently meeting with the
board of directors of the fund, consisting of representatives from various goverment
departments, business leaders, and other stakeholders. Her agenda is to discuss concerns
regarding low oil prices and how that affects the country's wealth in its concentrated position in
oil, a proposed change to the fund's strategic asset allocation to increase the overall return of
the fund in response to the low price of oil, and divestiture of some real estate assets to capture
gains. Rashwan first presents the current and proposed asset allocations shown below.
<image_1>
She explains to the board of directors that since the fund has low liquidity needs the
proposed strategic asset allocation will allow the skilled submanagers to add value through
active management of the non-traditional assets.
In 2008, many of the fund's foreign investments that were purchased at the peak of the real
estate market lost substantial amounts of value. Some of those real estate values have since
rebounded and are currently above the purchase price. Rashwan proposes to sell the fund's USD
100 million stake in a hotel located in the United States in South Beach Miami. Zein Minkara,
president of a major pharmaceutical company, states, ""We should sell now to lock in the gains,
avoiding the substantial and painfullosses that many of our real estate holdings experienced
during the last global recession."" The hotel property value has a pre-tax standard deviation of 13%
and would be subject to a 20% capital gains tax.
Regarding the low price of oil, Jamal Zayat, Sultan of Azurbikan, states, ""Since we're part of
OPEC, a consortium of oil exporting nations, we should agree to restrict the world supply of oil, thus propping up its price as we've been able to do in the past."" Siham Atallah, chairman of the
central bank of Azurbikan, discusses changes in the economic environment of oil production
putting downward pressure on oil prices. These changes include reduced demand in gasoline
through greater fuel-efficient cars, weak economies of Europe and developing countries, and the
development of new technologies allowing countries to extract oil and natural gas from areas
that were once unprofitable.
Atallah ends with a summary of short-term capital market expectations:
• “Overall global GDP is expected to grow at a moderate pace,
• the yield curve is expected to flatten with shor-term rates increasing while long-term rates
remain steady,
• yield spreads are exceedingly high, and
• global real estate values are showing signs of overvaluation in some markets."" /n <ocr>image_1 ocr text: CurrentAsset Proposed asset Allocation Allocation Cash 4% Domestic government bonds 20% 1% Domestic corporate bonds 10% 2% Global bonds 10% 2% Domesticequity 35% %6 Global equities 10% 12% Real estate 15% 10% Infrastructure 10% Hedge funds 17% Private equity 33%</ocr>",Which of the following statements regarding the proposed change in strategic asset allocation for the Azur fund is least accurate,"['A. Due to the large size of the fund, it may not be possible to find enough alternative investments to meet the proposed strategic asset allocation.'
 'B. The percent allocated to alternative investments is acceptable given the low liquidity needs, long time horizon, and desire for increased return.'
 'C. The proposed asset allocation is too heavily weighted towards non-traditional assets with not enough exposure towards more traditional bond and equity investments']",,,,,,,,table,C,"Solution: C.
For institutional investors like a large sovereign wealth fund with a long-time horizon and little
liquidity needs, a portfolio comprised largely of non-traditional investments where manager skill
and an illiquidity premium can be earned is acceptable.
The problem large institutional investors may run into is not enough alternative investments
available to invest in, like hedge funds, to meet their target asset allocation",easy,multiple-choice,portfolio management,english,230,1,0,,,,,,,release_basic_txt,english_230,easy_multiple-choice_portfolio management,easy_multiple-choice
1069,english_376_3_r3,"Use the following information for Ingersoll, Inc. (assume the tax rate is 34 percent):
 <image_1>
 <image_2>
 <image_3>
 <image_4>
 <image_5> /n <ocr>image_1 ocr text: 2014 2015 Sales $9,402 $10,091 Depreciation 1,350 1,351 Cost of goods sold 3,235 3,672 Other expenses 767 641 Interest 630 724 Cash 4,931 6,244 Accounts receivable 6,527 7,352 Short-term notes payable 953 895 Long-term debt 16,152 19,260 Net fixed assets 41,346 42,332 Accounts payable 5,179 5,022 Inventory 11,604 11,926 Dividends 1,147 1,261/nimage_2 ocr text: Balance sheet as of Dec.31,2014 Cash $4,931 Accounts payable $5,179 Accounts receivable 6,527 Notes payable 953 Inventory 11,604 Current liabilities $6,132 Current assets $23,062 Long-term debt $16,152 Net fixed assets $41,346 Owners'equity 42,124 Total assets $64,408 Total liab.& equity $64,408/nimage_3 ocr text: Balance sheet as of Dec.31.2015 Cash $6,244 Accounts payable $5,022 Accounts receivable 7,352 Notes payable 895 Inventory 11,926 Current liabilities $5,917 Current assets $25,522 Long-term debt $19.260 Net fixed assets $42,332 Owners'equity 42,677 Total assets $67,854 Total liab.& equity $67854/nimage_4 ocr text: 2014 Income Statement Sales $9,402.00 COGS 3,235.00 Other expenses 767.00 Depreciation 1,350.00 EBIT $4,050.00 Interest 630.00 EBT $3,420.00 Taxes 1,162.80 Net income $2,257.20 Dividends $1,147.00 Additions to RE 1,110.20/nimage_5 ocr text: 2015 Income Statement Sales $10,091.00 COGS 3,672.00 Other expenses 641.00 Depreciation 1.351.00 EBIT $4,427.00 Interest 724.00 EBT $3,703.00 Taxes 1,259.02 Net income $2,443.98 Dividends $1,261.00 Additions to RE 1,182.98</ocr>","For 2015, calculate the cash flow to stockholders.",,,,,,,,,table,"$1,890.98","Net new equity = Common stock_{end} – Common stock_{beg} 
 Common stock + Retained earnings = Total owners’ equity
 Net new equity = (OE – RE)_{end} – (OE – RE)_{beg} 
 Net new equity = OE_{end} – OE_{beg} + RE_{beg} – RE_{end} 
 RE_{end} = RE_{beg} + Additions to RE
 So: Net new equity = OE_{end} – OE_{beg} + RE_{beg} – (RE_{beg} + Additions to RE) = OE_{end} – OE_{beg} – Additions to RE
 Net new equity = $42,677 – 42,124 – 1,182.98 = –$629.98
 
 Cash flow to stockholders = Dividends – Net new equity 
 Cash flow to stockholders = $1,261– (–$629.98) 
 Cash flow to stockholders = $1,890.98",medium,open question,corporate finance,english,376,3,0,,,,,,,release_basic_txt,english_376,medium_open question_corporate finance,medium_open question
714,english_279_4_r3,Consider the following two regression lines for stocks A and B in the following figure.<image_1> <image_2> /n <ocr>image_2 ocr text: rB-r M-r</ocr>,Which stock has higher alpha?,,,,,,,,,chart,Stock A’s alpha is larger.,"Alpha is the intercept of the SCL with the expected return axis. Stock A has a small positive alpha whereas Stock B has a negative alpha; hence, Stock A’s alpha is larger.",easy,open question,portfolio management,english,279,4,0,,,,,,,release_basic_txt,english_279,easy_open question_portfolio management,easy_open question
300,english_179_4_r3,"Arcadia, LLP, is one of several independently operated investment management subsidiaries of Swiss Corp, a global bank. Arcadia is headquartered in Philadelphia, Pennsylvania, and specializes in the management of equity, fixed income and real estate portfolios. Arcadia’s CEO recently hired Joan Westley as chief compliance officer to achieve compliance with the Global Investment Performance Standards (GIPS). Arcadia just opened a division in Phoenix, Arizona, incorporated as Arcadia West, LLP, to accommodate one of its portfolio managers and his staff who manage a hedge fund. The staff in Phoenix works exclusively on the hedge fund’s strategy, using an investment process distinct from the one used in the Philadelphia office.
Westley makes the following statement at a meeting with the CEO: “I am establishing and implementing policies and procedures to ensure Arcadia is in compliance with the GIPS standards. Although the hedge fund won’t be in compliance, it won’t affect our ability to be compliant firm-wide, because it is in an autonomous unit. We will be the first Swiss Corp subsidiary to be compliant. Keep in mind that even after implementation, we will not be able to claim compliance until our performance measurement policies, processes, and procedures are verified by an independent firm.”
Westley begins her review of Arcadia’s current policies. She first reviews three policies regarding input data:
Policy 1: The accounting systems record the cost and book values of all assets. Portfolio valuations are based on market values, provided by a third-party pricing service.
Policy 2: Transactions are reflected in the portfolio when the exchange of cash, securities, and paperwork involved in a transaction is completed.
Policy 3: Accrual accounting is used for fixed-income securities and all other assets that accrue interest income; dividend-paying equities accrue dividends on the ex-dividend date.
Next, Westley reviews Arcadia’s policies for return calculation methodologies:
Policy 4: Arcadia uses the Modified Dietz method to compute portfolio time-weighted rates of return on a monthly basis. Returns for longer measurement periods are computed by geometrically linking the monthly returns.
Policy 5: Arcadia revalues portfolios when capital equal to 10% or more of current market value is contributed or withdrawn. Returns are calculated after the deduction of trading expenses.
Policy 6: Cash and cash equivalents are excluded in total return calculations. Custody fees are not considered direct transaction costs.
Westley also looks at the investment policy statements (IPS) for the three sample portfolios that are included in Arcadia’s large-capitalization equity composite:

Portfolio A: A portfolio managed for a local church in which all fees are waived. The IPS prohibits holdings of companies involved in firearms, alcohol, or tobacco. These securities represent 5% of the benchmark, but the portfolio manager believes he can still implement his strategy with these restrictions.
Portfolio B: The equity carve-out portfolio of a balanced account. The client provides Arcadia discretion in the tactical asset allocation decision. Asset allocation among subportfolios is performed quarterly and each subportfolio holds tactical or frictional cash.
Portfolio C: A large-cap equity mutual fund managed for a corporate retirement plan. Employees can make contributions and withdrawals daily. The client requires the portfolio manager to maintain at least 15% of assets in cash balances to meet potential withdrawals.
Finally, Westley examines a recent presentation to a prospective client regarding Arcadia’s small-cap composite. Details of this presentation are presented in Exhibit 1 and its notes.

<image_1>


Notes: 1. Arcadia is an investment firm affiliated with a major global bank and founded in April 2001. The firm manages portfolios in various equity, fixed-income, and real estate strategies. 2. Arcadia has a number of affiliates owned by the parent company; a schedule is provided separately. 3. The composite has an inception date of 31 December 2007. A complete list and description of firm composites is available on request. 4. The composite includes all fee-paying, discretionary, nontaxable portfolios that follow a small-cap strategy. The composite does not include any non-fee-paying portfolios. 5. 1Q13 data are not annualized. 6. Valuations are computed and performance reported in U.S. dollars. 7. Internal dispersion is calculated by using the equal-weighted standard deviation of all portfolios that are included in the composite for the entire year. 8. Gross-of-fees performance returns are presented before management and custodial fees but after all trading expenses. The management fee schedule is as follows: 1.00% on first US$25 million; 0.60% thereafter. Net-of-fees performance returns are calculated by deducting the management fee of 0.25% from the quarterly gross composite return. /n <ocr>image_1 ocr text: Exhibit 1:Small-Capitalization Equity Composite Benchmark:Russell 2000 Gross of Net of Total Assets Internal Fees Fees Benchmark Number of ($ millions) Year Dispersion Return Return Return (%) Portfolios (%) Composite Firm (%) (%) 2009 4.2 3.2 3.7 4 3.3 100 1,000 2010 3.7 2.7 7.0 9 4.6 225 1,250 2011 -1.0 2.0 -4.5 7 1.7 350 900 2012 9.3 8.3 12.0 12 2.8 425 1,050 1Q13 5.2 4.9 7.0 14 3.6 620 1,125</ocr>","Based on Exhibit 1 and the notes following the exhibit, Arcadia is least likely in compliance with the GIPS standards with regard to the:","['A. performance presentation.' 'B. measure of internal dispersion.'
 'C. performance record.']",,,,,,,,table,C,"Answer = C. Arcadia is required by the GIPS standards to present five years of performance because the composite has been in existence for that period. The small-cap composite was started on 31 December 2007. For each composite presented to be GIPS compliant, the Standards require that firms show at least 5 years of annual performance (less if the firm or composite has been in existence for a shorter period) and then the performance record must be extended each year until 10 years of results have been presented.",hard,multiple-choice,portfolio management,english,179,4,0,,,,,,,release_basic_txt,english_179,hard_multiple-choice_portfolio management,hard_multiple-choice
264,english_172_4_r3,"Asis Subramanium was recently hired by the pension fund Nash, Barwich, and Stuart (NBS) as a Portfolio Performance Evaluation Specialist. NBS does not have a formal performance evaluation policy and Dev Radia, Director of Portfolio Management, asks Subramanium to develop such a policy for the firm.
Collecting research related to performance evaluation, Subramanium tells Radia that a performance evaluation policy should address the following three major issues:
1. Performance measurement defined as the calculation of the rates of return based on investment-related changes in an account’s value over specified time periods;
2. Performance attribution which investigates the sources of the account’s performance relative to a manager’s past performance and the importance of those sources; and
3. Performance appraisal which attempts to answer the question whether the account’s performance is due to luck or skill.
The two start their discussion of other issues relating to performance evaluation by comparing time-weighted return (TWR) to money-weighted return (MWR). Subramanium provides an example of the two methods using the recent month’s history of the West Riverdale Defined Benefit Plan. As indicated in Exhibit 1, the start of month value of the plan was $20,000,000. The portfolio is revalued whenever a cash flow arises and all daily cash flows occur at the end of the stated day, e.g., on the eight day into the month the account received a contribution of $200,000 and had an end of the day value of $21,200,000. At the end of the month (day 30), the terminal value of the account was $20,255,000.

<image_1>


Radia picks up the discussion at this point, saying, “Having calculated TWR and/or MWR, one needs a benchmark against which the account return can be compared. Many issues arise in this choice of a benchmark.” Radia points out three:

1. Consultants and fund sponsors frequently use the median manager or fund from a broad universe of managers or funds as a performance evaluation benchmark. This approach is flawed, as it fails the test of being measurable.
2. A drawback of a style index is that the definition of investment style implied in the benchmark may be inconsistent with the investment process of the manager.
3. The absolute return objective is generally the preferred approach.
The two move on to consider performance evaluation of hedge funds and agree that hedge fund performance can be especially difficult to evaluate. They provide three reasons why this is so:
1. If the hedge fund consists of a long-short portfolio which nets to an initial market value of zero, the rate of return on the portfolio would be undefined, approaching either positive infinity or negative infinity due to this division by zero problem.
2. Even when the hedge fund’s assets do not net to zero, the vagueness of defining “hedge funds” makes it difficult to assign specific benchmarks.
3. The option-like features of many hedge funds make the use of the Sharpe ratio a preferred approach to performance measurement.
The two agree that investment skill requires a manager to outperform an appropriate benchmark, on average over time, and on a risk-adjusted basis. Commonly used measures that adjust for risk are the Treynor measure, the Sharpe ratio, and M2. To demonstrate the differences between these three measures, Subramanium collects the data given in Exhibit 2 along with his partially completed calculations on three accounts.

<image_2>

Finally, Radia asks Subramanium if there are any issues to be considered regarding manager continuation policy. Subramanium answers that there are two types of mistakes you can make:
· one mistake is to fire (or not hire) a manager with positive value-added management;
· a second mistake is to keep (or hire) managers that provide zero value-added. /n <ocr>image_1 ocr text: Exhibit 1 West Riverdale Defined Benefit Plan Recent month's history Contributions (+) and Market Value Day Withdrawals  ($) Post Cash Flow 0 20,000,000 8 200,000 21,200,000 11 -250,000 20,025,000 22 180,000 20,300,000 30 20,255,000/nimage_2 ocr text: Exhibit 2 Data Relating to Common Risk-Adjustment Tools Average Standard Ex Post Beta of Sharpe M2 Treynor Account Deviation of the Asset Ratio Measure Asset Asset Returns Return W-Life 15% 22% 1.35 0.11 0.5 Lee Co 9% 6% 1.05 0.83 4.76 G. Ltd 8% 7% 0.85 0.12 4.71 Market Data: 4% Average Risk-free Return 12% Average Return on the Market Standard Deviation of the Market Return 14%</ocr>",Which of Subramanium's and Radia's reasons as to why hedge funds are difficult to evaluate is the least accurate? The statement regarding:,"['A. undefined rate of return.' 'B. vagueness of definition.'
 'C. option-like features.']",,,,,,,,table,C,"Answer = C. The reason related to the option-like features is the least accurate. The denominator of the Sharpe ratio is the standard deviation of returns. However, the option-like features of many hedge funds make the use of standard deviation as a measure of risk questionable.",medium,multiple-choice,portfolio management,english,172,4,0,,,,,,,release_basic_txt,english_172,medium_multiple-choice_portfolio management,medium_multiple-choice
239,english_168_2_r3,"The human resources department of The Tredway Medical Group hired Joe Boylan, a private wealth consultant, to provide a series of presentations to its employees covering the fundamentals of financial planning.
Boylan’s current presentation deals with two aspects of personal risk management related to age: premature death and outliving one’s resources. He begins his presentation by stating that people often harbor misleading views about life insurance. As an example, he provides them with the following three comments which he claims to have heard many times in the past:
Comment 1 Since everyone is going to die, everyone needs life insurance.
Comment 2 Life insurance is an efficient method of risk reduction.
Comment 3 Premiums on a newly issued life insurance policy are higher when interest rates are lower.
Boylan states that when considering life insurance needs and investment strategies, it is important to understand the notion of human capital. He provides the following four examples of individuals connected to the health care industry in Exhibit 1 and asks the audience which of them has the highest human capital risk.

<image_1>
<image_2>

Boylan provides selected information from standard mortality tables along with some market data and characteristics of Marie’s medical specialty in Exhibit 2. In addition, he also includes several assumptions which he uses to determine Marie’s total assets under a holistic balance sheet.

<image_3>

One of the attendees at the presentation told Boylan that she had accessed several life insurance carrier websites but found that it was very hard to compare the costs of their whole life policy offerings, as the companies often used different assumptions
AMabout the amount of the death benefit, premiums, cash value growth rates and divi-dend reinvestment rates. Using the information in Exhibit 3 for a hypothetical whole life policy, Boylan illustrates a convenient method for comparing the cost of different policies when these variables change.

<image_4>

Boylan turns his attention to investments. He tells his audience that if the twins, Janice and Jason, wish to invest optimally, they should consider the nature of their human capital when making asset allocation decisions. He asks how this would affect their relative allocation to high grade government bonds.
Boylan tells the audience that life annuities are a convenient investment to deal with longevity risk. He again uses the twins, Jason and Janice, as an example, in discussing some of the characteristics of these annuities. Assuming that they were both to invest the same amount into this product, he makes the following statements:
Statement 1 If both of them were to purchase the annuity immediately, they would both receive the same annual income yield.
Statement 2 If Jason were to purchase the annuity in 10 years rather than immediately, his annual income yield would be higher at that time than now.
Statement 3 If Janice were to add a 10-year period certain option to her annuity, her income yield would be reduced when compared to not having the option, but it would be reduced by greater amounts the longer she waits to purchase the annuity. /n <ocr>image_1 ocr text: Exhibit 1 Four Individuals Connected to the Health Care Industry Henry  A 33-year-old orthopedic surgeon.  A leading financial publication ranks orthopedic surgery as the highest. paying medical specialty. Has been practicing for three years but still has over $80,o00 of student loans outstanding  Married with a one-year-old son.. Marie  A 62-year-old cardiac surgeon who is celebrating her birthday today. Plans on retiring in two years, on the day before she turns 64. The previously-mentioned financial publication ranks cardiac surgery as the second highest paying specialty.. A member of Mensa (the largest and oldest high IQ society in the world) with the highest Mensa IQ of any other Mensa member in her profession A widow with three financially independent adult children. Has no debt and her total assets calculated using a traditional balance sheet amount to $4 million,which includes $3 million in stocks and bonds and$250,000 in real estate. (continued)/nimage_2 ocr text: Exhibit1 (Continued) Jason A 50-year-old medical technician. Also a member of Mensa, with a perfect score on the Mensa IQ test. A single parent with a 20-year-old daughter Has no outstanding debt and an investment portfolio currently valued at $125,000.  His employer provides him with a defined benefit pension whose pension payments will adjust with inflation. Janice Jason's twin sister. Works as a stock broker specializing in medical technology  Has no outstanding debts and an investment portfolio currently valued at $375,000. Her employer provides her with a defined contribution pension. Unmarried with no dependents Has about the same level of risk tolerance as Jason Note: All of these individuals are non-smokers and are in excellent health given their respective ages./nimage_3 ocr text: Exhibit 2 Inputs used in determining Marie's Assets under a Holistic. Balance Sheet Mortality Statistics for Non-smoking Females Age 62 63 64 Probability of Dying 0.0059 0.0069 0.0079 Characteristics of Income for Cardiac Surgeons Annual wage growth rate 5% Occupational income volatility 1% Nominal risk free rate 3% Marie's current employment income $430,000 Marie's current pension value $1.75 million Assumptions: All income is received at the end of the year All probability-based calculations are carried out to 4 decimal places./nimage_4 ocr text: Exhibit 3 Hypothetical Whole Life Insurance Policy Death benefit $300,000 Expected holding period 25 years Annual premium, paid at start of year $2,750 Estimated cash value at the end of 25 years $60,000 Discount rate 6% Dividend reinvestment rate 6% Estimated annual dividend, paid at year end $850</ocr>","From Exhibit 1, the individual who has the greatest amount of human capital at risk is",['A. Marie.' 'B. Henry.' 'C. Jason.'],,,,,,,,screenshot,B,"B is correct: Human capital is the net present value of the individual’s future expected labor income weighted by the probability of surviving to each future age. According to the financial publication, Henry is in the highest paying medical profession, and being the youngest has the longest expected stream of future income. Therefore, he is most likely to have the highest human capital available, and the most to lose if the stream is not realized.",medium,multiple-choice,economics,english,168,2,0,,,,,,,release_basic_txt,english_168,medium_multiple-choice_economics,medium_multiple-choice
194,english_159_2_r3,"Kate Baker is in charge of assessing investment managers hired by KTB Funds. KTB states its investment strategy as being adept at investing in undervalued securities in equity and debt markets. Baker is assisted by Trent Coates and Gerry Manders. The group are examining the performance (Exhibit 1) of three managers who separately specialize in large-cap, mid-cap, and small-cap equities.
In addition to overall return, Baker reminds the group that they also need to focus on whether the managers have been consistent with KTB’s investment strategy.

<image_1>
Given the under-performance of the small-cap fund, Baker and her assistants examine the investments being made in that fund. The fund holdings are primarily in stocks that trade infrequently and seldom have dealer quotes. Consequently, there is a concern that the small-cap benchmark may be inappropriate.
Coates suggests using a custom security-based benchmark that has the following criteria:
1 broadly representative of the small-cap market,
2 includes a cash position weighting, and
3 weighted according to the market capitalization of infrequently traded small cap stocks.
Baker and her assistants then turn their attention to the large-cap manager’s performance. The large-cap benchmark is viewed as being representative of the market portfolio that is used in the Capital Asset Pricing Model (CAPM). Upon gathering more information (Exhibit 2), they want to assess whether the large-cap manager is skillful based on the generation of ex-post alpha relative to the CAPM and having a ratio of active return relative to active risk being above 0.10.

<image_2>
Manders suggests using a performance quality control chart to assess the large-cap manager. He makes the following statements to support his point:
■■
such a chart utilizes a confidence band that widens with the time horizon.
■■
a skillful manager only needs to outperform the benchmark regularly with deviation within the confidence band.
■■
the analysis is based on three criteria: 1) an initial testable null hypothesis thatthe manager has no investment skill, 2) an assumption that value-added returnsare normally distributed and independent from period to period, and 3) anassumption that the manager’s investment process is consistent from period toperiod.
The group now turns its attention to three bond funds in which KTB holds positions (Exhibit 3). Similar to KTB’s equity strategy, the bond strategy is one of being adept at finding undervalued debt securities.

<image_3>
Coates asks Baker. “Given all of the assessment we are performing on equity and bond managers, what are the consequences of firing a manager?”
Baker answers, “The expense of frequent manager turnover is only of concern if we commit Type 2 errors. However, we should also be concerned with discontinuing the services of skillful managers solely based on our quantitative assessment metrics, which is an example of a Type I error. Consequently, in addition to quantitative assessment, we should also interview the fund manager face-to-face before either deciding to retain or terminate him or her, just as was done at the initial hire.” /n <ocr>image_1 ocr text: Exhibit1 Equity Manager Return Performance (%) Large-Cap Mid-Cap Small-Cap Portfolio Portfolio Portfolio Portfolio ex-post return 4.81 5.12 3.29 Benchmark ex-post return 3.35 5.08 6.13 Pure sector allocation return 1.52 0.12 0.27 Within-sector selection return 0.10 0.01 0.05 Interaction return -0.16 -0.07 -3.16/nimage_2 ocr text: Exhibit2 Large-Cap Portfolio Analysis Ex-Post Return Return Volatility (%) (%) CAPMBeta Portfolio 4.81 44.2 1.2 Benchmark 3.35 25.4 1.0 Risk-free security 0.65 0.0 0.0 Notes:The volatility of the difference between the portfolio and benchmark returns is 0.32.Return volatility is equivalent to return standard deviation/nimage_3 ocr text: Exhibit3 Bond Fund Return Performance (%) TQZ Bond MKK Bond BCM Bond Fund Fund Fund Benchmark Interest rate effect 0.95 0.95 0.95 0.95 Duration 0.42 0.02 0.62 0.00 Convexity 0.16 0.01 -0.15 0.00 Yield-curve shape 0.07 0.01 -0.10 0.00 change Sector/quality 0.01 0.16 0.23 0.00 Bond selectivity 0.02 0.57 0.25 0.00 Transaction costs 0.00 0.00 0.00 0.00 Trading activity 0.07 0.10 0.17 0.00 Total return 1.52 1.80 1.97 0.95</ocr>",The most appropriate criteria suggested by Coates for a custom security-based benchmark for the small-cap fund is:,['A. 1' 'B. 2' 'C. 3'],,,,,,,,screenshot,B,"B is correct. Including a weight for a cash position, criteria 2, should be part of a custom benchmark. Broadly representing the small-cap market, criteria 1, and market capitalization weighted, criteria 3, may not be consistent with the small-cap manager’s approach.",hard,multiple-choice,portfolio management,english,159,2,0,,,,,,,release_basic_txt,english_159,hard_multiple-choice_portfolio management,hard_multiple-choice
246,english_169_4_r3,"Goldsboro Partners, an investment management firm, intends to offer more products invested in equities traded on the Singapore Exchange (SGX).
Goldsboro is developing the Goldsboro Singapore Index (GSI), a proprietary index of Singapore equities composed of five stocks traded on the SGX with the largest market capitalization. Goldsboro must decide how to structure the GSI. Information about the prices and market caps of these firms is presented in Exhibit 1.

<image_1>


Goldsboro has four large institutional clients that indicated they might invest a total of $240 million in a fund indexed to the GSI. These clients are very cost sensitive.
Goldsboro already offers two mutual funds that consist of stocks that are part of the Straits Times Index (STI), a value-weighted index of the 30 largest firms traded on the SGX. Exhibit 2 provides information about these two funds (GB1 and GB2), the STI, and all stocks traded on the SGX.

<image_2>

Goldsboro also offers three independently managed funds, GB-STI-1, GB-STI-2, and GB-STI-3. The three funds are benchmarked against the STI. In 2009, Jason Briggs, a client whose Singapore benchmark is the MSCI Singapore Free Index, pursued a core–satellite approach by investing in these three funds, and he earned a return of 12.4%. Information about these three funds, their returns, and Briggs’s investments is presented in Exhibit 3.

<image_3>

In 2009, the return on the MSCI Singapore Free Index was 11.7%, and the return on the STI was 12.0%. /n <ocr>image_1 ocr text: Exhibit 1 Five Largest Singapore Firms Market Cap at|Market Cap at Price at 1 Price at 1 1 January 1 January Change in Change in January January 2009 2010 Price Market Cap 2009 2010 Firm (US$) (US$) SingTel 2.35 2.53 7.70% 48.5 52.5 8.20% Wilmar 5.77 6.8 17.90% 32.7 41.2 26.00% DBS Group 11.62 13.28 14.30% 26.6 30.1 13.20% Jardine Matheson 23.94 26.71 11.60% 25.3 27.6 9.10% UOB 12.73 14.07 10.50% 23.9 26.8 12.10% Total 56.41 63.39 157 178.2/nimage_2 ocr text: Exhibit 2 Comparison of Goldsboro's Two Funds, the STI, and the SGX Fund GB1 Fund GB2 STI SGX Number of stocks 12 12 30 612 Average market cap US$12.4 billion US$13.2 billion US$13.7 billion US$2.7 billion Dividend yield 1.50% 2.10% 1.60% 0.80% P/E 21.7 16.8 21.4 24.7 P/B 2.6 2.1 2.7 2.9 Projected EPS growth rate 11.00% 8.40% 11.20% 13.70%/nimage_3 ocr text: Exhibit 3 Briggs's Investments in Goldsboro's STI-Benchmarked Funds GB-STI-1 GB-STI-2 GB-STI-3 Fund expected alpha 5% 2% 0% Fund expected 9% 5% 0% tracking risk Briggs's investment US$20 million US$20 million US$10 million Return during 2009 15% 10% 12%</ocr>",Goldsboro's Fund GB2 would appeal to an investor who is most closely focused on,"['A. earnings momentum.' 'B. price relative to intrinsic value.'
 'C. relative strength.']",,,,,,,,table,B,"Answer = B. Fund GB2 follows a value style (higher dividend yield, lower P/E, P/B, and earnings growth). Value investors are focused on price relative to intrinsic value.",medium,multiple-choice,equity,english,169,4,0,,,,,,,release_basic_txt,english_169,medium_multiple-choice_equity,medium_multiple-choice
547,english_233_2_r3,"Teddy Brealer is the president of Vitting University (VU). VU just successfully completed a
fundraising campaign of $300 million that significantly increased the funds in the endowment
(Exhibit 1).
<image_1>
At a meeting with VU’s board of regents, Brealer proposes that the endowment should fund
a new capital improvements project for the university that will cost $210.3 million. Brealer
acknowledges that it is a large amount that will require another fundraising campaign in the
future, but he states that he has already found a wealthy alumnus, Roger Clement, who is willing
to donate $50 million if the project is undertaken.
Jennifer Wong, a board member, asks: “If we undertake the project with Clement’s
donation but without a new fundraising campaign, how much will the endowment be
underfunded?” Other board members agree that the answer to this question should be
considered before making a decision. Consequently, the board decides to discuss Brealer’s
proposal further at a future meeting.
The board moves on to a discussion about the investment of the endowment with the
recently raised funds. Ronald Black, an investment adviser to the board, suggests the following:
· The asset allocation choice should have a heavy emphasis on fixed-income securities
with cash distributions. This type of allocation will offset the future cash disbursements
necessary to cover costs at the university in excess of tuition revenue.
· The weightings within the portfolio should be able to deviate within 5% of the target
portfolio weights to take advantage of short-term market opportunities for additional
return.
Brealer suggests bringing Black’s portfolio allocation ideas to the University Planning and
Priorities Committee (UPPC). The UPPC is composed of six tenured faculty members and three
final-year students. Three of the faculty members are from the arts area, and three are from the
sciences area. Faculty appointments to the committee are for two-year, non-renewable terms.
Brealer states that the UPPC desires to have the endowment invested in a socially
responsible manner, which will require developing a new investment policy statement (IPS). The UPPC intends to draft the new IPS and present it to the board for approval. Upon receiving board
approval, the UPPC will direct a financial advisory team and the investment managers to
implement the asset allocation indicated in the IPS. Progress reports and governance audits will
be provided to the board upon request.
The board is agreeable to this plan and assigns Black to be part of the advisory team after
the IPS is drafted and approved.
Black states that the UPPC should also consider such issues as the cost associated with
rebalancing the portfolio and that the future distribution of asset returns may not be fully
characterized by the expected return and volatility. Black further states that his preferred
method for dealing with these additional allocation issues is the use of Monte Carlo simulation. /n <ocr>image_1 ocr text: Exhibit 1 Vitting University endowment fund assets and obligations ($ millions) Immediately available funds 50.2 Immediately available funds,restricted to scholarships 53.2 Current endowment obligations 89.5 PVof future endowment obligations* 502.4 PV of pledged future contributions to endowment, unrestricted* 505.4 PV of pledged future contributions,restricted to scholarships 87.8 *These funds may be used for scholarship and non-scholarship items.</ocr>",Black’s suggestion to the board in regard to the asset weightings in the endowment portfolio is best described as allowing for an asset allocation that is,['A. dynamic' 'B. tactical' 'C. indexed'],,,,,,,,table,B,"Solution: B.
The ability to deviate from target portfolio weightings for short-term market opportunities is an example of tactical asset allocation, which is an active strategy. Dynamic asset allocation is a
long-term active strategy, and indexing is a passive strategy",easy,multiple-choice,portfolio management,english,233,2,0,,,,,,,release_basic_txt,english_233,easy_multiple-choice_portfolio management,easy_multiple-choice
311,english_181_4_r3,"Andres Rioja is the treasurer of Empresas Crianza. His duties have recently been expanded to include oversight of the firm’s pension fund. Given his limited experience in overseeing investments, he is relying on an outside consultant. Rioja prepares a number of questions for his first meeting with the consultant, Manolo Priorat of Consulta Jerez. Priorat starts the meeting by summarizing for Rioja the status of the defined benefit pension plan and makes the following statement: The pension liability has a duration of 14 years and a present value of $4 billion. The liabilities are discounted using the spot rate on high-quality long-term corporate bonds. Presently, the asset portfolio covers 87.5% of these liabilities and is invested entirely in fixed-income assets. The plan assets have fallen short of the pension liabilities over the past five years because their durations are not properly matched. I am concerned that Crianza has selected the wrong benchmark for the pension plan. The current benchmark is a weighted average of the benchmarks for the various strategies used in the investment of pension assets. I believe the appropriate benchmark should be the liability itself. Priorat and Rioja review the fixed-income funds in which the pension assets are currently invested. Portfolio managers have been given the mandate to meet or exceed their respective benchmarks based on their investment styles. Details of the various portfolios are provided in Exhibit 1.


<image_1>


Rioja updates Priorat on Crianza’s current plans for the pension plan. Rioja states: “Crianza will make a $500 million contribution to fully fund the plan and invest the funds in Treasury STRIPs. In addition, we would like to completely reallocate pension investments away from the fund that presents the greatest contingent claim risk and into the long corporate bond fund.”

Rioja then asks Priorat, “I would like to understand the risk profile of each index benchmark we have assigned to the portfolio managers. What measures are available to do this?” Priorat responds,
There are several key measures that come to mind. Effective duration measures the sensitivity of the index’s price to a relatively small parallel shift in interest rates. For large non-parallel changes in interest rates, a convexity adjustment is used to improve the accuracy of the index’s estimated price change. Key rate duration measures the effect of shifts in key points along the yield curve. Key rate durations are particularly useful for determining the relative attractiveness of various portfolio strategies, such as bullet strategies versus barbell strategies. Spread duration describes how a non-Treasury security’s price will change as a result of the widening or narrowing of the spread contribution.
Rioja then asks about the rationale for active managers to do secondary market trades. Priorat responds,
Secondary market trades should be evaluated in a total return framework. The exception is the yield or spread pickup trade, which should be evaluated in the context of additional yield. Credit-upside trades provide an opportunity for managers to capitalize on unexpected upgrades. Curve-adjustment trades are yet another example of investors expressing their interest rate views in the credit markets in anticipation of interest rate changes. Finally, Priorat offers further explanation of how active managers can add value. He notes,
Structural analysis of corporate bonds is an important part of active management. Credit bullets in conjunction with long-end Treasury structures are used in a barbell strategy. Callable bonds provide a spread premium that can be valuable to an investor during periods of high interest rate volatility. Put structures will provide investors with some protection in the event that interest rates rise sharply but not if the issuer has an unexpected credit event.” /n <ocr>image_1 ocr text: Exhibit 1:Portfolio Information Duration Asset Value Portfolio Benchmark Investment Style (years) ($ thousands) 3-Month US T- Money market 0.25 175,000 Active management Bill Mortgage-backed Barclays 3 700,000 Enhanced indexing securities fund Mortgage Emerging market bond. JP Morgan 4.6 675,000 Active management fund EMBI Long corporate bond. Barclays Long 14 1,575,000 Active management fund Corporate Barclays Treasury bond STRIPs 24 375,000 Pure bond indexing 20+Year STRIP</ocr>","In Priorat’s response to Rioja regarding the explanation of key measures of an index’s profile, he is most likely correct regarding","['A. key rate duration and incorrect regarding convexity adjustment.'
 'B. spread duration and incorrect regarding effective duration.'
 'C. convexity adjustment and incorrect regarding key rate duration.']",,,,,,,,table,A,"Answer = A. Priorat’s explanation of key rate duration is accurate, whereas his explanation of convexity adjustment is incorrect. A convexity adjustment is used to improve the accuracy of the index’s estimated price change for large parallel changes in interest rates. A convexity adjustment is an estimate of the change in price that is not explained by duration.",hard,multiple-choice,fixed income,english,181,4,0,,,,,,,release_basic_txt,english_181,hard_multiple-choice_fixed income,hard_multiple-choice
