idx,question_id,context,question,options,image_1,image_2,image_3,image_4,image_5,image_6,image_7,image_type,answers,explanation,topic_difficulty,question_type,subfield,language,main_question_id,sub_question_id,is_arithmetic,ans_image_1,ans_image_2,ans_image_3,ans_image_4,ans_image_5,ans_image_6,release,group_id,strata_full,strata_final
989,english_353_3_r3,"The financial statements of Snapit Company are given below. <image_1> /n <ocr>image_1 ocr text: Snapit Company IncomeStatement (2009) Sales $4.000.000 Cost of goods sold 3.040.000 Gross profit 960,000 Selling and administrative expenses 430.000 Operating profit 530.000 Interest expense 160.000 Income before tax 370,000 Tax expense 148,000 Net income $222.000 Balance Sheet 2009 2008 Cash $60.000 $50,000 Accounts receivable 550,000 500,000 Inventory 690.000 620,000 Total current assets 1,300,000 1.170,000 Fixed assets 1,300,000 1,230,000 Total assets 2,600,000 2,400,000 Accounts payable 270.000 250,000 Bank loan 580.000 500.000 Total current liabilities 850.000 750,000 Bonds payable 900,000 1,000,000 Total liabilities 1.750.000 1.750.000 Common stock (25,000 shares) 250,000 250.000 Retained earnings 600,000 400,000 Total liabilities & equity $2,600,000 $2,400,000 Note:The common shares are trading in the stock market for $100 each.</ocr>",Refer to the financial statements of Snapit Company. The firm's leverage ratio for 2009 is,"['A. 2.25.', 'B. 3.53.', 'C. 2.61.', 'D. 3.06.', 'E. None of the options']",,,,,,,,table,D,"$2,600,000/$850,000 = 3.06.",easy,multiple-choice,financial statement analysis,english,353,3,1,,,,,,,release_basic_txt,english_353,easy_multiple-choice_financial statement analysis,easy_multiple-choice
1054,english_373_1_r3,"McCaw Cellular Communications reported earnings before interest and taxes of $850 million in 1993, with a depreciation allowance of $400 million and capital expenditures of $ 550 million in that year; the working capital requirements were negligible. The earnings before interest and taxes and net cap ex are expected to grow 20% a year for the next five years. The cost of capital is 10% and the return on capital is expected to 15% in perpetuity after year 5; the growth rate in perpetuity is 5%. The firm has $10 billion in debt outstanding with the following characteristics.
<image_1>
The annualized standard deviation in the firm's stock price is 35%, while the annualized standard deviation in the traded bonds is 15%. The correlation between stock and bond prices has been 0.5 and the average debt ratio over the last few years has been 60%. The three-year bond rate is 5% and the tax rate is 40%. /n <ocr>image_1 ocr text: Duration Debt 1 year $2 billion 2 years $4 billion 5 years $4 billion</ocr>",Estimate the value of the firm.,,,,,,,,,table,"$13,386.28 million","Current free cashflow to firm = $ 850* (1-.4) – (550 – 400) = $ 700 million
<ans_image_1>
I used a reinvestment rate of 33.33% (5/15) in the terminal year.

Terminal value = 888.33/(.10-.05) = $ 17,766

Value of firm = 392.73 + 428.43 + 467.38 + 509.87 + 556.22 + 17766.60/(1.1^5) = $13,386.28 million",hard,open question,derivatives,english,373,1,1,,,,,,,release_basic_txt,english_373,hard_open question_derivatives,hard_open question
641,english_253_1_r3,"Conner McClelland is a private client financial consultant with US-based Edmonstone Wealth
Management LLC. McClelland has been engaged by Bradley and Reagan Graham to develop a
personal wealth management plan. Prior to meeting with McClelland, the Grahams filled out a
personal profile questionnaire that will be used in developing their wealth management plan.
Using information from the questionnaire, McClelland prepares Exhibit 1.
<image_1>
<image_2>
<image_3>
<image_4>
At their initial meeting, Bradley tells McClelland that he recently attended a financial
planning seminar conducted by his employer’s human resources department. One of the
presenters discussed the importance of preparing and understanding the components of an
economic balance sheet compared with a traditional balance sheet. Bradley was confused by a
few of the presenter’s comments and asks McClelland for further clarification. The presenter’s
comments were as follows:
• Real estate can be described as a personal asset, an investment asset, and a mixed asset.
• Financial capital consists of tangible and intangible assets, including both the vested and
unvested portions of an employer pension plan.
• The value of human capital relative to overall economic wealth is typically higher for an
individual in mid-career with an established earnings record than for an individual in the
early stages of his career.
As McClelland reviews insurance coverage with the Grahams, he explains that there are
various ways to manage risk. “It depends on the frequency of a risk occurring and the severity of
the potential loss. For example, consider the following two risks:
• An earthquake: This risk seldom occurs but would result in a large financial loss;
• Dental cavities: This risk arises frequently, resulting in small financial losses.”
McClelland determines that both Bradley’s and Reagan’s life insurance coverage is
inadequate. Bradley is particularly concerned about the inadequacy of his life insurance and asks
McClelland to calculate how much additional insurance he should purchase to cover him until he
retires in exactly 15 years and begins to receive his employer pension. McClelland prefers to use
the human life value method to determine the appropriate level of life insurance coverage.
Exhibit 2 contains additional personal and financial information about Bradley.
<image_5>
The Grahams mention that a primary concern is the ability to manage the risks to both their financial and human capital so that they can achieve their financial goals of maintaining a
comfortable lifestyle while having sufficient assets to purchase a vacation home, pay for their
children’s university education, and fund charitable donations.
Bradley mentions that he and Reagan have some concern about possibly outliving their assets
and that he understands annuities can help protect against this risk. He is interested in an annuity
that will provide income for as long as one of them is alive. The Grahams have average risk
tolerance and expect they will be able to adjust their spending in retirement if necessary. /n <ocr>image_1 ocr text: Exhibit 1 Graham Family:Personal and Financial Information Occupations and Family Structure Bradley is a 50-year-old electrical engineer at a major utility company. His annual income of $175,o00 is projected to increase 3% per year. He has a defined-contribution pension plan and expects to retire at age 65. Reagan is a 48-year-old pharmacist with a pharmaceutical company. Her annual income of $132,000 is projected to increase 3% per year.She has a defined-contribution pension plan and expects to retire at age 65. Prior to joining thepharmaceutical company, Reagan had a 20-year career in the Us Navy, retiring at the rank of commander. The family has two children, ages 10 and 8./nimage_2 ocr text: Financial Information Checking account $27,000 Taxable investment account 625,000 Residence 525,000 Residential mortgage 285,000 Outstanding balance on a $100,o00 home equity line of credit. 38,000 Bradley's defined-contribution plan (vested; normal retirement age for the 796,000 plan is 65) Cash value of Bradley's life insurance ($250,o00 death benefit). 67,000 Estimated present value of Bradley's future earnings 2,150,000 Reagan's defined-contribution plan (vested;normal retirement age for the 160,000 plan is 65) Present value of Reagan's military pension (vested;inflation indexed;survivor 1,320,000 benefit) Cash value of Reagan's life insurance ($250,o00 death benefit) 52,000 Estimated present value of Reagan's future earnings 1,790,000 Estimated present value of the Grahams' futureconsumption 3,700,000/nimage_3 ocr text: Aspirational and Other Goals Cost of four years of university for the two children, with an estimated present value of $350,000/nimage_4 ocr text: Purchase of a vacation home in the next five years, with an estimated present value of $325,000 Donations to charitable organizations during the next 15 years, with an estimated present value of$400,000/nimage_5 ocr text: Exhibit 2 Bradley Graham:Additional Personal and Financial Information Current annual income; salary and expenses expected to increase 3% per year $175,000 Income and payroll taxes (percentage of annual income) 30% Employer contribution to defined-contribution plan (percentage of annual 5% income) Annual family expenses attributable to Bradley 20,000 Estimated tax rate on income earned on insurance proceeds 20% Applicable discount rate 4%</ocr>","Using the data in Exhibit 1, the Grahams’ net wealth (in thousands) is closest to","['A. $2,174', 'B. $2,414', 'C. $2,795']",,,,,,,,screenshot,B,Solution: B. <ans_image_1>,hard,multiple-choice,alternative investments,english,253,1,1,,,,,,,release_basic_txt,english_253,hard_multiple-choice_alternative investments,hard_multiple-choice
1036,english_368_2_r3,"In a particular year, Aggie Mutual Fund earned a return of 15% by making the following investments in the following asset classes: <image_1>. The return on a bogey portfolio was 10%, calculated as follows: <image_2> /n <ocr>image_1 ocr text: Weight Return Bonds 10% 6% Stocks 90% 16%/nimage_2 ocr text: Weight Return Bonds (Lehman Brothers Index) 50% 5% StocksS&P500 Index 50% 15%</ocr>",The contribution of asset allocation across markets to the total excess return was,"['A. 1%.', 'B. 3%.', 'C. 4%.', 'D. 5%.']",,,,,,,,table,C,<ans_image_1>,easy,multiple-choice,portfolio management,english,368,2,1,,,,,,,release_basic_txt,english_368,easy_multiple-choice_portfolio management,easy_multiple-choice
1170,english_415_2_r3,"A stock has had the following year-end prices 
 and dividends:
 <image_1> /n <ocr>image_1 ocr text: Year Price Dividend $73.18 2 77.98 $1.15 3 69.13 1.25 4 84.65 1.36 5 91.37 1.47 6 103.66 1.60</ocr>",What are the geometric return for the stock?,,,,,,,,,table,".0894, or 8.94%","To calculate the arithmetic and geometric average returns, we must first calculate the return for each year. The return for each year is:
 R1 = ($77.98 – 73.18 + 1.15) / $73.18 = .0813, or 8.13%
 R2 = ($69.13 – 77.98 + 1.25) / $77.98 = –.0975, or –9.75%
 R3 = ($84.65 – 69.13 + 1.36) / $69.13 = .2442, or 24.42%
 R4 = ($91.37 – 84.65 + 1.47) / $84.65 = .0968, or 9.68%
 R5 = ($103.66 – 91.37 + 1.60) / $91.37 = .1521, or 15.21%
 The geometric average return was:
 RG = [(1 + .0813)(1 + –.0975)(1 – .2442)(1 + .0968)(1 + .1521)]1/5 – 1 
 RG = .0894, or 8.94%",easy,open question,corporate finance,english,415,2,1,,,,,,,release_basic_txt,english_415,easy_open question_corporate finance,easy_open question
592,english_243_2_r3,"Samuel Morse, is a senior analyst in the Balance Sheet Strategy Division of Bayside
Insurance. Morse has been asked to contrast the merits of cash flow matching and duration
matching. Bayside presently uses both strategies, but given the recent increase in volatility in US
interest rates over the last month, Bayside’s management wants to better prepare for future
opportunities.
Morse also considers the use of derivatives to manage interest rate risk. This would be a new
strategy for Bayside. Morse determines the number of bond futures needed to immunize the
overall interest rate risk exposure of the company. The basis point value (BPV) for the asset
portfolio is 48,000, while the liability portfolio has a BPV of 22,000. To facilitate her analysis,
Morse compiles the additional information related to bond futures shown in Exhibit 1.
<image_1>
Morse intends to construct sample portfolio structures by shifting the allocations between
three tenors of bullet government bonds: 2-year, 10-year and 30-year US Treasury securities. The
allocations in the sample portfolios are shown in Exhibit 2. The expected return estimates for the
2- and 30-year bonds, which are shown in Exhibit 3.
<image_2>
<image_3>
Morse interviews Horace Mann to assist him in evaluating fixed-income funds and securities
for the bank’s fixed-income offerings. Morse shows his the following financial data of three funds
presented in Exhibit 4 and asks him to review each fund. Mann assumes that there is no
reinvestment income and the yield curve remains unchanged in the preliminary review of each
fund.
Morse interviews Horace Mann to assist him in evaluating fixed-income funds and securities
for the bank’s fixed-income offerings. Morse shows his the following financial data of three funds
presented in Exhibit 4 and asks him to review each fund. Mann assumes that there is no
reinvestment income and the yield curve remains unchanged in the preliminary review of each
fund.
<image_4>
Morse
recommends Treasuries from the existing portfolio that he believes are overvalued and
will generate capital gains. Mann asks Morse why he chose only overvalued bonds with capital
gains and did not include any bonds with capital losses. Morse responds with two statements.
Statement 1
Taxable investors should prioritize selling overvalued bonds and always sell them
before selling bonds that are viewed as fairly valued or undervalued.
Statement 2
Taxable investors should never intentionally realize capital lo sses. /n <ocr>image_1 ocr text: Exhibit1 5-Year T-Note Modified duration 4.72 BPV per 100,000 in par value 44.8 Conversion factor for cheapest-to-deliver 0.8/nimage_2 ocr text: Exhibit 2 Sample Portfolio Allocation Sample Portfolio 2-year 10-year 30-year 1 50% 0% 50% 2 20% 70% 10% 3 40% 30% 30%/nimage_3 ocr text: Exhibit3 2-year 10-year Annual coupon payment 4.75 6.00 Current bond price 100 100 Expected price in one year 101.05 101.00/nimage_4 ocr text: Exhibit 4 Selected Data on Global Bond Portfolio Current average bond price 97 Expected average bond price in one year (end of Year 1) 97.5 Average annual coupon payment 2 Average bond convexity 0.30 Average bond modified duration 4.25 Expected average yield and yield spread change 0.20% Expected credit losses 0.20% Expected currency gains (Us$ appreciation 0.30%</ocr>",The number of five-year T-note futures contracts required to be sold in order to rebalance the immunizing portfolio is closest to,"['A. 329 contracts', 'B. 464 contracts', 'C. 501 contracts']",,,,,,,,table,B,"Solution: B.
With derivative overlay strategies, in order to calculate the number of contracts needed, the
futures BPV must be adjusted to reflect the conversion factor:
Futures BPV = Note BPV / Conversion Factor
44.8/0.8=56
Number of contracts = (Asset BPV–Liability BPV) / Futures BPV
(48,000-22,000)/56=464.286",hard,multiple-choice,derivatives,english,243,2,1,,,,,,,release_basic_txt,english_243,hard_multiple-choice_derivatives,hard_multiple-choice
565,english_237_3_r3,"Garrison Investments is a money management firm focusing on endowment management for
small colleges and universities. Over the past 20 years, the firm has primarily invested in U.S.
securities with small allocations to high quality long-term foreign government bonds. Garrison’s
largest account, Point University, has a market value of $800 million and an asset allocation as
detailed in Figure 1. 
<image_1>
Garrison recently convinced the board of trustees at Point University that the endowment
should allocate a portion of the portfolio to European equities. The board has agreed to the plan
but wants the allocation to international equities to be a short-term tactical move. Managers at
Garrison have put together the following proposal for the reallocation:
To minimize trading costs while gaining exposure to international equities, the
portfolio can use futures contracts on the domestic 12-month mid-cap equity index and
on the 12-month European equity index. This strategy will temporarily exchange $80
million of U.S. mid-cap exposure for European equity index exposure. Relevant data on
the futures contracts are provided in Figure 2.
<image_2>
Three months after proposing the international diversification plan, Garrison was able to
persuade Point University to make a direct short-term investment in Haikuza International (HI), a
Japanese electronics firm. Analysts at Garrison have regressed the historical returns of the HI
stock with changes in value of the yen. When the HI returns are measured in U.S. dollars, the
regression slope coefficient is +0.80.
The managers at Garrison are discussing other factors that may be considered if they
continue to diversify into foreign markets. The following statements are made:
Statement 1: The minimum variance hedge ratio is riskier than a simple direct one-for-one
hedge ratio because it depends on the correlation between asset and currency returns.
• Statement 2: An alternative to selling the yen forward to implement the HI currency hedge
would be to buy calls on the USD. This would protect the portfolio from currency risk while
still retaining potential currency upside. Unfortunately, it will have a higher initial cost. /n <ocr>image_1 ocr text: Figure 1:Point University Asset Allocation Asset Class Allocation Dividend/Coupon* Beta Large cap equities 40% 2.0% 1.0 Mid cap equities 25% 1.2% 1.3 Small cap equities 15% 0.9% 1.5 U.S.Bonds 10% 5.0% 0 U.K.Bonds 5% 4.7% 0 German Bonds 5% 4.0% 0 European Index 0% 1.8% 1.2 *Bond coupon payments are all semiannual./nimage_2 ocr text: Figure 2:Mid-cap Index and European Index Futures Data Futures Contract Price Beta Multiplier Mid-cap Index $908 1.10 250 European Index $2,351 1.05 50</ocr>","Which of the following is the correct short position in yen the managers at Garrison will execute to implement a minimum variance hedge for a JPY 200,000,000 currency exposure","['A. 40 million', 'B. 160 million', 'C. 240 million']",,,,,,,,table,B,"Solution: B.
The slope coefficient for a regression of the foreign asset returns measured in the investor’s
domestic currency (USD) is the MVHR. JPY 200,000,000 × 0.8 = JPY 160,000,000.",hard,multiple-choice,equity,english,237,3,1,,,,,,,release_basic_txt,english_237,hard_multiple-choice_equity,hard_multiple-choice
1141,english_400_1_r3,"This problem is useful for testing the ability of financial calculators and computer software. Consider the following cash flows.
 <image_1> /n <ocr>image_1 ocr text: Year Cash Flow 0 $2,016 11,448 2 24,280 3 22,800 4 8,000</ocr>",How many different IRRs are there? (Hint: Search between 20 percent and 70 percent.),,,,,,,,,table,four,"The equation for the IRR of the project is:
 0 = –$2,016 + $11,448 / (1 + IRR) – $24,280 / (1 + IRR)^{2} + $22,800 / (1 + IRR)^{3} – $8,000 / (1 + IRR)^{4}
 Using Descartes’ rule of signs, from looking at the cash flows we know there are four IRRs for this project. Even with most computer spreadsheets, we have to do some trial and error. From trial and error, IRRs of 25%, 33.33%, 42.86%, and 66.67% are found.",medium,open question,corporate finance,english,400,1,1,,,,,,,release_basic_txt,english_400,medium_open question_corporate finance,medium_open question
1086,english_384_1_r3,"Wilkinson Co. has identified an investment 
 project with the following cash flows.
 <image_1> /n <ocr>image_1 ocr text: Year Cash Flow $ 675 2 880 3 985 4 1,530</ocr>","If the discount rate is 10 percent, what is the 
 present value of these cash flows?",,,,,,,,,table,"$3,125.96","The time line is:
 <ans_image_1>
 To solve this problem, we must find the PV of each cash flow and add them. To find the PV of a lump sum, we use:
 PV = FV / (1 + r)^{t}
 PV@10% = $675 / 1.10 + $880 / 1.10^{2} + $985 / 1.10^{3} + $1,530 / 1.10^{4} = $3,125.96",easy,open question,corporate finance,english,384,1,1,,,,,,,release_basic_txt,english_384,easy_open question_corporate finance,easy_open question
1373,english_484_1_r3,"A driver entering into a car lease agreement can obtain the right to buy the car in 4 years for $10,000. The current value of the car is $30,000. The value of the car, S, is expected to follow the process $dS = \mu S dt + \sigma S dz$, where $\mu = -0.25, \sigma = 0.15$, and $dz$ is a Wiener process. The market price of risk for the car price is estimated to be -0.1. Consider the BSM formula described in the image.<image_1> /n <ocr>image_1 ocr text: APPENDIX PROOF OFTHE BLACK-SCHOLES-MERTON FORMULA USING RISK-NEUTRAL VALUATION We will prove the Black-Scholes result by first proving another key result that will also be useful in future chapters Key Result If Vis lognormally distributed and the standard deviation of ln V is w,then E[maxV=K,0]=EVNd-KNd (15A.1) where In[EV/K]+w2/2 d1 W ln[EV/K]-w2/2 M and E denotes the expected value. (See Problem 15.37 for a similar result for puts.</ocr>",What is the value of the option? Assume that the risk-free rate for all maturities is 6\%.,,,,,,,,,screenshot,"$1,832","The expected growth rate of the car price in a risk-neutral world is $-0.25-(-0.1*0.15) = -0.235$ The expected value of the car in a risk-neutral world in four years, $\hat{E}(S_T)$, is therefore $30,000e^{-0.235*4} = \$ 11,719$. Using the result in the given picture, the value of the option is $e^{-rT}[\hat{E}(S_T)N(d_1)-KN(d_2)]$, where \\
 $d_1 = \frac{ln(\hat{E}(S_T)/K)+\sigma^2 T/2}{\sigma \sqrt{T}}$\\
 $d_2 = \frac{ln(\hat{E}(S_T)/K)-\sigma^2 T/2}{\sigma \sqrt{T}}$\\
 r = 0.06, $\sigma = 0.15$, T = 4, and K = 10,000. It is \$1,832.",hard,open question,derivatives,english,484,1,1,,,,,,,release_basic_txt,english_484,hard_open question_derivatives,hard_open question
303,english_180_2_r3,"The Ptolemy Foundation was established to provide financial assistance for education in the field of astronomy. Tom Fiske, the foundation’s chief investment officer, and his staff of three analysts use a top-down process that begins with an economic forecast, assignment of asset class weights, and selection of appropriate index funds. The team meets once a week to discuss a variety of topics ranging from economic modeling, economic outlook, portfolio performance, and investment opportunities, including those in emerging markets.
At the start of the meeting, Fiske asks the analysts, Len Tuoc, Kim Spenser, and Pier Poulsen, to describe The Ptolemy Foundation was established to provide financial assistance for education in the field of astronomy. Tom Fiske, the foundation’s chief investment officer, and his staff of three analysts use a top-down process that begins with an economic forecast, assignment of asset class weights, and selection of appropriate index funds. The team meets once a week to discuss a variety of topics ranging from economic modeling, economic outlook, portfolio performance, and investment opportunities, including those in emerging markets.
At the start of the meeting, Fiske asks the analysts, Len Tuoc, Kim Spenser, and Pier Poulsen, to describe and justify their different approaches to economic forecasting. They reply as follows.
Tuoc: I prefer econometric modeling. Robust models built with detailed regression analysis can help predict recessions well because the established relationships among the variables seldom change.
Spenser: I like the economic indicators approach. For example, the composite of leading economic indicators is based on an analysis of its forecasting usefulness in past cycles. They are intuitive, simple to construct, require only a limited number of variables, and third-party versions are also available.
Poulsen: The checklist approach is my choice. This straightforward approach considers the widest range of data. Using simple statistical method, such as time-series analysis, an analyst can quickly assess which measures are extreme. This approach relies less on subjectivity and is less time-consuming.”
The team then discusses what the long-term growth path for US GDP should be in the aftermath of exogenous shocks because of the financial crisis that began in 2008. They examine several reports from outside sources and develop a forecast for aggregate trend growth using the simple labor-based approach and appropriate data chosen from the items in Exhibit 1.


<image_1>

Upon a review of the portfolio and his discussion with the investment team, Fiske determines a need to increase US large-cap equities. He prefers to forecast the average annual return for US large-cap equities over the next 10 years using the Grinold–Kroner model and the data in Exhibit 2.

<image_2>

The analysts think that adding to US Treasuries would fit portfolio objectives, but they are concerned that the US Federal Reserve Board is likely to raise the fed funds rate soon. They assemble the data in Exhibit 3 in order to use the Taylor rule (giving equal weights to inflation and output gaps) to help predict the Fed’s next move with respect to interest rates.

<image_3>
To assess the attractiveness of emerging market equities, Fiske suggests that they use the data in Exhibit 4 and determine the expected return of small-cap emerging market equities using the Singer–Terhaar approach.

<image_4>
Finally, after examining data pertaining to the European equity markets, the investment team believes that there are attractive investment opportunities in selected countries. Specifically, they compare the recent economic data with long-term average trends in three different countries, shown in Exhibit 5.

<image_5> /n <ocr>image_1 ocr text: Exhibit 1: 10-Year Forecast of Us Macroeconomic Data Growth in real consumer spending 3.10% Yield on 10-year Treasury bonds. 2.70% Growth in potential labor force 1.90% Growth in total factor productivity 0.50% Growth in labor force participation 0.3% Growth in labor productivity 1.40% Change in trade deficit. 0.5%/nimage_2 ocr text: Exhibit 2: Current and Expected Market Statistics, US Large-Cap Equities Expected dividend yield 2.10% Expected inflation rate 2.30% Expected repurchase yield 1.00% Current P/E 15.6 Expected real earnings growth 2.60% Expected P/E 10 years prior 15/nimage_3 ocr text: Exhibit 3:Current Data and Forecasts from the Fed Statistic Status Value (%) Current 3 Fed funds rate Neutral 2.5 Trend 4.5 GDP growth rate Forecast 3 Target 2.5 Inflation Forecast 3.2/nimage_4 ocr text: Exhibit 4:Data for Analyzing Emerging Markets Standard Correlation Degree of Asset Class Deviation Integration with GIM with GIM Emerging small-cap equity 23% 0.85 65% Global investable market (GiM) 7.00% Additional information Risk-free rate:2.5% Illiquidity premium: 60 bps Sharpe ratio for GlM and emerging small-cap equity:0.31/nimage_5 ocr text: Exhibit 5: Relationship of Current Economic Data to Historical Trends: Selected European Countries Ireland Spain Hungary Production Above trend, declining Well above trend Below trend, rising Inflation Above trend, declining Average, rising Below trend, stable Capacity utilization Above trend Average, rising Below trend Confidence Average, declining Well above trend Below trend, rising Fiscal/monetary policies Cautionary Stimulatory Restrictive</ocr>","Using the data in Exhibit 1 and the labor-based method chosen by the team, the most likely estimate for the 10-year annual GDP growth is:","['A. 3.5%.', 'B. 3.6%.', 'C. 3.0%.']",,,,,,,,screenshot,C,"Answer = C. The simplest way to analyze an economy's aggregate trend growth is to split it into
growth from changes in employment (growth from labor inputs), and
growth from changes in labor productivity.
For longer-term analysis, growth from changes in employment is broken down further into growth in the size of the potential labor force and growth in the actual labor force participation rate. <ans_image_1>",hard,multiple-choice,economics,english,180,2,1,,,,,,,release_basic_txt,english_180,hard_multiple-choice_economics,hard_multiple-choice
835,english_324_5_r3,"Here are the most recent balance sheets for Country Kettles, Inc. Excluding accumulated depreciation<image_1> /n <ocr>image_1 ocr text: COUNTRYKETTLES.INC Balance Sheet 2015 2016 Assets Cash $48,180 $45,815 Accounts receivable 100,155 105,413 Inventories 83,600 89,716 Property,plant and equipment 225,992 249,086 Less: Accumulated depreciation 77194 (85,579) Total assets $380,733 $404,451 Liabilities and Equity Accounts payable $72,522 $50,396 Accrued expenses 10,980 9,840 Long-term debt 49,500 45,000 Common stock 25,000 30,000 Accumulated retained earnings 222,731 269,215 Total liabilities and equity $380,733 $404,451</ocr>","Determine whether item Accounts payable is a source or a use of cash, and the amount.",,,,,,,,,table,"Use, –$22,126","$ 50,396-$ 72,522 = -$22,196<0",easy,open question,financial statement analysis,english,324,5,1,,,,,,,release_basic_txt,english_324,easy_open question_financial statement analysis,easy_open question
68,english_62_1_r3,<ocr>image_1 ocr text: Forward Year Interest Rate 0 (today)6% 1 7% 2 9% 3 10%</ocr>,Suppose that all investors expect that interest rates for the 4 years will be as follows: <image_1> What is the yield to maturity of a 3-year zero-coupon bond?,"['A. 7.03%', 'B. 9.00%', 'C. 6.99%', 'D. 7.49%', 'E. None of the options are correct']",,,,,,,,table,C,<ans_image_1>,easy,multiple-choice,fixed income,english,62,1,1,,,,,,,release_basic_txt,english_62,easy_multiple-choice_fixed income,easy_multiple-choice
38,english_32_1_r3,<ocr>image_1 ocr text: State Probability Return on Stock A Return on Stock B 1 0.10 10% 8% 2 0.20 13% 7% 3 0.20 12% %9 4 0.30 14% 9% 5 0.20 15% 8%</ocr>,Consider the following probability distribution for stocks A and B: <image_1> Which of the following portfolio(s) is(are) on the efficient frontier?,"['A. The portfolio with 20 percent in A and 80 percent in B', 'B. The portfolio with 15 percent in A and 85 percent in B', 'C. The portfolio with 26 percent in A and 74 percent in B', 'D. The portfolio with 10 percent in A and 90 percent in B', 'E. A and B are both on the efficient frontier']",,,,,,,,table,C,"The Portfolio's E(Rp), sp, Reward/volatility ratios are 20A/80B: 8.8%, 1.05%, 8.38; 15A/85B: 8.53%, 1.06%,
8.07; 26A/74B: 9.13%, 1.05%, 8.70; 10A/90B: 8.25%, 1.07%, 7.73. The portfolio with 26% in A and 74% in B
dominates all of the other portfolios by the mean-variance criterion.",medium,multiple-choice,portfolio management,english,32,1,1,,,,,,,release_basic_txt,english_32,medium_multiple-choice_portfolio management,medium_multiple-choice
1114,english_393_3_r3,"Consider the following cash flows on two mutually exclusive projects for the Bahamas Recreation Corporation (BRC). Both projects require an annual return of 14 percent.
 <image_1>
 As a financial analyst for BRC, you are asked the following questions: /n <ocr>image_1 ocr text: Year Deepwater Fishing New Submarine Ride 0 $850,000 $1,650,000 1 320,000 810,000 2 470,000 750,000 3 410,000 690,000</ocr>","To be prudent, you compute the NPV for both projects. Which project should you 
 choose?",,,,,,,,,table,submarine ride project,"The NPV is the sum of the present value of the cash flows from the project, so the NPV of each project will be:
 Deepwater Fishing:
 NPV = –$850,000 + $320,000 / 1.14 + $470,000 / 1.14^{2} + $410,000 / 1.14^{3} 
 NPV = $69,089.81
 Submarine Ride:
 NPV = –$1,650,000 + $810,000 / 1.14 + $750,000 / 1.14^{2} + $690,000 / 1.14^{3} 
 NPV = $103,357.31
 Since the NPV of the submarine ride project is greater than the NPV of the deepwater fishing project, choose the submarine ride project.",easy,open question,corporate finance,english,393,3,1,,,,,,,release_basic_txt,english_393,easy_open question_corporate finance,easy_open question
1023,english_363_4_r3,The following data are available relating to the performance of Monarch Stock Fund and the market portfolio: <image_1> /n <ocr>image_1 ocr text: Monarch Market Portfolig Average Return 16% 12% Standard Deviation of Returns 26% 22% Beta 1.15 1.00 Residual Standard Deviation 1% 0%</ocr>,The risk-free return during the sample period was 4%. Calculate Jensen's measure of performance for Monarch Stock Fund.,"['A. 1.00%', 'B. 2.80%', 'C. 44.00%', 'D. 50.00%']",,,,,,,,table,B,16 - [4 + 1.15 (12 - 4)] = 2.80%.,easy,multiple-choice,portfolio management,english,363,4,1,,,,,,,release_basic_txt,english_363,easy_multiple-choice_portfolio management,easy_multiple-choice
768,english_305_5_r3,"Fountain Corporation’s economists estimate that a good business environment and a bad business environment are equally likely for the coming year. The managers of the company must choose between two mutually exclusive projects. Assume that the project the company chooses will be the firm’s only activity and that the firm will close one year from today. The company is obligated to make a $3,500 payment to bondholders at the end of the year. The projects have the same systematic risk but different volatilities. Consider the following information pertaining to the two projects: <image_1> /n <ocr>image_1 ocr text: Low-Volatility High-Volatility Economy Probability Project Payoff Project Payoff Bad .50 $3,500 $2,900 Good .50 3,700 4,300</ocr>",What is the expected value of the company’s equity if the high-volatility project is undertaken?,,,,,,,,,table,$400,"And the value of the company if the high-volatility project is undertaken will be:
Expected value of equity with high-volatility project = .50($0) + .50($800) Expected value of equity with high-volatility project = $400",easy,open question,equity,english,305,5,1,,,,,,,release_basic_txt,english_305,easy_open question_equity,easy_open question
534,english_230_4_r3,"The Azur fund is a sovereign wealth fund valued at USD792 billion located in the country of
Azurbikan. Azurbikan is a member of OPEC petroleum exporting countries with the main funding
source of the fund being oil exports.
Noir Rashwan, is the managing director ofthe fund and is currently meeting with the
board of directors of the fund, consisting of representatives from various goverment
departments, business leaders, and other stakeholders. Her agenda is to discuss concerns
regarding low oil prices and how that affects the country's wealth in its concentrated position in
oil, a proposed change to the fund's strategic asset allocation to increase the overall return of
the fund in response to the low price of oil, and divestiture of some real estate assets to capture
gains. Rashwan first presents the current and proposed asset allocations shown below.
<image_1>
She explains to the board of directors that since the fund has low liquidity needs the
proposed strategic asset allocation will allow the skilled submanagers to add value through
active management of the non-traditional assets.
In 2008, many of the fund's foreign investments that were purchased at the peak of the real
estate market lost substantial amounts of value. Some of those real estate values have since
rebounded and are currently above the purchase price. Rashwan proposes to sell the fund's USD
100 million stake in a hotel located in the United States in South Beach Miami. Zein Minkara,
president of a major pharmaceutical company, states, ""We should sell now to lock in the gains,
avoiding the substantial and painfullosses that many of our real estate holdings experienced
during the last global recession."" The hotel property value has a pre-tax standard deviation of 13%
and would be subject to a 20% capital gains tax.
Regarding the low price of oil, Jamal Zayat, Sultan of Azurbikan, states, ""Since we're part of
OPEC, a consortium of oil exporting nations, we should agree to restrict the world supply of oil, thus propping up its price as we've been able to do in the past."" Siham Atallah, chairman of the
central bank of Azurbikan, discusses changes in the economic environment of oil production
putting downward pressure on oil prices. These changes include reduced demand in gasoline
through greater fuel-efficient cars, weak economies of Europe and developing countries, and the
development of new technologies allowing countries to extract oil and natural gas from areas
that were once unprofitable.
Atallah ends with a summary of short-term capital market expectations:
• “Overall global GDP is expected to grow at a moderate pace,
• the yield curve is expected to flatten with shor-term rates increasing while long-term rates
remain steady,
• yield spreads are exceedingly high, and
• global real estate values are showing signs of overvaluation in some markets."" /n <ocr>image_1 ocr text: CurrentAsset Proposed asset Allocation Allocation Cash 4% Domestic government bonds 20% 1% Domestic corporate bonds 10% 2% Global bonds 10% 2% Domesticequity 35% %6 Global equities 10% 12% Real estate 15% 10% Infrastructure 10% Hedge funds 17% Private equity 33%</ocr>","After implementing the new strategic asset allocation, the pre-tax rebalancing range for real estate is now 5% to 15%. The after-tax rebalancing range for the sovereign wealth fund's allocation to real estate is closest to","['A. 7.25% to 12.75%', 'B. 5.00% to 15.00%', 'C. 3.75% to 16.25%']",,,,,,,,table,C,"Solution: C.
Pre-tax allowable deviation is 15% - 10% = 5% or 10% - 5% = 5%.
Post-tax deviation = 5% / (1 - t) = 5% / (1 -0.2) = 6.25% for a range of 3.75% to 16.25%",hard,multiple-choice,portfolio management,english,230,4,1,,,,,,,release_basic_txt,english_230,hard_multiple-choice_portfolio management,hard_multiple-choice
855,english_331_2_r3,"The shareholders of Flannery Company have voted in favor of a buyout offer from Stultz Corporation. Information about each firm is given here:<image_1>Flannery’s shareholders will receive one share of Stultz stock for every three shares they hold in Flannery. /n <ocr>image_1 ocr text: Flannery Stultz Price-earnings ratio 6.35 12.70 Shares outstanding 73,000 146,000 Earnings $230,000 $690,000</ocr>",What will the PE ratio be if the NPV of the acquisition is zero?,,,,,,,,,table,11.11,"The market price of Stultz will remain unchanged if it is a zero NPV acquisition. Using the PE ratio, we find the current market price of Stultz stock, which is:
P = 12.7($690,000) / 146,000 
P = $60.02
If the acquisition has a zero NPV, the stock price should remain unchanged. Therefore, the new PE will be:
PE = $60.02 / $5.401 PE = 11.11",medium,open question,corporate finance,english,331,2,1,,,,,,,release_basic_txt,english_331,medium_open question_corporate finance,medium_open question
1174,english_416_4_r3,<image_1> /n <ocr>image_1 ocr text: State of Probability of Rate of Return if State Occurs Economy State of Economy Stock A Stock B Recession .30 .06 .20 Normal .55 .07 .13 Boom .15 .11 .33</ocr>,Calculate the standard deviation for Stock B.,,,,,,,,,table,".1841, or 18.41%","To calculate the standard deviation, we first need to calculate the variance. To find the variance, we find the squared deviations from the expected return. We then multiply each possible squared deviation by its probability, and then add all of these up. The result is the variance. So, the variance and standard deviation of Stock B are:
 <ans_image_2>",easy,open question,equity,english,416,4,1,,,,,,,release_basic_txt,english_416,easy_open question_equity,easy_open question
1333,english_464_1_r3,"Answer the following questions concerned with the alternative procedures for constructing trees in the following images <image_1><image_2><image_3><image_4><image_5><image_5><image_6><image_7>: /n <ocr>image_1 ocr text: 21.4 ALTERNATIVE PROCEDURES FOR CONSTRUCTING TREES The Cox, Ross, and Rubinstein approach described so far is not the only way of building a binomial tree. The change in ln S in time At in a risk-neutral world has mean (r - q  2/2)t and standard deviation oVt. These can be matched by setting p = 0.5 and u = e(r-q-o2/2)At+oVt d=e(r-q-o/2)At-oVt This alternative tree-building procedure has the advantage over the Cox, Ross, and/nimage_2 ocr text: Rubinstein approach that the probabilities are always 0.5 regardless of the value of  or the number of time steps.8 Its disadvantage is that it is not quite as straightforward to calculate delta, gamma, and theta from the tree because the tree is no longer centered at the initial stock price Example 21.6 Consider a 9-month American call option on a foreign currency. The foreign currency is worth 0.7900 when measured in the domestic currency,the strike price is 0.7950, the domestic risk-free interest rate is 6% per annum, the foreign risk-free interest rate is 10% per annum, and the volatility of the exchange rate is 4% per annum.In this caseSo=0.79K=0.795r=0.06,r=0.10=0.04,and/nimage_3 ocr text: exercising and the value of continuing.The value of continuing is e-rAt(Pufu+Pmfm+ Pdfd) where fufm,and fa are the values of the option at the subsequent up, middle, and down nodes,respectively. The trinomial tree approach proves to be equivalent to the explicit finite difference method, which will be described in Section 21.8.. Figlewski and Gao have proposed an enhancement of the trinomial tree method, which they call the adaptive mesh model.In this, a high-resolution (small-t) tree is grafted onto a low-resolution (large-t) tree.9 When valuing a regular American. option,high resolution is most useful for the parts of the tree close to the strike price at the end of the life of the option./nimage_4 ocr text: Figure21.12 Trinomial stock price tree. Sou Sou2 Sou2 Sou Sou Sou So So So Sod Sod Sod2/nimage_5 ocr text: T = 0.75. Using the alternative tree-building procedure, we set t = 0.25 (3 steps) and the probabilities on each branch to 0.5, so that The tree for the exchange rate is shown in Figure 21.11.The tree gives the value of the option as$0.0026/nimage_6 ocr text: Figure 21.11Binomial tree for American call option on a foreign currency. At each node, upper number is spot exchange rate and lower number is option price. All probabilities are 0.5. At each node: Upper value =Underlying Asset Price Lower value = Option Price Shading indicates where option is exercised Strike price=0.795 Discount factor per step=0.9851 Time step,dt =0.2500 years, 91.25 days Probability of up move,p=0.5000 0.8136 0.0186 0.8056 0.0106 0.7978 0.7817 0.0052 0.0000 0.7900 0.7740 0.0026 0.0000 0.7665 0.7510 0.0000 0.0000 0.7437 0.0000 0.7216 0.0000 Node Time: 0.0000 0.2500 0.5000 0.7500/nimage_7 ocr text: Trinomial Trees Trinomial trees can be used as an alternative to binomial trees.The general form of the tree is as shown in Figure 21.12. Suppose that Pu Pm, and Pd are the probabilities of up, middle, and down movements at each node and t is the length of the time step For an asset paying dividends at a rate q,parameter values that match the mean and standard deviation of changes in In S are V3t =p A 2 A 1 Pm Pu 3' 6 Calculations for a trinomial tree are analogous to those for a binomial tree.We work from the end of the tree to the beginning.At each node we calculate the value of</ocr>",Is the binomial model exactly consistent with the mean and variance of the change in the logarithm of the stock price in time $\bigtriangleup t$?,,,,,,,,,screenshot,Yes.,"For the binomial model, there are two equally likely changes in the logarithm of the stock price in a time step of length $\bigtriangleup t$. 
 These are $(r-\sigma^2 /2)\bigtriangleup t + \sigma \sqrt{\bigtriangleup t}$ and $(r-\sigma^2 /2)\bigtriangleup t - \sigma \sqrt{\bigtriangleup t}$ . \\
 The expected change in the logarithm of the stock price is
 $0.5 [(r-\sigma^2 /2)\bigtriangleup t + \sigma \sqrt{\bigtriangleup t}] + 0.5 [(r-\sigma^2 /2)\bigtriangleup t - \sigma \sqrt{\bigtriangleup t}] = (r-\sigma^2 /2)\bigtriangleup t$\\
 This is correct. The variance of the change in the logarithm of the stock price is $0.5 \sigma ^2 \bigtriangleup t + 0.5\sigma^2 \bigtriangleup t = \sigma^2 \bigtriangleup t$\\
  This is correct.",hard,open question,derivatives,english,464,1,1,,,,,,,release_basic_txt,english_464,hard_open question_derivatives,hard_open question
1252,english_433_1_r3,"Suppose stock returns can be explained by a two-factor model. The firm-specific risks for all stocks are independent. The following table shows the 
 information for two diversified portfolios:
 <image_1> /n <ocr>image_1 ocr text: B, B2 E(R) Portfolio A .85 1.15 16% Portfolio B 1.45 .25 12</ocr>","If the risk-free rate is 4 percent, what are the risk premiums for β1 in this model?",,,,,,,,,table,6.49%,"We can express the multifactor model for each portfolio as:
 E(RP ) = RF + β1F1 + β2F2
 where F1 and F2 are the respective risk premiums for each factor. Expressing the return equation for each portfolio, we get:
 16% = 4% + .85F1 + 1.15F2
 12% = 4% + 1.45F1 – .25F2
 We can solve the system of two equations with two unknowns. Multiplying each equation by the respective F2 factor for the other equation, we get:
 4.00% = 1.0% + .2125F1 + .2875F2
 13.8% = 4.6% + 1.6675F1 – .2875F2
 Summing the equations and solving F1 for gives us:
 17.8% = 5.6% + 1.88F1
 F1 = 6.49%",easy,open question,portfolio management,english,433,1,1,,,,,,,release_basic_txt,english_433,easy_open question_portfolio management,easy_open question
1032,english_367_1_r3,"In a particular year, Razorback Mutual Fund earned a return of 1% by making the following investments in asset classes: <image_1>. The return on a bogey portfolio was 2%, calculated from the following information. <image_2> /n <ocr>image_1 ocr text: Weight Return Bonds 20% 5% Stocks 80% 0%/nimage_2 ocr text: Weight Return Bonds (Lehman Brothers Index) 50% 5% StocksS&P 500Index 50% -1%</ocr>",The total excess return on the Razorback Fund's managed portfolio was,"['A. -1.80%.', 'B. -1.00%.', 'C. 0.80%.', 'D. 1.00%.']",,,,,,,,table,B,1% - 2% = -1%.,easy,multiple-choice,portfolio management,english,367,1,1,,,,,,,release_basic_txt,english_367,easy_multiple-choice_portfolio management,easy_multiple-choice
119,english_113_1_r3,"<ocr>image_1 ocr text: Midwest Tours Income Statement 2009 Sales $2,500,000 1,260,000 Gross profit 1,240,000 Selling & administrative expenses 700,000 Operating profit 540,000 Interest expense 160,000 Income before tax 380,000 Tax expense 152,000 Net income $ 228,000/nimage_2 ocr text: Balance Sheet 2009 2008 Cash $ 60,000 $ 50,000 Accounts receivable 500,000 450,000 Inventory 300,000 270,000 Total current assets $ 860,000 $ 770,000 Fixed assets 2,180,000 2,000,000 Total assets $3,040,000 $2,770,000 Accounts Payable $ 200,000 $ 170,000 Bank loan 460,000 440,000 Total current liabilities $ 660,000 $ 610,000 Bond payable 860,000 860,000 Total liabilities $1,520.000 $1.470,000 Common stock130,000 shares $ 120,000 $ 120,000 Retained earnings 1,400.000 1,300,000 Total liabilities &equity $3,040,000 $2,890,000</ocr>",The financial statements of Midwest Tours are given below. <image_1> <image_2> Note: The common shares are trading in the stock market for $36 each. Refer to the financial statements of Midwest Tours. The firm's market-to-book value for 2009 is,"['A. 0.24', 'B. 0.95', 'C. 0.71', 'D. 1.12']",,,,,,,,table,C,<ans_image_1>,easy,multiple-choice,financial statement analysis,english,113,1,1,,,,,,,release_basic_txt,english_113,easy_multiple-choice_financial statement analysis,easy_multiple-choice
1275,english_441_1_r3,"The Veblen Company and the Knight Company are identical in every respect except that Veblen is not levered. The market value of Knight Company’s 6 percent bonds is $1.4 million. Financial information for the two firms appears here. All earnings streams are perpetuities. Neither firm pays taxes. Both firms distribute all earnings available to common stockholders immediately.<image_1> /n <ocr>image_1 ocr text: Veblen Knight Projected operating income $580,000 $580,000 Year-end interest on debt 84,000 Market value of stock 4,500,000 3,450,000 Market value of debt 1,400,000</ocr>",An investor who can borrow at 6 percent per year wishes to purchase 5 percent of Knight’s equity. Can he increase his dollar return by purchasing 5 percent of Veblen’s equity if he borrows so that the initial net costs of the two strategies are the same?,,,,,,,,,table,Yes.,"To purchase 5 percent of Knight’s equity, the investor would need:
 Knight investment = .05($3,450,000) 
 Knight investment = $172,500
 And to purchase 5 percent of Veblen without borrowing would require:
 Veblen investment = .05($4,500,000) 
 Veblen investment = $225,000
 In order to compare dollar returns, the initial net cost of both positions should be the same. Therefore, the investor will need to borrow the difference between the two amounts, or:
 Amount to borrow = $225,000 – 172,500 
 Amount to borrow = $52,500
 An investor who owns 5 percent of Knight’s equity will be entitled to 5 percent of the firm’s earnings available to common stock holders at the end of each year. While Knight’s expected operating income is $580,000, it must pay $84,000 to debt holders before distributing any of its earnings to stockholders. So, the amount available to this shareholder will be:
 Cash flow from Knight to shareholder = .05($580,000 – 84,000) 
 Cash flow from Knight to shareholder = $24,800
 Veblen will distribute all of its earnings to shareholders, so the shareholder will receive:
 Cash flow from Veblen to shareholder = .05($580,000) 
 Cash flow from Veblen to shareholder = $29,000
 However, to have the same initial cost, the investor has borrowed $52,500 to invest in Veblen, so interest must be paid on the borrowings. The net cash flow from the investment in Veblen will be:
 Net cash flow from Veblen investment = $29,000 – .06($52,500) 
 Net cash flow from Veblen investment = $25,850
 For the same initial cost, the investment in Veblen produces a higher dollar return.",hard,open question,corporate finance,english,441,1,1,,,,,,,release_basic_txt,english_441,hard_open question_corporate finance,hard_open question
833,english_324_3_r3,"Here are the most recent balance sheets for Country Kettles, Inc. Excluding accumulated depreciation<image_1> /n <ocr>image_1 ocr text: COUNTRYKETTLES.INC Balance Sheet 2015 2016 Assets Cash $48,180 $45,815 Accounts receivable 100,155 105,413 Inventories 83,600 89,716 Property,plant and equipment 225,992 249,086 Less: Accumulated depreciation 77194 (85,579) Total assets $380,733 $404,451 Liabilities and Equity Accounts payable $72,522 $50,396 Accrued expenses 10,980 9,840 Long-term debt 49,500 45,000 Common stock 25,000 30,000 Accumulated retained earnings 222,731 269,215 Total liabilities and equity $380,733 $404,451</ocr>","Determine whether item Inventories is a source or a use of cash, and the amount.",,,,,,,,,table,"Use, –$6,116","$83,600-$89,716 = -$6,116<0",easy,open question,financial statement analysis,english,324,3,1,,,,,,,release_basic_txt,english_324,easy_open question_financial statement analysis,easy_open question
891,english_336_11_r3,"Plant, Inc., is considering making an offer to purchase Palmer Corp. Plant’s vice president of finance has collected the following information:<image_1> .Plant also knows that securities analysts expect the earnings and dividends of Palmer to grow at a constant rate of 4 percent each year. Plant management believes that the acquisition of Palmer will provide the firm with some economies of scale that will increase this growth rate to 6 percent per year. /n <ocr>image_1 ocr text: Plant Palmer Price-earnings ratio 14.5 10 Shares outstanding 1,500,000 750,000 Earnings $4,200,000 $960,000 Dividends 1,050,000 470,000</ocr>","Plant’s outside financial consultants think that the 6 percent growth rate is too opti-
mistic and a 5 percent rate is more realistic. If Plant were to offer 225,000 of its shares in exchange for the outstanding stock of Palmer, what would the NPV be?",,,,,,,,,table,"$2,544,434.61","The NPV of the stock offer under the new assumption will be:
NPV stock = $12,061,099.80 – 225,000($42.30) NPV stock = $2,544,434.61",hard,open question,corporate finance,english,336,11,1,,,,,,,release_basic_txt,english_336,hard_open question_corporate finance,hard_open question
1007,english_357_3_r3,"You are given the following information about a portfolio you are to manage. For the long-term you are bullish, but you think the market may fall over the next month. <image_1> /n <ocr>image_1 ocr text: Portfolio Value $1 million Portfolio's Beta 0.60 Current S&P500 Value 1400 Anticipated S&P500 Value 1200</ocr>","For a 200-point drop in the S&P 500, by how much does the value of the futures position change?","['A. $200,000', 'B. $50,000', 'C. $250,000', 'D. $500,000', 'E. $100,000']",,,,,,,,table,B,"The change is 200 points times the $250 multiplier, which equals $50,000.",easy,multiple-choice,portfolio management,english,357,3,1,,,,,,,release_basic_txt,english_357,easy_multiple-choice_portfolio management,easy_multiple-choice
417,english_204_2_r3,"An active United States–based credit manager faces the following US and European
investment-grade
and high-yield
corporate bond portfolio choices:

<image_1>

The EUR IG and EUR HY allocations are denominated in euros, and the euro is
expected to depreciate by 2% versus the US dollar over the next year. /n <ocr>image_1 ocr text: Rating Category OAS EffSpreadDur Expected Loss USD IG 1.25% 4.50 0.40% USD HY 3.00% 5.50 2.25% EUR IG 1.15% 4.75 0.50% EUR HY 3.25% 6.00 2.50%</ocr>",Which of the following active portfolios is expected to have the highest excess return versus the index if European economies are expected to experience an earlier and much stronger credit cycle recovery than the United States?,"['A. EUR HY 50.0%, EUR IG 25.0%, USD IG 12.5%, USD HY 12.5%', 'B. EUR IG 50.0%, EUR HY 25.0%, USD IG 12.5%, USD HY 12.5%', 'C. EUR HY 33.3%, US HY 33.3%, EUR IG 16.7%, USD IG 16.7%']",,,,,,,,table,A,"A is correct. Given that high-yield spreads are expected to fall the most in an economic recovery, the manager should choose the portfolio with the highest percentage of EUR HY credit exposure.",hard,multiple-choice,fixed income,english,204,2,1,,,,,,,release_basic_txt,english_204,hard_multiple-choice_fixed income,hard_multiple-choice
140,english_134_1_r3,<ocr>image_1 ocr text: Portfolio Value $ 1 million Portfolio's Beta 0.60 Current S&P500 Value 1400 Anticipated S&Pso0 Value 1200</ocr>,"You are given the following information about a portfolio you are to manage. For the long term, you are bullish, but you think the market may fall over the next month. <image_1> For a 200-point drop in the S&P 500, by how much does the value of the futures position change?","['A. $200,000', 'B. $50,000', 'C. $250,000', 'D. $500,000', 'E. $100,000']",,,,,,,,table,B,"The change is 200 points times the $250 multiplier, which equals $50,000.",easy,multiple-choice,derivatives,english,134,1,1,,,,,,,release_basic_txt,english_134,easy_multiple-choice_derivatives,easy_multiple-choice
380,english_194_3_r3,"Stanley Kumar Singh is the risk manager at SKS Asset Management. He works
with individual clients to manage their investment portfolios. One client, Sherman
Hopewell, is worried about how short- term market fluctuations over the next three
months might impact his equity position in Walnut Corporation. Although Hopewell is
concerned about short- term downside price movements, he wants to remain invested in
Walnut shares because he remains positive about its long- term performance. Hopewell
has asked Singh to recommend an option strategy that will keep him invested in
Walnut shares while protecting against a short- term price decline. Singh gathers the
information in Exhibit-1 to explore various strategies to address Hopewell’s concerns.
Another client, Nigel French, is a trader who does not currently own shares of
Walnut Corporation. French has told Singh that he believes that Walnut shares will
experience a large move in price after the upcoming quarterly earnings release in two
weeks. French also tells Singh, however, that he is unsure which direction the stock
will move. French asks Singh to recommend an option strategy that would allow him
to profit should the share price move in either direction.
A third client, Wanda Tills, does not currently own Walnut shares and has asked
Singh to explain the profit potential of three strategies using options in Walnut: a
long straddle, a bull call spread, and a bear put spread. In addition, Tills asks Singh
to explain the gamma of a call option. In response, Singh prepares a memo to be
shared with Tills that provides a discussion of gamma and presents his analysis on
three option strategies:
Strategy 1: A long straddle position at the $67.50 strike option
Strategy 2: A bull call spread using the $65 and $70 strike options
Strategy 3: A bear put spread using the $65 and $70 strike options <image_1> /n <ocr>image_1 ocr text: Exhibit1 Walnut Corporation Current Stock Price:$67.79 Walnut Corporation European Options Market Call Market Put ExercisePrice Price Call Delta Price Put Delta $55.00 $12.83 1.00 $0.24 0.05 $65.00 $3.65 0.91 $1.34 -0.29 $67.50 $1.99 0.63 $2.26 -0.42 $70.00 $0.91 0.37 $3.70 -0.55 $80.00 $0.03 0.02 $12.95 -0.76 Note: Each option has 106 days remaining until expiration.</ocr>","Based on Exhibit 1, and assuming the market price of Walnut’s shares at expiration is $66, the profit or loss, on a per share basis, from investing in Strategy 3, is closest to:","['A. $2.36', 'B. $1.64', 'C. $2.64']",,,,,,,,table,B,"B is correct. The bear put spread consists of buying a put option with a high strike price ($70) and selling another put option with a lower strike price ($65). The market price for the $70 strike put option is $3.70, and the market price for the $65 strike put option is $1.34 per share. Thus, the initial net cost of the bear spread position is $3.70 – $1.34 = $2.36 per share. If Walnut shares are $66 at expiration, the $70 strike put option is in the money by $4.00, and the short position in the $65 strike put expires worthless. After deducting the cost of $2.36 to initiate the bear spread position, the net profit is $1.64 per contract.",hard,multiple-choice,derivatives,english,194,3,1,,,,,,,release_basic_txt,english_194,hard_multiple-choice_derivatives,hard_multiple-choice
990,english_353_4_r3,"The financial statements of Snapit Company are given below. <image_1> /n <ocr>image_1 ocr text: Snapit Company IncomeStatement (2009) Sales $4.000.000 Cost of goods sold 3.040.000 Gross profit 960,000 Selling and administrative expenses 430.000 Operating profit 530.000 Interest expense 160.000 Income before tax 370,000 Tax expense 148,000 Net income $222.000 Balance Sheet 2009 2008 Cash $60.000 $50,000 Accounts receivable 550,000 500,000 Inventory 690.000 620,000 Total current assets 1,300,000 1.170,000 Fixed assets 1,300,000 1,230,000 Total assets 2,600,000 2,400,000 Accounts payable 270.000 250,000 Bank loan 580.000 500.000 Total current liabilities 850.000 750,000 Bonds payable 900,000 1,000,000 Total liabilities 1.750.000 1.750.000 Common stock (25,000 shares) 250,000 250.000 Retained earnings 600,000 400,000 Total liabilities & equity $2,600,000 $2,400,000 Note:The common shares are trading in the stock market for $100 each.</ocr>",Refer to the financial statements of Snapit Company. The firm's times interest earned ratio for 2009 is,"['A. 2.26.', 'B. 3.16.', 'C. 3.84.', 'D. 3.31.', 'E. None of the options']",,,,,,,,table,D,"$530,000/$160,000 = 3.31.",easy,multiple-choice,financial statement analysis,english,353,4,1,,,,,,,release_basic_txt,english_353,easy_multiple-choice_financial statement analysis,easy_multiple-choice
1139,english_399_3_r3,"Consider the following cash flows of two mutually exclusive projects for Tokyo Rubber Company. Assume the discount rate for both projects is 8 percent.
 <image_1> /n <ocr>image_1 ocr text: Year Dry Prepreg Solvent Prepreg 0 $1,700,000 $750,000 - 1,100,000 375,000 2 900,000 600,000 3 750,000 390,000</ocr>","Based on the IRR, which project should be taken?",,,,,,,,,table,solvent prepeg,"The IRR is the interest rate that makes the NPV of the project equal to zero. So, the IRR of the dry prepeg is: 
 0 = –$1,700,000 + $1,100,000 / (1 + IRR) + $900,000 / (1 + IRR)^{2} + $750,000 / (1 + IRR)^{3} 
 Using a spreadsheet, financial calculator, or trial and error to find the root of the equation, we find that:
 IRR_{Dry prepeg} = 30.90% 
 And the IRR of the solvent prepeg is:
 0 = –$750,000 + $375,000 / (1 + IRR) + $600,000 / (1 + IRR)^{2} + $390,000 / (1 + IRR)^{3}
 Using a spreadsheet, financial calculator, or trial and error to find the root of the equation, we find that:
 IRR_{Solvent perpeg} = 36.51% 
 The IRR criteria implies accepting the solvent prepeg because it has the highest IRR. Remember the IRR does not necessarily rank projects correctly.",easy,open question,alternative investments,english,399,3,1,,,,,,,release_basic_txt,english_399,easy_open question_alternative investments,easy_open question
650,english_254_4_r3,"Cliff Richard works as a private wealth adviser at a global wealth management company. He
meets with Henry Ford, who plans to retire in 12 years and wants to discuss his retirement goals.
Ford gives the following background information to Richard:
“My house will need a major renovation in 12 years, which will cost approximately
$500,000. My current income is sufficient for my expenses, but in retirement, I estimate annual
after-tax living costs to be $100,000 rising with inflation, which is expected to continue at 3
percent annually. In retirement, my primary objective is to maintain my current lifestyle.”
Richard suggests using annuities to analyze Ford’s retirement needs. In response, Ford feels
he is willing to pay a lump sum in exchange for the fixed payments, but he wants to maintain
control over his assets. He also shows his concern over the high cost of annuities.
Ford continues, I have a secondary objective to gift $1 million to my daughter in 15 years. I
prefer low volatility investments. My portfolio assets include safe investments – 40% large-cap
dividend-paying blue-chip equities, 40% government Treasury bills and investment-grade
corporate bonds, and 20% real estate. I wish to grow my assets over my 12 years investment
horizon to meet my retirement goals.”
Richard decides to implement a goal-based investing approach and runs a Monte Carlo
simulation to determine the probability of success - the likelihood that Ford can meet his gifting
objectives. The simulation results are reproduced in Exhibit 1.
<image_1>
As the meeting concludes, Richard hands out a client feedback form, where Ford is asked to
give a performance review of the wealth adviser. Ford comments that Richard listened to his
various retirement objectives and understood his goals. He had a working knowledge of
traditional and alternative asset classes. He showed exceptional quantitative skills to create
different scenarios for his goals. Finally, he liked the pleasant office atmosphere. /n <ocr>image_1 ocr text: Exhibit 1 Monte Carlo Simulation Inflation-Adjusted Results for Gifting Goals Year 15 Portfolio Value Year 20 Portfolio Value Year 25 PortfolioValue 25th % $980,866 $1,128,450 $1,400,372 50th % $839,837 $943,820 $1,250,974 75th % $1,020,039 $1,110,039 $840,000</ocr>","Based on Ford’s information and Exhibit 1, the probability that he will be able to meet his gifting goals is closest to","['A. 25%', 'B. 50%', 'C. 75%']",,,,,,,,table,C,"Solution: C.
The Monte Carlo simulation shows that Ford has a 75% probability of having an amount
exceeding $1,020,039 in Year 15. Since Ford wants to gift $1,000,000 to his daughter, he has a
slightly greater than 75% probability of meeting or exceeding his goal in Year 15.",hard,multiple-choice,alternative investments,english,254,4,1,,,,,,,release_basic_txt,english_254,hard_multiple-choice_alternative investments,hard_multiple-choice
1181,english_419_3_r3,<image_1> /n <ocr>image_1 ocr text: State of Probability of Rate of Return if State Occurs Economy State of Economy Stock A Stock B Stock C Boom .25 .24 .45 .33 Good .40 .09 .10 .15 Poor .30 .03 -.10 -.05 Bust .05 -.05 -.25 .09</ocr>,What is the standard deviation of this portfolio?,,,,,,,,,table,".1581, or 15.81%","To calculate the standard deviation, we first need to calculate the variance. To find the variance, we find the squared deviations from the expected return. We then multiply each possible squared deviation by its probability, and then add all of these up. The result is the variance. So, the standard deviation of the portfolio is:
 <ans_image_2>",medium,open question,portfolio management,english,419,3,1,,,,,,,release_basic_txt,english_419,medium_open question_portfolio management,medium_open question
139,english_133_1_r3,<ocr>image_1 ocr text: Portfolio Value $ 1 million Portfolio's Beta 0.60 Current S&P500 Value 1400 Anticipated S&Pso0 Value 1200</ocr>,"You are given the following information about a portfolio you are to manage. For the long term, you are bullish, but you think the market may fall over the next month. <image_1> What is the dollar value of your expected loss?","['A. $142,900', 'B. $16,670', 'C. $85,700', 'D. $30,000', 'E. $64,200']",,,,,,,,table,C,"The dollar value equals the loss of 8.57% times the $1 million portfolio value = $85,700.",easy,multiple-choice,derivatives,english,133,1,1,,,,,,,release_basic_txt,english_133,easy_multiple-choice_derivatives,easy_multiple-choice
1257,english_434_4_r3,"Assume that the following market model adequately describes the return-generating behavior of risky assets:
 <image_1>
 Short selling (i.e., negative positions) is allowed in the market. You are given the following information:
 <image_2>
 The variance of the market is .0121, and there are no transaction costs. /n <ocr>image_1 ocr text: Here: R.=The return on the ith asset at Time t. =The return on a portfolio containing all risky assets in some proportion at Time t. RM, and e. are statistically independent./nimage_2 ocr text: Asset B, E(R.) Var(e,) A .7 8.41% .0100 B 1.2 12.06 .0144 1.5 13.95 .0225</ocr>",Calculate the variance of return of a portfolio containing an infinite number of asset types A.,,,,,,,,,table,0.005929,<ans_image_2>,medium,open question,portfolio management,english,434,4,1,,,,,,,release_basic_txt,english_434,medium_open question_portfolio management,medium_open question
1093,english_386_1_r3,<image_1> /n <ocr>image_1 ocr text: APR Number of Times Compounded EAR Semiannually 8.9% Monthly 18.8 Weekly 10.4 Infinite 13.6</ocr>,Find the APR for the first row in the table.,,,,,,,,,table,".0871, or 8.71%","Here, we are given the EAR and need to find the APR. Using the equation for discrete compounding:
 EAR = [1 + (APR / m)]^{m} – 1
 We can now solve for the APR. Doing so, we get:
 APR = m[(1 + EAR)^{1/m} – 1]
 EAR = .0890 = [1 + (APR / 2)]^{2} – 1
 APR = 2[(1.0890)^{1/2} – 1] = .0871, or 8.71%",easy,open question,corporate finance,english,386,1,1,,,,,,,release_basic_txt,english_386,easy_open question_corporate finance,easy_open question
884,english_336_4_r3,"Plant, Inc., is considering making an offer to purchase Palmer Corp. Plant’s vice president of finance has collected the following information:<image_1> .Plant also knows that securities analysts expect the earnings and dividends of Palmer to grow at a constant rate of 4 percent each year. Plant management believes that the acquisition of Palmer will provide the firm with some economies of scale that will increase this growth rate to 6 percent per year. /n <ocr>image_1 ocr text: Plant Palmer Price-earnings ratio 14.5 10 Shares outstanding 1,500,000 750,000 Earnings $4,200,000 $960,000 Dividends 1,050,000 470,000</ocr>",What is the most Plant should be willing to pay in cash per share for the stock of Palmer?,,,,,,,,,table,$21.49,"The most the acquiring firm should be willing to pay per share is the offer price per share plus the NPV per share, so:
Maximum bid price = $20 + ($1,114,285.71 / 750,000) Maximum bid price = $21.49
Notice that this is the same value we calculated earlier in part a as the value of the target to the acquirer.",hard,open question,corporate finance,english,336,4,1,,,,,,,release_basic_txt,english_336,hard_open question_corporate finance,hard_open question
1287,english_446_1_r3,"A 1-year long forward contract on a non-dividend-paying stock is entered into when the stock price is $40 and the risk-free rate of interest is 5% per annum with continuous compounding.
Recall the mathematical definitions on continous compounding in the images.
 <image_1><image_2> /n <ocr>image_1 ocr text: Continuous Compounding The limit as the compounding frequency,mtends to infinity is known as continuous compounding.With continuous compounding,it can be shown that an amount A invested for n years at rate R grows to AeRn (4.2) where e is approximately 2.71828.The exponential function,eis built into most calculators,so the computation of the expression in equation (4.2)presents no problems. In the example in Table 4.1A =100n=1andR=0.1so that the value to which A grows with continuous compounding is 100e0.1=$110.52 This is (to two decimal places) the same as the value with daily compounding.For most practical purposes,continuous compounding can be thought of as being equivalent to daily compounding.Compounding a sum of money at a continuously compounded rate R for n years involves multiplying it by eRn.Discounting it at a continuously com- In this book,interest rates will be measured with continuous compounding except where stated otherwise.Readers used to working with interest rates that are measured with annual, semiannual, or some other compounding frequency may find this a little strange at first.However,continuously compounded interest rates are used to such a great extent in pricing derivatives that it makes sense to get used to working with them now. Suppose that R is a rate of interest with continuous compounding and R,n is the equivalent rate with compounding m times per annum. From the results in equa- tions4.1and4.2we have AeRn 2 Actuaries sometimes refer to a continuously compounded rate as the force of interest./nimage_2 ocr text: or This means that Rn R=mln (4.3) m and Rm=meR/m-1 (4.4) These equations can be used to convert a rate with a compounding frequency of m times per annum to a continuously compounded rate and vice versa.The natural logarithm function In x,which is built into most calculators, is the inverse of the exponential functionso that,if y=ln x,then x= ey Example4.1 Consider an interest rate that is quoted as 10% per annum with semiannual compounding.From equation4.3with m=2 andR=0.1,the equivalent rate with continuous compounding is 2 0.09758 or9.758% per annum. Example 4.2 Suppose that a lender quotes the interest rate on loans as 8% per annum with continuous compounding, and that interest is actually paid quarterly. From equation 4.4 with m =4 and R=0.08,the equivalent rate with quarterly compounding is 4Xe0.08/41=0.0808 or 8.08% per annum.This means that on a $1,000 loan,interest payments of $20.20 would be required each quarter.</ocr>",What is the forward price?,,,,,,,,,screenshot,$42.05,"The forward price, $F_{0}$, is:
 $F_{0}= 40\times e^{0.05\times 1} = 42.05$
 or $42.05.",hard,open question,derivatives,english,446,1,1,,,,,,,release_basic_txt,english_446,hard_open question_derivatives,hard_open question
1308,english_457_1_r3,"Consider an employee stock option valuation example in <image_1>, <image_2> and <image_3>  /n <ocr>image_1 ocr text: Example 16.2 Suppose a company grants stock options that last 8 years and vest after 3 years. The stock price and strike price are both$40.The stock price volatility is 30%,the risk-free rate is 5%,and the company pays no dividends.Figure 16.1 shows how a four-step tree could be used to value the option.(This is for illustration;in practice more time steps would be used.)In this case, =0.3t=2,and r=0.05so d=1/u=0.6543,and p=a-d/u-d=0.5158.The probability ontheup branches""is 0.5158 and the probability on the down branches""is 0.4842.There are three nodes where early exercise could be desirable:D,G,and H.The option has not vested at node B and is not in the money at the other nodes prior to maturity.) We assume that the probabilities that the holder will choose to exercise at nodes D,G,and H conditional on no earlier exercise) have been estimated as 40%,80%,and 30%,respectively.We suppose that the probability of an employee leaving the company during each time step is 5%.This corresponds to an em- ployee turnover rate of approximately 2.5% per year.) For the purposes of the calculation,it is assumed that employees always leave at the end of a time period. If an employee leaves the company before an option has vested or when the option is out of the money, the option is forfeited.In other cases the option must be exercised immediately/nimage_2 ocr text: The value of the option at the final nodes is its intrinsic value.Consider the nodes at time 6 years.Nodes I and J are easy.Since these nodes are certain to lead to nodes where the option is worth nothing, the value of the option is zero at these nodes.At node H there is a 30% chance that the employee will choose to exercise the option.In cases where the employee does not choose to exercise,there is a 5% chance that the employee leaves the company and has to exercise.The total probability of exercise is therefore 0.3 +0.7 0.05 =0.335.If the option is exercised,its value is 61.14 -40 =21.14.If it is not exercisedits value is e0.0520.515853.45+0.48420=24.95 The value of the option at node H is therefore 0.33521.14+0.66524.95=23.67 The value at node G is similarly 0.81X102.83+0.19X106.64=103.56 We now move on to the nodes at time 4 years.At node F the option is clearly worth zero.At node E there is a 5% chance that the employee will forfeit the option because he or she leaves the company and a 95% chance that the option will be retained.In the latter case the option is worth e-0.0520.515823.67+0.48420=11.05 The option is therefore worth 0.95X 11.05 =10.49.At node D there is a 0.43 probability that the option will be exercised and a 0.57 chance that it will be retained.The value of the option is 56.44 Consider next the initial node and the nodes at time 2 years.The option has not vested at these nodes.There is a 5% chance that the option will be forfeited and a 95% chance that it will be retained for a further 2 years.This leads to the valuations shown in Figure 16.1.The valuation of the option at the initial node is 14.97.This compares with a valuation of 17.98 for a regular option using the same tree.)/nimage_3 ocr text: Figure 16.1Valuation of employee stock option in Example 16.2 At each node Upper value =Underlying asset price Lower value =Option price Values in bold are a result of early exercise. Strike price =40 Discount factor per step= 0.9048 Time step.dt =2.0000 years730.00 days Growth factor per step.a =1.1052 218.31 Probability of up move.p = 0.5158 G 178.31 Up step size.u=1.5285 142.83 Down step size.d=0.6543 D 103.56 93.45 93.45 B 56.44 H 53.45 61.14 61.14 A 29.39 E 23.67 40.00 40.00 40.00 14.97 C 10.49 0.00 26.17 26.17 4.65 F 0.00 17.12 17.12 0.00 000 11.20 0.00 7.33 0.00 Node time: 0.0000 2.0000 4.0000 6.0000 8.0000</ocr>",What is the (risk-neutral) expected life for the employee stock option in Example 16.2?,,,,,,,,,screenshot,6.76 years,"The expected life at time zero can be calculated by rolling back through the tree asking the question at each node: ""What is the expected life if the node is reached?"" This is what has been done in Figure S16.1<ans_image_1>. It is assumed that 5% of employees leave at times 2, 4, 6, and 8 years. For example, at node G (time 6 years) there is a 81% chance that the option will be exercised (80% chance that the holder chooses to exercise and a 5% times 20% chance that the holder chooses not to exercise but leaves the company after 6 years) and a 19% chance that it will last an extra two years. The expected life if node G is reached is therefore 0.81×6+0.19×8 = 6.38 years. Similarly, the expected life if node H is reached is 0.335×6+0.665×8=7.33 years. The expected life if node I or J is reached is 0.05×6+0.95×8=7.90 years. The expected life if node D is reached is 0.43×4+0.57×(0.5158×6.38+0.4842×7.33)=5.62
 Continuing in this way, the expected life at time zero is 6.76 years. (As in Example 16.2 we assume that no employees leave at time zero.)",hard,open question,derivatives,english,457,1,1,,,,,,,release_basic_txt,english_457,hard_open question_derivatives,hard_open question
179,english_156_4_r3,"London-based Kingsbridge Partners has been selected to manage a GBP150 million global bond portfolio for a pension fund. Jonathan Bixby, Kingsbridge’s portfolio manager, meets with Iain Seymour, a fixed income analyst at the firm to review the portfolio and its holdings relative to the client’s objectives.
The pension fund allows the use of 100% leverage to generate incremental returns. Bixby evaluates the use of leverage in the portfolio using the data in Exhibit 1.

<image_1>

Bixby's current macro view is that the economy is growing at a rate above the trend rate and, as a result, interest rates are likely to rise. Given his view, he is concerned the duration of the portfolio is inappropriate and plans to use the futures market to manage its interest rate risk. His new duration target for the asset portfolio is 4.25, and he uses the data in Exhibit 2 to reposition the portfolio.

<image_2>

Seymour suggests to Bixby that as an alternative to futures he could use interest rate swaps or options to alter the portfolio’s duration. He says he can alter the duration by receiving fixed and paying floating on a swap. Seymour also suggests that buying a protective put will achieve the hedging objective but provides more upside if Bixby is wrong about the future direction of interest rates. He says Bixby can also express his view by writing a covered call and not incur the cost of the premium.
Seymour tells Bixby, “International interest rates are not perfectly correlated. We can see the impact of a change in US interest rates on our model global bond portfolio. This portfolio contains US and German bonds and is not currently hedged with regard to currency or interest rates. Our analysis shows that the country beta between the United States and Germany is 0.62.” Model global bond portfolio data is provided in Exhibit 3.


<image_3>


Bixby asks Seymour whether the model portfolio should be hedged back to its domestic currency, the pound sterling (GBP). Bixby tells him that actively managing currency risk is an expected source of incremental returns for the portfolio and has historically accounted for 25% of Kingsbridge’s alpha relative to the benchmark.Seymour refers to the data in Exhibit 4 to support his current view that currency exposure in the portfolio should be actively managed.

<image_4>

Bixby asks whether this global portfolio would benefit from including emerging market debt securities. Seymour responds that returns can be attractive in emerging markets during certain periods, but risks also abound. He notes the following risks:
Risk 1: Returns are frequently characterized by significant negative skewness because the potential large downside is not offset by a comparable upside.
Risk 2: Emerging markets offer less protection from interference by the executive branch than developed countries.
Risk 3: Emerging market countries have limited access to secondary sources of liquidity. /n <ocr>image_1 ocr text: Exhibit 1 Assets Liabilities Portfolio (GBP millions 300 150 Duration 5.50 1.00 Expected Return or Cost % 4.75 3.95/nimage_2 ocr text: Exhibit 2 Futures Market Data Futures Contract Price GBP100,500 Conversion Factor 1.12 Duration of Cheapest to Deliver Bond 5.3 Price of Cheapest to Deliver Bond GBP97,750/nimage_3 ocr text: Exhibit 3 Global Bond Model Portfolic Duration Allocation (%) US Bond Issuers 6.6 60 German Bond Issuers 3.9 40/nimage_4 ocr text: Exhibit 4 Currency Market Data United United States Eurozone Kingdom Risk free rate-One Year 0.25% 1.50% 0.90% Spot rate GBP per USD or EUR) 0.6098 0.8929 Forward rate (GBP per USD or EUR) 0.6137 0.8875 Kingsbridge forecast spot rate in 1 year 0.6173 0.8850</ocr>","Based on Seymour’s statement regarding international interest rates, as well as the data in Exhibit 3, the impact of a 100-basis-point decline in US interest rates on the model portfolio's value is closest to:","['A. 3.41%', 'B. 4.02%', 'C. 4.93%']",,,,,,,,table,C,"C is correct because the UScomponent contributes 3.96 in duration to the portfolio (0.60 × 6.6 = 3.96); therefore, a 1.00 change will contribute ±3.96% to the value of the portfolio. The German component has a contribution to duration of 1.56 (0.4 × 3.9 = 1.56) but moves only 0.62 times the movement in US rates, thus contributing ±0.97% to portfolio return (1.56 × 0.62 = 0.97). The total impact is ±4.93% (3.96 + 0.97 = 4.93).",hard,multiple-choice,fixed income,english,156,4,1,,,,,,,release_basic_txt,english_156,hard_multiple-choice_fixed income,hard_multiple-choice
1320,english_461_3_r3,"Suppose that the result of a major lawsuit affecting a company is due to be announced tomorrow. The company’s stock price is currently $60. If the ruling is favorable to the company, the stock price is expected to jump to $75. If it is unfavorable, the stock is expected to jump to $50. Assume that the volatility of the company’s stock will be 25% for 6 months after the ruling if the ruling is favorable and 40% if it is unfavorable. The company does not pay dividends. Assume that the 6 month risk free rate is 6%. 
Recall the contexutal knowledge on implied volatilities in
 <image_1><image_2>. Calculate the implied volatility for 6 month European options on the company today given the strike prices stated below. /n <ocr>image_1 ocr text: 20.1 IMPLIED VOLATILITIES OF CALLSAND PUTS This section shows that the implied volatility of a European call option is the same as that of a European put option when they have the same strike price and time to maturity. This is a particularly convenient result. It shows that when talking about a volatility smile or volatility surface we do not have to worry about whether the options are calls or puts. As explained in earlier chapters, put-call parity provides a relationship between the prices of European call and put options when they have the same strike price and time to maturity.With a dividend yield on the underlying asset of q, the relationship is p + Soe-qT = c + Ke-rT (20.1) As usual, c and p are the European call and put price. They have the same strike. price, K, and time to maturity, T. The variable So is the price of the underlying asset today,and r is the risk-free interest rate for maturity T. A key feature of the put-call parity relationship is that it is based on a relatively simple no-arbitrage argument. It does not require any assumption about the probability./nimage_2 ocr text: distribution of the asset price in the future.It is true both when the asset price distribution is lognormal and when it is not lognormal. Suppose that, for a particular value of the volatility, PBs and cbs are the values of European put and call options calculated using the Black-Scholes-Merton model. Suppose further that Pmktand Cmkt are the market values of these options.Because put-call parity holds for the Black-Scholes-Merton model, we must have In the absence of arbitrage opportunities, put-call parity also holds for the market prices,so that Subtracting these two equations, we get (20.2) PBS-Pmkt=CBS-Cmkt This shows that the dollar pricing error when the Black-Scholes-Merton model is used to price a European put option should be exactly the same as the dollar pricing error when it is used to price a European call option with the same strike price and time to maturity. Suppose that the implied volatility of the put option is 22%.This means that PBs =Pmkt when a volatility of 22% is used in the Black-Scholes-Merton model.From equation (20.2),it follows that cbs = cmkt when this volatility is used.The implied volatility of the call is, therefore, also 22%.This argument shows that the implied volatility of a European call option is always the same as the implied volatility of a European put option when the two have the same strike price and maturity date.To put this another way,for a given strike price and maturity, the correct volatility to use in conjunction with the Black-Scholes-Merton model to price a European call should always be the same as that used to price a European put.This means that the volatility smile (i.e.,the relationship between implied volatility and strike price for a particular maturity) is the same for European calls and European puts.More generally,it means that the volatility surface (i.e.,the implied volatility as a function of strike price and time to maturity) is the same for European calls and European puts.These results are also true to a good approximation for American options.</ocr>",Consider call options with strike prices of $50.,,,,,,,,,screenshot,47.76%,"Suppose that p is the probability of a favorable ruling. The expected price of the company’s stock tomorrow is $75p + 50(1-p) = 50 + 25p$\\
 This must be the price of the stock today. (We ignore the expected return to an investor over one day.) Hence, $50+25p = 60$ or p = 0.4.\\
 If the ruling is favorable, the volatility, $\sigma$ , will be 25%. Other option parameters are $S_0 = 75, r = 0.06, and\quad T = 0.5$. For a value of K equal to 50, DerivaGem gives the value of
 a European call option price as 26.502.\\
 If the ruling is favorable, the volatility, $\sigma$ , will be 40%. Other option parameters are $S_0 = 75, r = 0.06, and\quad T = 0.5$. For a value of K equal to 50, DerivaGem gives the value of
 a European call option price as 6.310.\\
 The value today of a European call option with a strike price today is the weighted average of 26.502 and 6.310 or, $0.4*26.502 + 0.6*6.310 = 14.387$\\
 DerivaGem can be used to calculate the implied volatility when the option has this price. The parameter values are $S+0 = 60, K = 50, T = 0.5, r = 0.06, and\quad c = 14.387$. The implied volatility is 47.76\%.\\
 The results are shown in the table below.<ans_image_1> The pattern of implied volatilities is shown in the image below. <ans_image_2>",hard,open question,derivatives,english,461,3,1,,,,,,,release_basic_txt,english_461,hard_open question_derivatives,hard_open question
1293,english_449_1_r3,"The one-year LIBOR rate is 3%, and the LIBOR forward rate for the 1- to 2-year period is 3.2%. The three-year swap rate for a swap with annual payments is 3.2%.
 Recall the introduction on OIS in the screenshots. <image_1> <image_2> /n <ocr>image_1 ocr text: As LIBOR is phased out,swaps based on overnight rates are becoming more popular These are referred to as overnight indexed swaps (OISs) An OIS is an agreement to exchange a fixed rate of interest for a reference rate of interest that is calculated from realized overnight rates.A simple example of an OIS is a swap lasting for three months. This leads to a single exchange at the end of the three months. The fixed rate of interest applied to a certain principal is exchanged for the reference rate applied to the same principal.Other similar OISs that last for one month, six months, and one year lead to a single exchange calculated in a similar way.When the life of the OIS is greater than one year,it is typically divided into three-month subperiods,with the fixed rate being exchanged at the end of each three-month period for the three-month reference rate that is calculated for that period from one-day rates. OISs lasting ten years or longer are now traded. Consider a hypothetical two-year OIS initiated on March 8,2022,between Apple and Citigroup.We suppose Apple agrees to pay to Citigroup interest at the rate of 3% per annum every three months on a notional principal of $1oo million, and in return Citgroup agrees to pay Apple the three-month SOFR floating reference rate on the/nimage_2 ocr text: Figure 7.1 Interest rate swap between Apple and Citigroup 3.0% Citigroup Apple Floating same notional principal.Apple is the fixed-rate payerCitigroup is the floating-rate payer.For ease of exposition, we assume that rates are quoted with quarterly com- pounding and we ignore the impact of day count conventions and holiday conventions which are explained later in this chapter).The swap is shown in Figure 7.1. In total there are eight exchanges on the swap. One possible outcome is shown in Table 7.1.The first exchange of payments would take place on June 8,2022.Apple would pay Citigroup$750,000 one quarter of3% applied to$100 million).Citigroup would pay Apple the three-month rate calculated from daily SOFR rates over the previous three months.The 3-month SOFR rate calculated on June 8,2022 (from overnight rates between March 8,2022,and June 8,2022) is assumed to be 2.2% per annum or 0.55% per three months using the formula in Section 4.2.The floating payment from Citigroup to Apple is therefore $550,000. The fixed and floating pay- ments are netted with the result that Apple pays Citigroup $200,000 on June 8,2022. The second exchange of payments is on September 8,2022.Again,the fixed payment from Apple to Citigroup is $750,000.We assume that the 3-month SOFR rate on September 8,2022 calculated from overnight rates between June 8,2022 and Septem- ber 8,2022) is 2.6% per annum or 0.65% per three months.The floating payment is therefore$650,000 and the net payment from Apple to Citigroup is therefore$100,000 What is the difference between an OIS and a LIBOR swap? If the heading of the second column in Table 7.1 is changed to""LIBOR rate'the table could provide an example of a LIBOR swap.The difference is that the LIBOR rate for a period is known at the beginning of the period,whereas the overnight reference rate is not known until the end of the period.The 2.20% floating rate applicable to the first exchange on June 8,2002,if LIBOR would be known at the beginning of the swap's life on March 8 2022the 2.60% floating rate applicable to the second exchange on September 8,2022 would be known on June 8,2022;and so on. Table 7.1 Cash flows to Apple for one possible outcome of the OIS in Figure 7.1. The swap lasts two years and the notional principal is $100 million. Date SOFR rate Floating cash flow Fixed cash flow Net cash flow (% reeeeeeeeees paid ($000s) ($'000s) June 8,2022 2.20 550 750 -200 Sept.8,2022 2.60 650 750 100 Dec.8,2022 2.80 700 750 50 Mar.8,2023 3.10 775 750 +25 June 8,2023 3.30 825 750 +75 Sept.8,2023 3.40 850 750 +100 Dec.8,2023 3.60 900 750 +150 Mar.8,2024 3.80 950 750 +200</ocr>","What is the LIBOR forward rate for the 2- to 3-year period if OIS zero rates for maturities of one, two, and three years are 2.5%, 2.7%, and 2.9%, respectively.",,,,,,,,,screenshot,0.034126 or 3.4126%,<ans_image_1>,hard,open question,fixed income,english,449,1,1,,,,,,,release_basic_txt,english_449,hard_open question_fixed income,hard_open question
1089,english_385_1_r3,<image_1> /n <ocr>image_1 ocr text: APR Number of Times Compounded EAR 6.7% Quarterly 12.4 Monthly 9.8 Daily 8.4 Infinite</ocr>,Find the EAR for the first row in the table.,,,,,,,,,table,".0687, or 6.87%","For discrete compounding, to find the EAR, we use the equation:
 EAR = [1 + (APR / m)]^{m} – 1
 EAR = [1 + (.067 / 4)]^{4} – 1 = .0687, or 6.87%",easy,open question,corporate finance,english,385,1,1,,,,,,,release_basic_txt,english_385,easy_open question_corporate finance,easy_open question
863,english_334_1_r3,"Consider the following premerger information about Firm A and Firm B:<image_1> /n <ocr>image_1 ocr text: Firm A Firm B Total earnings $2,100 $750 Shares outstanding 900 300 Price per share $ 60 $ 12</ocr>","What will the earnings per share, EPS, of Firm A be after the merger?",,,,,,,,,table,$2.95,"The cost of the acquisition is:
Cost = 300($13) = $3,900
Since the stock price of the acquiring firm is $60, the firm will have to give up:
Shares offered = $3,900 / $60 Shares offered = 65 shares The EPS of the merged firm will be the combined EPS of the existing firms divided by the new shares outstanding, so:
EPS = ($2,100 + 750) / (900 + 65) EPS = $2.95",medium,open question,corporate finance,english,334,1,1,,,,,,,release_basic_txt,english_334,medium_open question_corporate finance,medium_open question
1184,english_420_3_r3,<image_1> /n <ocr>image_1 ocr text: State of Probability of Rate of Return if State Occurs Economy State of Economy Stock A Stock B Stock C Boom .25 .20 .25 .60 Normal .55 .15 11 .05 Bust .20 .01 .15 .50</ocr>,"If your portfolio is invested 40 percent each in A and B and 20 percent in C, what is the standard deviation?",,,,,,,,,table,".1522, or 15.22%","To calculate the standard deviation, we first need to calculate the variance. To find the variance, we find the squared deviations from the expected return. We then multiply each possible squared deviation by its probability, then add all of these up. The result is the variance. So, the standard deviation of the portfolio is:
 <ans_image_2>",medium,open question,portfolio management,english,420,3,1,,,,,,,release_basic_txt,english_420,medium_open question_portfolio management,medium_open question
960,english_350_8_r3,<image_1> /n <ocr>image_1 ocr text: Year 1-Year Forward Rate I 4.6% 2 4.9% 3 5.2% 4 5.5% 5 5.8%</ocr>,What is the yield to maturity of a 4-year bond?,"['A. 4.69%', 'B. 4.95%', 'C. 5.02%', 'D. 5.05%', 'E. 5.08%']",,,,,,,,table,C,[(1.046)(1.049)(1.052)(1.055)]^(1/4) - 1 = 5.05%.,easy,multiple-choice,fixed income,english,350,8,1,,,,,,,release_basic_txt,english_350,easy_multiple-choice_fixed income,easy_multiple-choice
1161,english_413_2_r3,"You have found the following stock quote for RJW Enterprises, Inc., in the financial pages of today’s newspaper.
 <image_1> /n <ocr>image_1 ocr text: YTD%Chg Stock SYM YLD PE Last Net Chg -1.1 RJW Enterp. RJW 2.1 23 27.82 -.13</ocr>",What was the closing price for this stock that appeared in yesterday’s paper?,,,,,,,,,table,$27.95,"The “Net Chg” of the stock shows the stock decreased by $.13 on this day, so the closing stock price yesterday was:
 Yesterday’s closing price = $27.82 – (–.13) 
 Yesterday’s closing price = $27.95",easy,open question,fixed income,english,413,2,1,,,,,,,release_basic_txt,english_413,easy_open question_fixed income,easy_open question
1361,english_477_1_r3,"A swaption gives the holder the right to receive 7.6% in a 5-year swap starting in 4 years. Payments are made annually. The forward swap rate is 8% with annual compounding and its volatility is 25% per annum. The principal is $1 million and risk-free (OIS) rates for all maturities are 7.8% (with continuous compounding). Recall the option pricing formulations on fixed income instrument in the screenshots.<image_1><image_2> <image_3><image_4> /n <ocr>image_1 ocr text: European Bond Options Many over-the-counter bond options and some embedded bond options are European. The assumption made in the standard market model for valuing European bond options is that the forward bond price has a volatility bThis allows Black's model in Section 28.6 to be used.In equations 28.28and 28.29)p is set equal to  and Fo is set equal to the forward bond price FB,so that c=P0,T[FBNd-KNd] (29.1) p=P0T)[KN-d-FBN-d1] 29.2) where lnFB/K+BT/2 andd=d-VT JR In these equations,K is the strike price of the bond option, T is its time to maturity,and P0, T) is the (risk-free) discount factor for maturity T./nimage_2 ocr text: From Section 5.5,FR can be calculated using the formula Bo-I FB (29.3) P(0, T) where B is the bond price at time zero and I is the present value of the coupons that will be paid during the life of the option.In this formula,both the spot bond price and the forward bond price are cash prices rather than quoted prices. The relationship between cash and quoted bond prices is explained in Section 6.1. The strike price K in equations 29.1) and 29.2) should be the cash strike price.In choosing the correct value for K, the precise terms of the option are therefore important. If the strike price is defined as the cash amount that is exchanged for the bond when the option is exercised,K should be set equal to this strike price.If,as is more common, the strike price is the quoted price applicable when the option is exercised,K should be set equal to the strike price plus accrued interest at the expiration date of the option.Traders refer to the quoted price of a bond as the clean price and the cash price as the dirty price/nimage_3 ocr text: Valuation of Caps and Floors As shown in equation (29.5),the caplet corresponding to the rate observed at time t provides a payoff at time tk+1 of L8kmaxRk-RK0 Under the standard market model, the value of the caplet is L8P0tk+1[FNd-RKNd)] (29.7)/nimage_4 ocr text: where lnFk/RK+tk/2 d1 kVtk lnFk/RK-ktk/2 t Here,Fis the forward interest rate at time O for the period between time t and tk+1, and ok is the volatility of this forward interest rate.This is a natural extension of Black's model. The volatility  is multiplied by Vt because the interest rate R is observed at time tk but the risk-free discount factor P0,tk+1) reflects the fact that the payoff is at time tk+1,not time t.The value of the corresponding floorlet is L8P0tk+1)[RKN-d-FkN-d] 29.8)</ocr>",Use Black’s model to price the swaption.,,,,,,,,,screenshot,"$39,273","The payoff from the swaption is a series of five cash flows equal to max[0.076 - R,0] in millions of dollars where R is the five-year swap rate in four years. The value of an annuity that provides \$1 per year at the end of years 5, 6, 7, 8, and 9 is $\sum_{i=5}^9 e^{-0.078i} = 2.914$. The value of the swaption in millions of dollars is therefore,$2.914[0.076N(-d_2)-0.08N(-d_1)]$, where $d_1 = \frac{ln(0.08/0.076)+0.25^2*4/2}{0.25\sqrt{4}} = 0.3526$ and $d_2 = \frac{ln(0.08/0.076)-0.25^2*4/2}{0.25\sqrt{4}} = -0.1474$ \\
 The value of the swaption is $2.914[0.076N(0.1474)-0.08N(-0.3526)] = 0.03927$ or $ 39,273.",hard,open question,derivatives,english,477,1,1,,,,,,,release_basic_txt,english_477,hard_open question_derivatives,hard_open question
94,english_88_1_r3,<ocr>image_1 ocr text: 1-Year Forward Year Rate 1 4.6% 2 4.9% 3 5.2% 4 5.5% 5 6.8%</ocr>,What is the yield to maturity of a 3-year bond? <image_1>,"['A. 4.6%', 'B. 4.9%', 'C. 5.2%', 'D. 5.5%', 'E. 5.8%']",,,,,,,,table,B,<ans_image_1>,easy,multiple-choice,fixed income,english,88,1,1,,,,,,,release_basic_txt,english_88,easy_multiple-choice_fixed income,easy_multiple-choice
1328,english_462_5_r3,"An exchange rate is currently 0.8000. The volatility of the exchange rate is quoted as 12% and interest rates in the two countries are the same. 
 The images below contain the background knowledge.<image_1><image_2> /n <ocr>image_1 ocr text: 20.2 VOLATILITY SMILE FOR FOREIGN CURRENCYOPTIONS The volatility smile used by traders to price foreign currency options tends to have the general form shown in Figure 20.1.The implied volatility is relatively low for at-the- money options. It becomes progressively higher as an option moves either into the money or out of the money. In the appendix at the end of this chapter,we show how to determine the risk-neutral probability distribution for an asset price at a future time from the volatility smile given by options maturing at that time.We refer to this as the implied distribution.The volatility smile in Figure 20.1 corresponds to the implied distribution shown by the solid line in Figure 20.2.A lognormal distribution with the same mean and standard deviation as the implied distribution is shown by the dashed line in Figure 20.2.It can be seen that the implied distribution has heavier tails than the lognormal distribution.1 To see that Figures 20.1 and 20.2 are consistent with each other, consider first a deep- out-of-the-money call option with a high strike price of KK/S well above 1.0).This option pays off only if the exchange rate proves to be above K.Figure 20.2 shows that the probability of this is higher for the implied probability distribution than for the lognormal distribution.We therefore expect the implied distribution to give a relatively high price for the option.A relatively high price leads to a relatively high implied volatility-and this is exactly what we observe in Figure 20.1 for the option.The two figures are therefore consistent with each other for high strike prices.Consider next a deep-out-of-the-money put option with a low strike price of KK/So well below 1.0. This option pays off only if the exchange rate proves to be below K.Figure 20.2 shows that the probability of this is also higher for the implied probability distribution than for the lognormal distribution.We therefore expect the implied distribution to give a relatively high price, and a relatively high implied volatility, for this option as well. Again, this is exactly what we observe in Figure 20.1./nimage_2 ocr text: Figure 20.1Volatility smile for foreign currency options K=strike price,S=current exchange rate). A Implied volatility K/S, 1.0</ocr>","Using the lognormal assumption, estimate the probability that the exchange rate in 3 months will be between 0.8500 and 0.9000.
 Based on the volatility smile usually observed in the market for exchange rates, would you expect the estimate be too low or too high?",,,,,,,,,chart,Too high.,"$ln 0.90 = -0.1054$. \\
 The probability that $S_T < 0.90$ is that same as the probability that $lnS_T < -0.1054$. \\
 It is $N(\frac{-0.1054+0.2249}{0.06}) = N(1.9931)$ This is 97.69\%. The probability that the exchange rate is between 0.85 and 0.90 is therefore 97.69-85.09 = 12.60\% .
 According to the volatility smile encountered for foreign exchange options and implies the probability distribution, we would expect the probabilities in this question to be too high.",hard,open question,derivatives,english,462,5,1,,,,,,,release_basic_txt,english_462,hard_open question_derivatives,hard_open question
87,english_81_1_r3,<ocr>image_1 ocr text: 1-Year Forward Year Rate 1 5% 2 5.5% 3 6.0% 4 6.5% 5 7.0%</ocr>,"Calculate the price at the beginning of year 1 of an 8% annual coupon bond with face value $1,000 and 5 years tomaturity. <image_1>","['A. $1,105.47', 'B. $1,131.91', 'C. $1,084.25', 'D. $1,150.01', 'E. $719.75']",,,,,,,,table,C,<ans_image_1>,easy,multiple-choice,fixed income,english,81,1,1,,,,,,,release_basic_txt,english_81,easy_multiple-choice_fixed income,easy_multiple-choice
69,english_63_1_r3,<ocr>image_1 ocr text: Maturity (Years) Price 1 $943.40 23 881.68 808.88 4 742.09</ocr>,"The following is a list of prices for zero-coupon bonds with different maturities and par values of $1,000. <image_1> According to the expectations theory, what is the expected forward rate in the third year?","['A. 7.00%', 'B. 7.33%', 'C. 9.00%', 'D. 11.19%', 'E. None of the options are correct']",,,,,,,,table,C,<ans_image_1>,easy,multiple-choice,fixed income,english,63,1,1,,,,,,,release_basic_txt,english_63,easy_multiple-choice_fixed income,easy_multiple-choice
524,english_228_6_r3,"Earl Warren is an investment strategist who develops capital market expectations for an
investment firm that invests across asset classes and global markets. Warren’s approach to
economic forecasting utilizes a structural model in conjunction with a diffusion index to
determine the current phase of a country’s business cycle. Warren also determines whether any
adjustments need to be made to his initial estimates of the respective aggregate economic
growth trends based on historical rates of growth for Countries A and B (both developed markets)
and Country C (a developing market). Exhibit 1 summarizes Warren’s predictions:
<image_1>
Warren then discusses various risks of investing in emerging market equities and states that
“We try to identify the forces that will likely exert the most powerful influences and assess their
relative strength before investing in that market.” The following economic indicators of India from
CEIC database to explain the impact of various factors on exchange rates:
<image_2>
After the discussion, Warren makes a professional explanation of the impact of monetary
and fiscal policies on the yield curve. With regard to their combining impact on the yield curve
and the economic environment, he made the following statements:
Statement 1: If monetary policy is expansionary and fiscal policy is restrictive, the yield curve is
moderately steep and the economic implications are less clear.
Statement 2: If both monetary and fiscal policies are expansionary, the yield curve is steep and
the economy will likely expand.
Statement 3: If monetary policy is restrictive and fiscal policy is expansionary, the yield curve is
moderately inverted and the economic implications are less clear.
Warren is considering adding three new securities to his internationally focused fixed
income portfolio. He has gathered the following information:
<image_3>
Warren seeks to establish expectations for rate of return for properties in the industrial
sector over the next year. He has obtained the following information:
<image_4> /n <ocr>image_1 ocr text: Exhibit 1 Prediction for Current Phase of the Business Cycle Country A Country B Country C Initial Recovery Contraction Late Expansion/nimage_2 ocr text: Exhibit 2 Economic Indicators of India (fiscal year starting in April 2015 2016 2017 2018 2019 2020 Real GDP rate % 8.2 7.1 6.7 7.2 7.0 7.2 CPI% 4.9 4.5 3.6 4.5 4.0 4.5 Fiscal deficit % of GDP 3.9 3.5 3.5 3.4 3.3 3.2 Current account deficit % of GDP 1.1 0.6 1.9 2.3 3.1 2.9 RBI repo rate % end-of-period 6.75 6.25 6.00 6.25 6.00 6.00 INR per USD end-of-period 66.33 64.84 65.18 70.80 69.00 65.00/nimage_3 ocr text: Exhibit 3 Fixed income securities return forecast related information Risk free interest rate 1-year, incorporating 2.6% inflation expectation 2.5% Term premium 10-year vs.1-year government bond) 1% 10-year BBB credit premium over 10-year government bond 85bp Estimated liquidity premium on 10-year corporate bonds 65bp/nimage_4 ocr text: Exhibit 4 Real estate return forecast information Current industrial sector capitalization rate (cap"" rate) 4.6% Expected cap rate at the end of the period 4.45% NOl growth rate (nominal) 2.5%</ocr>","Based on the Exhibit 4, estimate the expected return from the industrial sector properties","['A. 4.6%', 'B. 7.1%', 'C. 10.36%']",,,,,,,,table,C,"Solution: C.
The expected change in the cap rate is 4.45%−4.6%
4.6% = −3.26%;
E(R) = Cap Rate + NOI growth rate − %ΔCap Rate = 4.6% + 2.5%− (−3.26%) = 10.36%.",hard,multiple-choice,economics,english,228,6,1,,,,,,,release_basic_txt,english_228,hard_multiple-choice_economics,hard_multiple-choice
138,english_132_1_r3,<ocr>image_1 ocr text: Portfolio Value SF 1 million Portfolio's Beta 0.60 Current S&P500 Value 1400 Anticipated S&P500 Value 1200</ocr>,"You are given the following information about a portfolio you are to manage. For the long term, you are bullish, but you think the market may fall over the next month. <image_1> If the anticipated market value materializes, what will be your expected loss on the portfolio?","['A. 14.29%', 'B. 16.67%', 'C. 15.43%', 'D. 8.57%', 'E. 6.42%']",,,,,,,,table,D,"The change would represent a drop of (1,200 1,400)/1,400 = 14.3% in the index. Given the portfolio's beta, your portfolio would be expected to lose 0.6 * 14.3% = 8.57%.",medium,multiple-choice,derivatives,english,132,1,1,,,,,,,release_basic_txt,english_132,medium_multiple-choice_derivatives,medium_multiple-choice
697,english_272_1_r3,Suppose that there are many stocks in the security market and that the characteristics of stocks A and B are given as follows:<image_1> /n <ocr>image_1 ocr text: Stock Expected Return Standard Deviation A 10% 5% B 15 10 Correlation=-1</ocr>,"Suppose that it is possible to borrow at the risk-free rate, rf. What must be the value of the risk-
free rate? (Hint: Think about constructing a risk-free portfolio from stocks A and B.)",,,,,,,,,table,11.67%,"Since Stock A and Stock B are perfectly negatively correlated, a risk-free portfolio can be created and the rate of return for this portfolio, in equilibrium, will be the risk-free rate. To find the proportions of this portfolio [with the proportion wA invested in Stock A and wB = (1 – wA ) invested in Stock B], set the standard deviation equal to zero. With perfect negative correlation, the portfolio standard deviation is:
\deltaP = Absolute value [w_{A}\delta_{A} − w_{B}\delta_{B}]
0=5×w_{A} −[10×(1–w_{A})]⇒w_{A} =0.6667
The expected rate of return for this risk-free portfolio is:
E(r) = (0.6667 × 10) + (0.3333 × 15) = 11.667% 
Therefore, the risk-free rate is: 11.667%",hard,open question,portfolio management,english,272,1,1,,,,,,,release_basic_txt,english_272,hard_open question_portfolio management,hard_open question
1163,english_414_1_r3,<image_1> /n <ocr>image_1 ocr text: Returns Year X Y 1 9% 12% 2 21 27 3 -27 32 4 15 14 5 23 36</ocr>,Calculate the average return for X.,,,,,,,,,table,".0820, or 8.20%","The average return is the sum of the returns, divided by the number of returns. The average return for X was:
 <ans_image_1>",easy,open question,corporate finance,english,414,1,1,,,,,,,release_basic_txt,english_414,easy_open question_corporate finance,easy_open question
80,english_74_1_r3,<ocr>image_1 ocr text: Maturity (Years) Price 1 $925.15 2 862.57 3 788.66 4 711.00</ocr>,"According to the expectations theory, what is the expected forward rate in the third year? The following is a list of prices for zero-coupon bonds with different maturities and par values of $1,000. <image_1>","['A. 7.23%', 'B. 9.37%', 'C. 9.00%', 'D. 10.9%']",,,,,,,,table,B,<ans_image_1>,easy,multiple-choice,fixed income,english,74,1,1,,,,,,,release_basic_txt,english_74,easy_multiple-choice_fixed income,easy_multiple-choice
740,english_291_1_r3,Consider the following multifactor (APT) model of security returns for a particular stock.<image_1> /n <ocr>image_1 ocr text: Factor Factor Beta Factor Risk Premium Inflation 1.2 6% Industrial production 0.5 8 Oil prices 0.3 3/nimage_2 ocr text: Factor Expected Rate of Change Actual Rate of Change Inflation 5% 4% Industrial production 3 6 Oil prices 2 0</ocr>,"If T-bills currently offer a 6% yield, find the expected rate of return on this stock if the mar- ket views the stock as fairly priced.",,,,,,,,,table,E(r) = 18.1%,E(r) = 6% + (1.2 × 6%) + (0.5 × 8%) + (0.3 × 3%) = 18.1%,easy,open question,portfolio management,english,291,1,1,,,,,,,release_basic_txt,english_291,easy_open question_portfolio management,easy_open question
754,english_299_1_r3,"A convertible bond has the following features:<image_1> /n <ocr>image_1 ocr text: Coupon 5.25% Maturity June15,2027 Market price of bond $77.50 Market price of underlying common stock $28.00 Annual dividend $1.20 Conversion ratio 20.83 shares</ocr>",Calculate the conversion premium for this bond,,,,,,,,,table,$191.76,"Market conversion value = value if converted into stock = 20.83 × $28 = $583.24 14-11
Conversion premium = Bond price – market conversion value = $775.00 – $583.24 = $191.76",easy,open question,fixed income,english,299,1,1,,,,,,,release_basic_txt,english_299,easy_open question_fixed income,easy_open question
792,english_312_7_r3,"The all-equity firm Metallica Heavy Metal Mining (MHMM) Corporation wants to diversify its operations. Some recent financial information for the company is shown here: <image_1> MHMM is considering an investment that has the same PE ratio as the firm. The cost of the investment is $1,500,000, and it will be financed with a new equity issue. The return on the investment will equal MHMM’s current ROE. /n <ocr>image_1 ocr text: Stock price $75 Number of shares 65,000 Total assets $9,400,000 Total liabilities $4,100,000 Net income $980,000</ocr>",What is the NPV of this investment?,,,,,,,,,table,"–$120,283","The NPV of the project is the new market value of the firm minus the current market value of the firm, or:
NPV = –$1,500,000 + [$73.58(85,000) – $75(65,000)] 
NPV = –$120,283",hard,open question,corporate finance,english,312,7,1,,,,,,,release_basic_txt,english_312,hard_open question_corporate finance,hard_open question
1228,english_427_8_r3,"There are three securities in the market. The following chart shows their possible payoffs:
 <image_1> /n <ocr>image_1 ocr text: Probability Return on Return on Return on State of Outcome Security Security 2 Security 3 : .15 .20 .20 .05 2 .35 .15 .10 .10 3 .35 .10 .15 .15 4 .15 .05 .05 .20</ocr>",What is the correlation between Security 1 and Security 2?,,,,,,,,,table,0.5882,"The correlation is the covariance divided by the product of the two standard deviations. So, the correlation between Security 1 and Security 2 is:
 <ans_image_4>",easy,open question,portfolio management,english,427,8,1,,,,,,,release_basic_txt,english_427,easy_open question_portfolio management,easy_open question
720,english_283_2_r3,"Consider the following table, which gives a security analyst’s expected return on two stocks for two particular market returns:<image_1> /n <ocr>image_1 ocr text: Market Return Aggressive Stock Defensive Stock 5% 2% 6% 25 38 12</ocr>","What is the expected rate of return on each stock if the market return is equally likely to be
5% or 25%?",,,,,,,,,table,"E(r_{A} ) = 18% 
E(r_{D} ) = 9%","With the two scenarios equally likely, the expected return is an average of the two possible outcomes:
E(rA ) = 0.5 × (–.02 + .38) = .18 = 18% 
E(rD ) = 0.5 × (.06 + .12) = .09 = 9%",medium,open question,portfolio management,english,283,2,1,,,,,,,release_basic_txt,english_283,medium_open question_portfolio management,medium_open question
1166,english_414_4_r3,<image_1> /n <ocr>image_1 ocr text: Returns Year X Y 1 9% 12% 2 21 27 3 -27 32 4 15 14 5 23 36</ocr>,Calculate the average return for Y.,,,,,,,,,table,".1140, or 11.40%","The average return is the sum of the returns, divided by the number of returns. The average return for Y was:
 <ans_image_4>",easy,open question,corporate finance,english,414,4,1,,,,,,,release_basic_txt,english_414,easy_open question_corporate finance,easy_open question
829,english_323_4_r3,"The following is the sales budget for Shleifer, Inc., for the first quarter of 2016:<image_1>Credit sales are collected as follows:
65 percent in the month of the sale.
20 percent in the month after the sale.
15 percent in the second month after the sale.
The accounts receivable balance at the end of the previous quarter was $122,800 ($87,750 of which were uncollected December sales). /n <ocr>image_1 ocr text: January February March Sales budget $258,000 $274,200 $298,000</ocr>",Compute the cash collections from sales for February.,,,,,,,,,table,"$267,437.14","Collections = .15(Sales from 2 months ago) + .20(Last month’s sales) + .65(Current sales)
February collections = .15($250,714.29) + .20($258,000) + .65($274,200) February collections = $267,437.14",medium,open question,financial statement analysis,english,323,4,1,,,,,,,release_basic_txt,english_323,medium_open question_financial statement analysis,medium_open question
517,english_227_4_r3,"Olli Nava is a junior economist for Globofunds Asset Management, a large investment
management company. She has been asked to produce capital market expectations for asset
classes in several different markets relevant to the Diversified Absolute Return Strategies Fund
(DARS), the company’s largest fund.
Nava is aware that long-term GDP trend forecasting is considered the starting point to form
capital market expectations at Globofunds, but she is unsure why this is the case. She asks a
colleague, Jedd Wiggins to explain why long-term trend GDP growth is considered so important
when forecasting asset class returns. Wiggins makes the following two statements.
• Statement 1: There is both theoretical and empirical support for the case that the average
level of real government bond yields is causally linked to the trend rate of growth in the
economy.
• Statement 2: Over the long run, the total return of an equity market is causally linked to the
growth rate of GDP.
To make a forecast of trend GDP growth in the domestic economy, Nava collates the
following Globofunds data displayed in Figure 1. 
<image_1>
Nava has the view that increased levels of globalization will lead to the current account
playing a larger role in growth rate of economies. She considers the macroeconomic linkages
between the three main economies which the fund is exposed to. Macroeconomic data relating
to these economies is displayed in Figure 2.
<image_2>
Nava also considers the movement in foreign exchange to be a key determinant of the
medium-term performance of DARS. She considers the macroeconomic policy of the three main
developing markets which the fund is exposed to and collates the data as shown in Figure 3.
<image_3>
Nava attempts to forecast the likely foreign exchange rate movements that will affect the
fund. She notes that the largest foreign currency exposure is in Country X. The current spot rate
of the domestic currency of the fund (DOM) versus the foreign currency of Country X (FOR) is
DOM/FOR = 1.3020. Data related to the expected returns in the domestic and foreign markets is
displayed below in Figure 4.
<image_4>
Nava also considers purchasing power parity as a tool for long-term foreign exchange rate
forecasting. She notes that expected inflation in the domestic country is higher than the expected
inflation in Country X. /n <ocr>image_1 ocr text: Figure 1:Information on Domestic Economy Annual labor input growth 0.8% Annual labor productivity growth 1.2% Annual inflation 2.5% Dividend yield 3.0% Long-term change in profits as a share of GDP 0% Long-term change in PE multiples 0%/nimage_2 ocr text: Figure 2: Macroeconomic Data Relating to Three Economies Economy Savings Investment Taxation Government Spending 1 Increasing Decreasing Increasing Decreasing 2 Decreasing Increasing Decreasing Increasing 3 Increasing Increasing Increasing Increasing/nimage_3 ocr text: Figure 3: Macroeconomic Data Relating to Three Developing Markets Developing Market Capital Flows Exchange Rate A Restricted Fixed B Unrestricted Fixed C Unrestricted Floating/nimage_4 ocr text: Figure 4:Expected Returns in Domestic Markets and Foreign Country X Return Domestic Country X Short-term interest rates 0.75% 1.25% Term premium 0.00% 0.50% Credit premium 1.10% 0.60% Equity premium 3.00% 4.00% Liquidity premium 0.00% 0.00%</ocr>","Based in the data in Figure 4, the forecast one year DOM/FOR foreign exchange rate, based on capital flows using the Dornbusch overshooting, is closest to","['A. 1.2825', 'B. 1.2889', 'C. 1.3215']",,,,,,,,table,A,"Solution: A.
The Dornbusch overshooting mechanism states that immediate capital flows will strengthen the
currencies of countries with high expected returns to the point where the high return currency
will be expected to depreciate going forward by the return differential.
This is captured by the relation:
E(%ΔSVAR/FIX) = E(RVAR) – E(RFIX), where:
E(RVAR) = expected return in the variable currency market
E(RFIX) = expected return in the fixed currency market
The quote of DOM/FOR has the domestic currency as variable and the foreign currency of
Country X as fixed.
The expected return of the domestic market is given by the sum of the domestic returns and
premiums. This is equal to 0.75% + 0.00% + 1.10% + 3.00% + 0.00% = 4.85%.
The expected return of the market in Country X is given by the sum of the Country X returns and
premiums. This is equal to 1.25% + 0.50% + 0.60% + 4.00% + 0.00% = 6.35%.
Hence under the Dornbusch overshooting model: E(%ΔSDOM/FOR) = 4.85% – 6.35% = –1.50%
Hence, the forecast foreign exchange rate in one year = (1 – 0.015) × spot DOM/FOR = (1 – 0.015) ×
1.3020 = 1.2825.
Note that the higher expected return currency of Country X is expected to weaken going forward.",hard,multiple-choice,economics,english,227,4,1,,,,,,,release_basic_txt,english_227,hard_multiple-choice_economics,hard_multiple-choice
827,english_323_2_r3,"The following is the sales budget for Shleifer, Inc., for the first quarter of 2016:<image_1>Credit sales are collected as follows:
65 percent in the month of the sale.
20 percent in the month after the sale.
15 percent in the second month after the sale.
The accounts receivable balance at the end of the previous quarter was $122,800 ($87,750 of which were uncollected December sales). /n <ocr>image_1 ocr text: January February March Sales budget $258,000 $274,200 $298,000</ocr>",Compute the sales for December.,,,,,,,,,table,"$250,714.29","The December sales are the uncollected sales from December divided by the collection rate of the previous months’ sales, so:
December sales = $87,750 / (.20 + .15) December sales = $250,714.29",medium,open question,financial statement analysis,english,323,2,1,,,,,,,release_basic_txt,english_323,medium_open question_financial statement analysis,medium_open question
917,english_340_1_r3,"Jon Fulkerson has also received a credit application from Seether, LLC, a private company. An abbreviated portion of the financial information provided by the company is shown below:<image_1> /n <ocr>image_1 ocr text: Total assets $73,000 EBIT 7,900 Net working capital 4,200 Book value of equity 18,000 Accumulated retained earnings 16,000 Total liabilities 64,000</ocr>",What is the Z-score for this company?,,,,,,,,,screenshot,3.096,"Since this company is private, we must use the Z-score for private companies and non-manufacturers, which is:
Z-score = 6.56(NWC / Total assets) + 3.26(Accumulated retained earnings / Total assets) + 1.05(EBIT / Total assets) + 6.72(Book value of equity / Total liabilities) 
Z-score = 6.56($4,200 / $73,000) + 3.26($16,000 / $73,000) + 1.05($7,900 / $73,000)
+ 6.72($18,000 / $64,000) Z-score = 3.096",hard,open question,corporate finance,english,340,1,1,,,,,,,release_basic_txt,english_340,hard_open question_corporate finance,hard_open question
688,english_267_1_r3,<ocr>image_1 ocr text: Market Condition Bear Normal Bull Probability .2 .3 .5 Rate of return -25% 10% 24%</ocr>,"Based on the scenarios below <image_1>, what is the expected return for a portfolio with the following return profile?",,,,,,,,,table,10%,E(r) = [0.2 × (−25%)] + [0.3 × 10%] + [0.5 × 24%] =10%,easy,open question,portfolio management,english,267,1,1,,,,,,,release_basic_txt,english_267,easy_open question_portfolio management,easy_open question
1176,english_417_2_r3,<image_1> /n <ocr>image_1 ocr text: State of Probability of Rate of Return Economy State of Economy if State Occurs Depression .15 .105 Recession .30 .059 Normal .45 .130 Boom .10 .211</ocr>,Calculate the standard deviation.,,,,,,,,,table,".0900, or 9.00%","To calculate the standard deviation, we first need to calculate the variance. To find the variance, we find the squared deviations from the expected return. We then multiply each possible squared deviation by its probability, and then add all of these up. The result is the variance. So, the variance and standard deviation are:
 <ans_image_1>",easy,open question,equity,english,417,2,1,,,,,,,release_basic_txt,english_417,easy_open question_equity,easy_open question
1377,english_487_1_r3,"Vital Silence, Inc., has a project with the following cash flows:
 <image_1>
 The company evaluates all projects by applying the IRR rule. /n <ocr>image_1 ocr text: Year Cash Flows $) 0 $24,000 9,700 2 13,700 3 6,400</ocr>","If the appropriate interest rate is 9 percent, should the company accept the project?",,,,,,,,,table,Yes,"The IRR is the interest rate that makes the NPV of the project equal to zero. So, the equation that defines the IRR for this project is:
 0 = C_{0} + C_{1} / (1 + IRR) + C_{2} / (1 + IRR)^{2} + C_{3} / (1 + IRR)^{3}
 0 = –$24,000 + $9,700 / (1 + IRR) + $13,700 / (1 + IRR)^{2} + $6,400 / (1 + IRR)^{3} 
 Using a spreadsheet, financial calculator, or trial and error to find the root of the equation, we find that:
 IRR = 12.35% 
 Since the IRR is greater than the required return we would accept the project.",easy,open question,corporate finance,english,487,1,1,,,,,,,release_basic_txt,english_487,easy_open question_corporate finance,easy_open question
1028,english_365_3_r3,The following data are available relating to the performance of Wildcat Fund and the market portfolio: <image_1> /n <ocr>image_1 ocr text: Wildcat Market Portfolio Average Return 18% 15% Standard Deviation ofReturns 25% 20% Beta 1.25 1.00 Residual Standard Deviation 2% 0%</ocr>,The risk-free return during the sample period was 7%. Calculate Treynor's measure of performance for Wildcat Fund.,"['A. 1.00%', 'B. 8.80%', 'C. 44.00%', 'D. 50.00%']",,,,,,,,table,B,(18 - 7)/1.25 = 8.8.,easy,multiple-choice,portfolio management,english,365,3,1,,,,,,,release_basic_txt,english_365,easy_multiple-choice_portfolio management,easy_multiple-choice
111,english_105_1_r3,"<ocr>image_1 ocr text: Midwest Tours Income Statement (2009) Sales $2,500.000 1,260,000 Gross profit 1,240,000 Selling & administrative expenses 700,000 Operating profit 540,000 Interest expense 160,000 Income before tax 380,000 Tax experse 152,000 Net income $ 228,000/nimage_2 ocr text: Balance Sheet 2009 2008 Cash $ 60,000 $ 50,000 Accounts receivable 500,000 450,000 Inventory 300,000 270,000 Total current assets 860,000 $ 770,000 Fixed assets 2,180,000 2,000,000 Total assets $3,040,000 $2,770,000 Accounts Payable $ 200,000 $ 170,000 Bank loan 460,000 440,000 Total current liabilities $ 660,000 S 610,000 Bond payable 860,000 860,000 Total liabilities $1,520.000 $1,470,000 Common stock 130,000 shares $ 120.000 $ 120.000 Retained earnings 1,400,000 1,300,000 Total liabilities & equity $3,040,000 $2,890,000</ocr>",The financial statements of Midwest Tours are given below. <image_1> <image_2> Note: The common shares are trading in the stock market for $36 each. Refer to the financial statements of Midwest Tours. The firm's times interest earned ratio for 2009 is,"['A. 2.897', 'B. 2.719', 'C. 3.375', 'D. 3.462']",,,,,,,,table,C,"$540,000/160,000 = 3.375.",easy,multiple-choice,financial statement analysis,english,105,1,1,,,,,,,release_basic_txt,english_105,easy_multiple-choice_financial statement analysis,easy_multiple-choice
104,english_98_1_r3,"<ocr>image_1 ocr text: Black Barn Company Income Statement (2009) Sales $8.000.000 Cost of goods sold 5,260,000 Gross profit 2,740,000 Selling & admiristrative expenses 1,500,000 Operating profit 1,240,000 Interest expense 140,000 Income before tax 1,100,000 Tax expense 440,000 Net income $ 660,000/nimage_2 ocr text: Balance Sheet 2009 2008 Cash $ 200,000 $ 50,000 Accounts receivable 1,200,000 950,000 Inventory 1,040,000 1,500,000 Total current assets $3,240,000 $2,500,000 Fixed assets 3,200,000 3,000,000 Total assets $6,440,000 $5,500,000 Accounts Payable $ 800.000 720.000 Bank loan 600,000 100,000 Total current liabilities $1,400,000 5 - 820,000 Bond payable 900,000 1,000,000 Total liahilities $2.300.000 $1.820.000 Common stock130,000 shares $ 300,000 $ 300,000 Retainec earnings 3,840,000 3,380,000 Total liabilities & equity $6,440,000 $5,500,000</ocr>",The financial statements of Black Barn Company are given below. <image_1> <image_2> Note: The common shares are trading in the stock market for $40 each. Refer to the financial statements of Black Barn Company. The firm's return on sales ratio for 2009 is,"['A. 15.5%', 'B. 14.6%', 'C. 14.0%', 'D. 15.0%', 'E. 16.5%']",,,,,,,,table,A,"$1,240,000/$8,000,000 = 15.5%.",easy,multiple-choice,financial statement analysis,english,98,1,1,,,,,,,release_basic_txt,english_98,easy_multiple-choice_financial statement analysis,easy_multiple-choice
110,english_104_1_r3,"<ocr>image_1 ocr text: Midwest Tours Income Statement (2009 Sales $2,500,000 Cost of goods sold 1,260,000 Gross profit 1,240,000 Selling & administrative expenses 700,000 Operating profit 540,000 Interest expense 160,000 Income before tax 380,000 Tax expense 152,000 Net income $ 228,000/nimage_2 ocr text: Balance Sheet 2009 2008 Cash 60,000 $ 50,000 Accounts receivable 500,000 450,000 Inventory 300,000 270,000 Total current assets $ 860,000 $ 770,000 Fixed assets 2,180,000 2,000,000 Total assets $3.040,000 $2,770,000 Accounts Payable $ 200,000 $ 170,000 Bank loan 460,000 440,000 Total current liabilities $ 660,000 $ 610,000 Bond payable 860,000 360,000 Total liabilities $1.520.000 $1.470.000 Common stock 130,000 shares $ 120,000 $ 120,000 Retainec earnings 1,400,000 1,300,000 Total liabilities & equity $3,040,000 $2,390,000</ocr>",The financial statements of Midwest Tours are given below. <image_1> <image_2> Note: The common shares are trading in the stock market for $36 each. Refer to the financial statements of Midwest Tours. The firm's leverage ratio for 2009 is,"['A. 1.62', 'B. 1.56', 'C. 2.00', 'D. 2.42', 'E. 2.17']",,,,,,,,table,C,"$3,040,000/$1,520,000 = 2.00.",easy,multiple-choice,financial statement analysis,english,104,1,1,,,,,,,release_basic_txt,english_104,easy_multiple-choice_financial statement analysis,easy_multiple-choice
1052,english_371_4_r3,"The following are prices of options traded on X Corporation, which pays no dividends. <image_1>. The stock is trading at $83, and the annualized riskless rate is 3.8%. The standard deviation in ln stock prices (based upon historical data) is 30%. /n <ocr>image_1 ocr text: Call Put K=85 K=90 K=85 K=90 1 month 2.75 1.00 4.50 7.50 3 month 4.00 2.75 5.75 9.00 6 month 7.75 6.00 8.00 12.00/nimage_2 ocr text: Call Options Put Options K 1 year 3 year 1 year 3 year 45 $8.69 $13.34 $1.99 $3.55 50 $5.86 $10.89 $3.92 $5.40 55 $3.78 $8.82 $6.59 $7.63 60 $2.35 $7.11 $9.92 $10.23</ocr>","Using put-call parity, estimate the value of a three-month put with a strike price of 85.",,,,,,,,,table,$5.62,Value of Three-month Put = C - S + Ke-rt = $4.42 - $83 + 85 exp-(0.038)(0.25) = $5.62,medium,open question,derivatives,english,371,4,1,,,,,,,release_basic_txt,english_371,medium_open question_derivatives,medium_open question
252,english_170_4_r3,"Karina Mamani is a senior partner at Trujillo Partners, an investment advisory firm headquartered in Lima, Peru. Mamani specializes in domestic (Peruvian) markets. Peru's currency is the nuevo sol (PEN). Its major stock exchange is the Bolsa de Valores de Lima (BVL), and the primary index for that market is the Indice General Bolsa de Valores (IGBVL).
One of Mamani's clients, Angel Huanca, anticipates receipt of PEN10,000,000 from debt investments that are maturing in two months. He will invest these proceeds in an IGBVL index fund. Huanca expects the Peruvian stock market to increase dramatically in the next two months and does not want to miss out on the expected gain. He asks Mamani to recommend a way to obtain exposure to the IGBVL immediately. Mamani recommends a long futures position using a two-month futures contract on the IGBVL that is priced at PEN21,800 and has a contract size of PEN10 times the price. The index has a beta of 0.98, and the futures contract has a beta of 1.05.
Huanca owns a company that produces auto parts, primarily for export to the United States. He tells Mamani he is worried the nuevo sol will strengthen relative to the US dollar and other currencies, making it more difficult for him to compete with firms in the United States and elsewhere. He asks Mamani to help him devise long-term strategies to deal with this risk.
Huanca recently received 3.2 million common stock shares of Urubamba Copper, Ltd. in partial payment for a mining equipment company he sold to Urubamba. The terms of the sale require him to hold this stock for at least 18 months before selling it. Although Huanca believes Urubamba is a well-run company, its share price is closely tied to commodity prices, which he believes might decline. He tells Mamani, ""I know I can use options on Urubamba to manage the risk of my concentrated stock position. Either a covered call strategy or a protective put strategy will reduce the volatility of my position and establish a minimum value for it, but the covered call strategy will also enhance my return if Urubamba's price remains stable, and the protective put strategy will not.""
Another of Mamani's clients, Arequipa Industries (AI), is about to borrow PEN120 million for two years at a floating rate of 180-day Libor (currently 3.25%) plus a fixed spread of 90 basis points with semiannual resets, interest payments based on actual days/360, and repayment of principal at maturity. AI's management is worried that Libor might rise during the term of the loan and asks Mamani to recommend strategies to reduce this risk. Mamani suggests a zero-cost collar on 180-day Libor with a cap of 4.70% and a floor of 2.25%, payment dates matching the loan payments (on 30 June and 31 December, with the first payment on 31 December), and interest based on actual days/360. She develops various examples of the collar's impact, including one using the interest rate scenario in Exhibit 1.


<image_1>


Mamani informs AI's management that, as an alternative, it could enter into an interest rate swap to effectively convert its floating-rate loan to a fixed-rate loan. Mamani states, ""You would take a position in a two-year swap with semiannual payments and a notional principal equal to your loan balance. You would pay a fixed rate equal to current two-year Libor and receive 180-day Libor."" Mamani adds, ""Entering into the swap would reduce your firm's market value risk and cash flow risk."" /n <ocr>image_1 ocr text: Exhibit 1 180-Day Libor Rates Days in Date Libor Period 30-Jun-12 2.60% 182 31-Dec-12 2.25% 183 30-Jun-13 2.00% 183 30-Dec-13 2.50% 182/nimage_2 ocr text: The number of futures contracts is where Tis the target, S is the current position, and fis the futures contract.In this case, the number of contracts is 0.98-0 10.000,000 42.8=43 1.05 1021800</ocr>","Using the Libor scenario shown in Exhibit 1 and under the assumption that the zero-cost collar is put in place, the effective interest due on AI's loan for the semiannual period ended on 31 December 2013 is closest to:","['A. PEN1,911,000', 'B. PEN1,365,000', 'C. PEN2,062,667']",,,,,,,,table,A,Answer = A. <image_2>,hard,multiple-choice,derivatives,english,170,4,1,,,,,,,release_basic_txt,english_170,hard_multiple-choice_derivatives,hard_multiple-choice
1220,english_426_2_r3,"Suppose you observe the following situation:
 <image_1>
 Assume these securities are correctly priced. /n <ocr>image_1 ocr text: Security Beta Expected Return Pete Corp. 1.35 12.28% Repete Co. .80 8.54</ocr>","Based on the CAPM, what is the expected 
 return on the market?",,,,,,,,,table,".0990, or 9.90%","Now using CAPM to find the expected return on the market with both stocks, we find:
 .1228 = .0310 + 1.35(RM – .0310)
 RM = .0990, or 9.90%
 .0854 = .0310 + .80(RM – .0310)
 RM = .0990, or 9.90%",easy,open question,portfolio management,english,426,2,1,,,,,,,release_basic_txt,english_426,easy_open question_portfolio management,easy_open question
13,english_7_1_r3,<ocr>image_1 ocr text: Stock of the Economy Probability HPR Boom 0.30 18% Normal growth 0.50 12% Recession 0.20 5%</ocr>,You have been given this probability distribution for the holding-period return for KMP stock: <image_1> What is the expected standard deviation for KMP stock?,"['A. 6.91%', 'B. 8.13%', 'C. 7.79%', 'D. 7.25%', 'E. 8.85%']",,,,,,,,table,B,<ans_image_1>,medium,multiple-choice,equity,english,7,1,1,,,,,,,release_basic_txt,english_7,medium_multiple-choice_equity,medium_multiple-choice
957,english_350_5_r3,<image_1> /n <ocr>image_1 ocr text: Year 1-Year Forward Rate I 4.6% 2 4.9% 3 5.2% 4 5.5% 5 5.8%</ocr>,"What should the purchase price of a 5-year zero-coupon bond be if it is purchased today and has face value of $1,000?","['A. $776.14', 'B. $721.15', 'C. $779.54', 'D. $756.02', 'E. $766.32']",,,,,,,,table,A,"$1,000/[(1.046)(1.049)(1.052)(1.055)(1.058)] = $776.14.",easy,multiple-choice,fixed income,english,350,5,1,,,,,,,release_basic_txt,english_350,easy_multiple-choice_fixed income,easy_multiple-choice
120,english_114_1_r3,"<ocr>image_1 ocr text: Snapit Company Income Statement (2009) Sales $4,000,000 3,040,000 Gross profit 960,000 Selling & administrative expenses 430,000 Operating profit 530,000 Interest expense 160,000 Income before tax 370,000 Tax expense 148,000 Net income $ 222,000/nimage_2 ocr text: Balance Sheet 2009 2008 Cash $ 60.000 $ 50.000 Accounts receivable 550.000 500,000 Inventory 690,000 620,000 Total current assets $1.300.000 $1,170,000 Fixed assets 1,300.000 1,230,000 Total assets $2,600,000 $2,400,000 Accounts Payable $ 270,000 $ 250,000 Bank loan 580,000 500,000 Total current liabilities $ 850,000 $ 750,000 Bond payable 900,000 1,000,000 Total liabilities $1,750,000 $1,750,000 Common stock 130.000 shares $ 250,000 $ 250,000 Retained earnings 600,000 400,000 Total liabilities & equity $2,600,000 $2,400,000</ocr>",The financial statements of Snapit Company are given below. <image_1> <image_2> Note: The common shares are trading in the stock market for $100 each. Refer to the financial statements for Snapit Company. The firm's current ratio for 2009 is,"['A. 1.98', 'B. 2.47', 'C. 0.65', 'D. 1.53', 'E. None of the options are correct']",,,,,,,,table,D,"$1,300,000/$850,000 = 1.53.",easy,multiple-choice,financial statement analysis,english,114,1,1,,,,,,,release_basic_txt,english_114,easy_multiple-choice_financial statement analysis,easy_multiple-choice
1198,english_422_6_r3,<image_1> /n <ocr>image_1 ocr text: State of Return on Return on Economy Stock A Stock B Bear .108 .067 Normal .126 .113 Bull .064 .276</ocr>,Assume each state of the economy is equally likely to happen. What are the correlation between the returns of the two stocks?,,,,,,,,,table,–.6688,"The correlation is:
 <ans_image_3>",easy,open question,equity,english,422,6,1,,,,,,,release_basic_txt,english_422,easy_open question_equity,easy_open question
635,english_251_5_r3,"Geri Buylak, a financial adviser, is preparing for a meeting with Kasey McLoughlin, the recent
widow of Bryn McLoughlin, a resident of the country of Weshvia. From her files for the
McLoughlin family, Buylak notes the following facts, which she thinks might be relevant in the
meeting:
• Kasey was Bryn's second wife.
• Bryn had been the sole provider for his grandson Paulo for the past 20 years; Paulo was
orphaned at the age of three and initially lived with Bryn and his first wife. Mainly as a result
of the stress arising from the disabilities and medical problems that Paulo developed, Bryn's
first marriage ended in divorce within one year. Two years later, it was determined that
Paulo would be better off living in a private care facility in the sunny warm climate of
Izlandia, where he continues to live today.
• To ensure that Paulo's future needs would be met, shortly after the child was orphaned,
Bryn purchased a €3 million life insurance policy on his own life for a one-time premium of
€500,000. At the same time, Bryn's father bought a similar, but smaller, policy on his own life.
Ownership of both policies was transferred to a discretionary irrevocable trust with Paulo as
the primary beneficiary and the University of Izlandia as the remainderman.
• Buylak was appointed as the investment adviser for the trust.
• Bryn and Kasey were married two years after Bryn's divorce from his first wife.
Buylak had been faxed a copy of Bryn's will and in combination with other information she
had available made the following notes:
• Two years ago, Bryn disposed of his very successful construction company and invested the
proceeds in two overseas distribution centers. The first property is located in the country of
Landlochen, and at the time of his death it was jointly owned with Kasey with the right of
survivorship. For the second of these properties, Bryn's will named Paulo as the beneficiary
of the property. The property is located in Izlandia, where Paulo resides.
• Kasey was named the beneficiary of Bryn's taxable account and two tax-advantaged
retirement accounts.
• Weshvia, Izlandia, and Landlochen all use the euro, and none of the three tax regimes
impose any tax consequences on spousal transfers either before or after death.
As they begin their meeting, Kasey first asks Buylak if any of the provisions of the life
insurance policy or dispositions of the investment properties might be challenged in the probate
process.
Kasey mentions to Buylak that she is aware that a large part of her wealth now depends on
the investment property in Landlochen. She asks Buylak what cash flow will be available to her
annually after taxes from its lease income and what after-tax cash proceeds she might obtain if the property were to be sold when the current lease expires. Buylak had prepared for these
questions, and her responses were based on the following:
• The investment real estate property in Landlochen had a cost basis of €2,900,000 and has a
present market value of €3,000,000. It produces income of €450,000 (pre-tax) annually
through a lease agreement that expires in five years.
• After reviewing several reports analyzing Landlochen real estate values, Buylak estimates
that the property could be sold at the termination of the lease at 30% above its present
market value.
• The tax structure in Landlochen differs from Kasey's home country Weshvia, as shown in
Exhibit 1. Fortunately, there is a provision for some relief from double taxation. Weshvia
allows use of the deduction method with regard to income taxes and the credit method
toward capital gains.
<image_1>
On the basis of her calculations for the cash flows from the Landlochen investment property,
Buylak recommends that the three inherited investment accounts be held for the next 12 years
with all earnings and gains reinvested. In anticipation of another after-tax cash flow question, she
estimates the accrual equivalent after-tax rate of return on the portfolio of combined accounts
over the next 12 year period using the information in Exhibit 2.
<image_2> /n <ocr>image_1 ocr text: Exhibit 1 Tax Rates on Investment Property Relevant to Kasey McLoughlin Country Type of Real Estate Property Landlochen Weshvia Tax 1.5% of cost basis, accumulated Wealth tax None annually and paid at the time of sale Income tax 35%of annual income 25% of annual income. Capital gains 20% at time of sale 25% at time ofsale Owned by residents Applies to location Locally operating within borders anywhere in the world/nimage_2 ocr text: Exhibit 2 Panel A.Kasey McLoughlin's Inherited Investment Portfolio Taxable Tax Deferred Tax Exempt Current asset value in euros 1,200,000 700,000 180,000 Expected rate of annualpre-tax return 12.00% 7.50% 11.00% Panel B. Tax Treatment of Investment Income in Weshvia Taxable accounts Total returns are taxed at 28% annually Distributions are taxed at 40% with deferral allowed for a maximum Tax-deferred accounts of 12 years, at which time a full distribution is required</ocr>","Using Exhibit 2, the accrual equivalent after-tax annual return that Buylak calculates for Kasey's investment portfolio is closest to","['A. 7.35%', 'B. 7.45%', 'C. 7.58%']",,,,,,,,table,A,Solution: A. <ans_image_4>,hard,multiple-choice,alternative investments,english,251,5,1,,,,,,,release_basic_txt,english_251,hard_multiple-choice_alternative investments,hard_multiple-choice
735,english_288_1_r3,Consider the following data for a one-factor economy. <image_1>. All portfolios are well diversified. /n <ocr>image_1 ocr text: Portfolio E(r) Beta A 12% 1.2 F 6% 0.0</ocr>,"Suppose that another portfolio, portfolio E, is well diversified with a beta of .6 and expected return of 8%. Would an arbitrage opportunity exist? If so, what would be the arbitrage strategy?",,,,,,,,,table,"An arbitrage opportunity exists by buying Portfolio G and selling an equal amount of Portfolio E. The profit for this arbitrage will be:
r_{G} –r_{E} =[9%+(0.6×F)]−[8%+(0.6×F)]=1% That is, 1% of the funds (long or short) in each portfolio.","The expected return for Portfolio F equals the risk-free rate since its beta equals 0. For Portfolio A, the ratio of risk premium to beta is: (12 − 6)/1.2 = 5
For Portfolio E, the ratio is lower at: (8 – 6)/0.6 = 3.33
This implies that an arbitrage opportunity exists. For instance, you can create a Portfolio G with beta equal to 0.6 (the same as E’s) by combining Portfolio A and Portfolio F in equal weights. The expected return and beta for Portfolio G are then:
E(rG ) = (0.5 × 12%) + (0.5 × 6%) = 9%
βG =(0.5×1.2)+(0.5×0%)=0.6
Comparing Portfolio G to Portfolio E, G has the same beta and higher return. Therefore, an arbitrage opportunity exists by buying Portfolio G and selling an equal amount of Portfolio E. The profit for this arbitrage will be:
rG –rE =[9%+(0.6×F)]−[8%+(0.6×F)]=1% That is, 1% of the funds (long or short) in each portfolio.",hard,open question,economics,english,288,1,1,,,,,,,release_basic_txt,english_288,hard_open question_economics,hard_open question
756,english_301_1_r3,"Consider the following $1,000 par value zero-coupon bonds:<image_1> /n <ocr>image_1 ocr text: Bond Years to Maturity YTM(%) A 1 5% B 2 6 C 3 6.5 D 4 7</ocr>","According to the expectations hypothesis, what is the expected 1-year interest rate 3 years from now?",,,,,,,,,table,"If expectations theory holds, then the forward rate equals the short rate, and the one year interest rate three years from now would be 8.51%",,easy,open question,fixed income,english,301,1,1,,,,,,,release_basic_txt,english_301,easy_open question_fixed income,easy_open question
289,english_177_4_r3,"Jennifer Simko’s fixed-income portfolio has underperformed its benchmark, the Barclays Capital Aggregate Bond Index. Simko asks her investment adviser, Mike Spong, to recommend a new fixed-income manager. Spong selects three fixed-income portfolio managers for Simko to consider:
- Mondavi Investment Partners
- Smithers Associates
- Vertex Group
Selected characteristics for each manager’s portfolio are provided in Exhibit 1.

<image_1>

Note that in Exhibit 1, the portfolio duration for the benchmark, Mondavi Investment Partners, and Smithers Associates portfolios is 4.7. Portfolio duration for Vertex Group is 4.3.
Spong makes the following statements to Simko regarding Exhibit 1:
1. Mondavi follows a full-replication approach in which portfolio performance will match the fixed-income benchmark’s performance. Mondavi’s portfolio sector weights, duration, convexity, and term structure match those of the benchmark. Smithers’s portfolio characteristics do not match the benchmark’s because Smithers has minor risk factor mismatches with the benchmark.
2. Vertex’s strategy is to construct a portfolio that has significant mismatches with the benchmark with respect to duration, key rate duration, and sector allocations. Vertex also relies on proprietary interest rate forecast models to generate superior portfolio returns. Vertex’s objectives are to ensure that tracking risk is minimized and portfolio return exceeds benchmark return.
3. Vertex evaluates potential trades using total return analysis. Total return analysis assesses the expected effect of a trade on total portfolio return based on an interest rate forecast. For example, Vertex recently evaluated the expected total return for a single bond, with a beginning price of $103, a 5% semiannual coupon, an expected price at the end of one year of $102.5, and an annual reinvestment rate of 2%.
4. Vertex also positions the portfolio to reflect the firm’s opinions on the direction of interest rates and credit spreads. Over the next six months, Vertex is forecasting
· low and stable implied interest rate volatility,
· spreads to narrow across all spread sectors by 25 bps, and
· a positively sloped yield curve with short rates rising 50 bps and long rates rising by about 75 bps. /n <ocr>image_1 ocr text: Exhibit1 Selected Portfolio Characteristics for the Benchmark Portfolio and Three Potential Fixed-Income Managers,December 2013 Percent of Market Contribution to Spread Duration Value Bench Sector Benchmark Mondavi Smithers Vertex Mondavi Smithers Vertex mark Treasury 25 25 20 15 0.0 0.0 0.0 0.0 Agency 11 11 11 0 0.4 0.4 0.4 0.0 Credit 25 25 30 24 1.4 1.4 1.6 1.1 Mortgage 34 34 35 43 1.5 1.5 1.6 1.7 Asset- 2 2 0 2 0.0 0.0 0.0 0.2 backed CMBS 3 3 4 8 0.1 0.1 0.1 0.5 Cash 0 0 0 8 0.0 0.0 0.0 0.0 Total 100 100 100 100 3.4 3.4 3.7 3.5</ocr>","For the example given in Spong's Statement 3, the one-year expected total return is closest to:","['A. 4.35%.', 'B. 4.50%.', 'C. 4.84%.']",,,,,,,,table,A,"Answer = A. 
The first step is to calculate the total coupon payments plus reinvestment income. Two coupon payments are received, one of which is reinvested at one-half the annual reinvestment rate, so: Income flow = $2.50 + ($2.50 × 1.01) = $5.025. The second step is to determine the horizon price that is given in Statement 3: $102.50 The third step is to add the income flow and horizon price together to equal horizon future dollars: $5.025 + $102.5 = $107.525 The fourth step is to calculate the semiannual total return by dividing the total future dollars by the beginning price: ($107.525/$103)0.5 – 1.0 = 0.02173, or 2.173% The final step is to double the semiannual total return to get the total return: 2.173% × 2 = 4.3459%.",hard,multiple-choice,fixed income,english,177,4,1,,,,,,,release_basic_txt,english_177,hard_multiple-choice_fixed income,hard_multiple-choice
1106,english_392_1_r3,"Suppose you are offered $9,400 today but must make the following payments:
 <image_1> /n <ocr>image_1 ocr text: Year Cash Flows ($) 0 $9,400 - 4,500 2 3,100 3 2,400 4 1,800</ocr>",What is the IRR of this offer?,,,,,,,,,table,11.65%,"The IRR is the interest rate that makes the NPV of the project equal to zero. So, the equation that defines the IRR for this project is:
 0 = C_{0} + C_{1} / (1 + IRR) + C_{2} / (1 + IRR)^{2} + C_{3} / (1 + IRR)^{3} + C_{4} / (1 + IRR)^{4}
 0 = $9,400 – $4,500 / (1 + IRR) – $3,100 / (1 + IRR)^{2} – $2,400 / (1 + IRR)^{3} – $1,800 / (1 +IRR)^{4}
 Using a spreadsheet, financial calculator, or trial and error to find the root of the equation, we find that:
 IRR = 11.65%",easy,open question,corporate finance,english,392,1,1,,,,,,,release_basic_txt,english_392,easy_open question_corporate finance,easy_open question
1364,english_479_1_r3,"Consider an instrument that will pay off S dollars in 2 years, where S is the value of the Nikkei index. The index is currently 20,000. The yen/dollar exchange rate is 100 (yen per dollar). The correlation between the exchange rate and the index is 0.3 and the dividend yield on the index is 1% per annum. The volatility of the Nikkei index is 20% and the volatility of the yen/dollar exchange rate is 12%. The interest rates (assumed constant) in the U.S. and Japan are 4% and 2%, respectively. Recall the change of numeraire principle in the image.<image_1> /n <ocr>image_1 ocr text: Define: Px(t, T):Value at time t in currency X of a zero-coupon bond paying off 1 unit of currencyX at time T Pyt, T): Value at time t in currency Y of a zero-coupon bond paying off 1 unit of currency Yat time T VTValue of V at time T Ex(V): Expected value of Vt in a world defined by numeraire Px(t, T) EyV):Expected value of V in a world defined by numeraire Pyt, T) The numeraire ratio when we move from the Pyt,T) numeraire to the Pxt,T) numeraire is Pxt,T) Wt Pyt,T where S(t) is the spot exchange rate units of Y per unit of X) at time t.It follows from this that the numeraire ratio W(t) is the forward exchange rate (units of Y per unit of X) for a contract maturing at time T.Define: wVolatility of W vVolatility of V PvwInstantaneous correlation between V and W. From equation (28.35), the change of numeraire increases the growth rate of V by ay, where ay=Pvww (30.4) If it is assumed that the volatilities and correlation are constant, this means that Ex(Vr) = Ey(Vr)ePw0y0wT (30.5) or as an approximation ExV=EyVr1+PvwywT (30.6) These equations can be used to value diff swaps where interest in one currency is applied to a principal in another currency..</ocr>",What is the value of the instrument?,,,,,,,,,screenshot,"19,108.08","We require the expected value of the Nikkei index in a dollar risk-neutral world. In a yen risk-neutral world, the expected value of the index is $20,000e^{(0.02-0.01)*2} = 20,404.03$. In a dollar risk-neutral world, the analysis in Section 30.3 shows that this becomes $20,404.03e^{0.3*0.20*0.12*2} = 20,699.97$. The value of the instrument is therefore,$20,699.97e^{-0.04*2} = 19,108.48$",hard,open question,derivatives,english,479,1,1,,,,,,,release_basic_txt,english_479,hard_open question_derivatives,hard_open question
1239,english_428_1_r3,"Suppose you observe the following situation:
 <image_1> /n <ocr>image_1 ocr text: State of Probability Return if State Occurs Economy of State Stock A Stock B Bust .15 .10 -.08 Normal .60 .09 .08 Boom .25 .32 .26</ocr>",Calculate the expected return on Stock A.,,,,,,,,,table,".1190, or 11.90%","The expected return of an asset is the sum of the probability of each state occurring times the rate of return if that state occurs. So, the expected return of Stock A is:
 E(RA) = .15(–.10) + .60(.09) + .25(.32) 
 E(RA) = .1190, or 11.90%",easy,open question,portfolio management,english,428,1,1,,,,,,,release_basic_txt,english_428,easy_open question_portfolio management,easy_open question
109,english_103_1_r3,"<ocr>image_1 ocr text: Midwest Tours Income Statement (2009) Sales $2,500.000 Cost of goods sold 1,260,000 Gross profit 1,240,000 Selling &administrative expenses 700,000 Operating profit 540,000 Interest expense 160,000 Income before tax 380,000 Tax expense 152,000 Net income $ 228,000/nimage_2 ocr text: Balance Sheet 2009 2008 Cash $ 60,000 $ 50,000 Accounts receivable 500,000 450.000 Inventory 300,000 270,000 Total current assets S 860,000 $ - 770,000 Fixed assets 2,180,000 2,000,000 Total assets $3,040,000 $2,770,000 Accounts Payable S 200,000 $ 170,000 Bank loan 460,000 440,000 Total current liabilities $ 660,000 $ 610,000 Bond payable 860,000 860,000 Total liabilities $1,520,000 $1,470,000 Common stock130,000 shares $ 120,000 $ 120,000 Retained earnings 1,400.000 1,300,000 Total liabilities &equity $3,040,000 $2,890,000</ocr>",The financial statements of Midwest Tours are given below. <image_1> <image_2> Note: The common shares are trading in the stock market for $36 each. Refer to the financial statements of Midwest Tours. The firm's quick ratio for 2009 is,"['A. 1.71', 'B. 0.78', 'C. 0.85', 'D. 1.56']",,,,,,,,table,C,"($860,000 - $300,000)/$660,000 = 0.85.",easy,multiple-choice,financial statement analysis,english,103,1,1,,,,,,,release_basic_txt,english_103,easy_multiple-choice_financial statement analysis,easy_multiple-choice
384,english_195_3_r3,"Anneke Ngoc is an analyst who works for an international bank, where she advises
high-net-
worth
clients on option strategies. Ngoc prepares for a meeting with a US-based
client, Mani Ahlim.
Ngoc notes that Ahlim recently inherited an account containing a large Brazilian
real (BRL) cash balance. Ahlim intends to use the inherited funds to purchase a vacation
home in the United States with an expected purchase price of US$750,000 in six
months. Ahlim is concerned that the Brazilian real will weaken against the US dollar
over the next six months. Ngoc considers potential hedge strategies to reduce the risk
of a possible adverse currency movement over this time period.
Ahlim holds shares of Pselftarô Ltd. (PSÔL), which has a current share price of
$37.41. Ahlim is bullish on PSÔL in the long term. He would like to add to his long
position but is concerned about a moderate price decline after the quarterly earnings
announcement next month, in April. Ngoc recommends a protective put position with
a strike price of $35 using May options and a $40/$50 bull call spread using December
options. Ngoc gathers selected PSÔL option prices for May and December, which are
presented in Exhibit 1.
<image_1>
Ahlim also expresses interest in trading options on India’s NIFTY 50 (National
Stock Exchange Fifty) Index. Ngoc gathers selected one-month
option prices and
implied volatility data, which are presented in Exhibit 2. India’s NIFTY 50 Index is
currently trading at a level of 11,610.
<image_2>
Ngoc reviews a research report that includes a one-month
forecast of the NIFTY
50 Index. The report’s conclusions are presented in Exhibit 3.
<image_3>
Based on these conclusions, Ngoc considers various NIFTY 50 Index option
strategies for Ahlim. /n <ocr>image_1 ocr text: Exhibit 1 Selected PsOL Option Prices (all prices in Us dollars) ExercisePrice Expiration Month Call Price Put Price 35 May 3.00 1.81 40 December 6.50 10.25 50 December 4.25 20.50/nimage_2 ocr text: Exhibit2 Selected One-Month Option Prices and Implied Volatility Data NIFTY50 Index (all prices in Indian rupees) Market Call Market Put Implied Call Implied Put ExercisePrice Price Price Volatility Volatility 11,200 526.00 61.90 5.87 17.72 11,400 365.45 102.60 10.80 17.01 11,600 240.00 165.80 12.26 16.44 11,800 135.00 213.00 12.14 16.39 12,000 65.80 370.00 11.98 16.56/nimage_3 ocr text: Exhibit 3 Research Report Conclusions:NIFTY 50 Index One-month forecast: .We have a neutral view on the direction of the index's move over the next month. . The rate of the change in underlying prices (vega) is expected to increase. . The implied volatility of index options is expected to be above the consensus. forecast.</ocr>","Based on Exhibit 1, the maximum profit per share of Ngoc’s recommended PSÔL bull call spread is:","['A. $2.25', 'B. $7.75', 'C. $12.25']",,,,,,,,table,B,"B is correct. Ngoc recommends a $40/$50 bull call spread using December options. To construct this spread, Ahlim would buy the $40 call, paying the $6.50 premium, and simultaneously sell the $50 call, receiving a premium of $4.25. The maximum gain or profit of a bull call spread occurs when the stock price reaches the high exercise price ($50) or higher at expiration. Thus, the maximum profit per share of a bull call spread is the spread difference between the strike prices less the net premium paid, calculated as Maximum profit per share of bull call spread = (XH – XL) – (cL – cH). Maximum profit per share of bull call spread = ($50 – $40) – ($6.50 – $4.25). Maximum profit per share of bull call spread = $7.75. A is incorrect because $2.25 represents only the net premium and does not include the spread difference. C is incorrect because $12.25 represents the net premium being incorrectly added (rather than subtracted) from the spread difference.",hard,multiple-choice,derivatives,english,195,3,1,,,,,,,release_basic_txt,english_195,hard_multiple-choice_derivatives,hard_multiple-choice
1056,english_373_3_r3,"McCaw Cellular Communications reported earnings before interest and taxes of $850 million in 1993, with a depreciation allowance of $400 million and capital expenditures of $ 550 million in that year; the working capital requirements were negligible. The earnings before interest and taxes and net cap ex are expected to grow 20% a year for the next five years. The cost of capital is 10% and the return on capital is expected to 15% in perpetuity after year 5; the growth rate in perpetuity is 5%. The firm has $10 billion in debt outstanding with the following characteristics.
<image_1>
The annualized standard deviation in the firm's stock price is 35%, while the annualized standard deviation in the traded bonds is 15%. The correlation between stock and bond prices has been 0.5 and the average debt ratio over the last few years has been 60%. The three-year bond rate is 5% and the tax rate is 40%. /n <ocr>image_1 ocr text: Duration Debt 1 year $2 billion 2 years $4 billion 5 years $4 billion</ocr>",The stock was trading at $60 and there were 210 million shares outstanding in January 1994. Estimate the implied standard deviation in firm value.,,,,,,,,,table,46.53%.,"If the market value of equity = 30 * 210 = $ 6300 million

Trial and error yields an implied standard deviation of 46.53%.",hard,open question,derivatives,english,373,3,1,,,,,,,release_basic_txt,english_373,hard_open question_derivatives,hard_open question
91,english_85_1_r3,<ocr>image_1 ocr text: 1-Year Forward Year Rate 1 4.6% 2 4.9% 3 5.2% 4 5.5% 5 6.8%</ocr>,What is the yield to maturity of a 1-year bond? <image_1>,"['A. 4.6%', 'B. 4.9%', 'C. 5.2%', 'D. 5.5%', 'E. 5.8%']",,,,,,,,table,A,4.6% (given in table),easy,multiple-choice,fixed income,english,85,1,1,,,,,,,release_basic_txt,english_85,easy_multiple-choice_fixed income,easy_multiple-choice
1092,english_385_4_r3,<image_1> /n <ocr>image_1 ocr text: APR Number of Times Compounded EAR 6.7% Quarterly 12.4 Monthly 9.8 Daily 8.4 Infinite</ocr>,Find the EAR for the fourth row in the table.,,,,,,,,,table,".0876, or 8.76%","To find the EAR with continuous compounding, we use the equation:
 EAR = e^{r} – 1
 EAR = e^{.084} – 1 = .0876, or 8.76%",easy,open question,corporate finance,english,385,4,1,,,,,,,release_basic_txt,english_385,easy_open question_corporate finance,easy_open question
1125,english_397_2_r3,"Consider the following cash flows of two mutually exclusive projects for AZ-Motorcars. Assume the discount rate for both projects is 10 percent.
 <image_1> /n <ocr>image_1 ocr text: Year AZM Mini-SUV AZF Ful-SUV 0 $495,000 $960,000 352,000 385,000 2 198,000 464,000 3 165,000 319.000</ocr>","Based on the NPV, which project should be accepted?",,,,,,,,,table,AZM,"The NPV of each project is: 
 NPVAZM = –$495,000 + $352,000 / 1.10 + $198,000 / 1.10^{2} + $165,000 / 1.10^{3} 
 NPVAZM = $112,603.31
 NPVAZF = –$960,000 + $385,000 / 1.10 + $464,000 / 1.10^{2} + $319,000 / 1.10^{3}
 NPVAZF = $13,140.50
 The NPV criteria implies we accept the AZM because it has the highest NPV.",medium,open question,alternative investments,english,397,2,1,,,,,,,release_basic_txt,english_397,medium_open question_alternative investments,medium_open question
971,english_351_9_r3,"The financial statements of Black Barn Company are given below. <image_1> /n <ocr>image_1 ocr text: Black Barn Company Income Statement (2009) Sales $8.000.000 Cost of goods sold 5,260.000 Gross profit 2.740.000 Selling and administrative expenses 1,500,000 Operating profit 1,240,000 Interest expenses 140,000 Income before tax 1,100,000 Tax expense 440,000 Net income $660,000 Balance Sheet 2009 2008 Cash $200.000 $50,000 Accounts receivable 1,200,000 950,000 Inventory 1,840,000 1,500,000 Total current assets 3.240.000 2.500.000 Fixed assets 3,200,000 3,000,000 Total assets $6.440.000 $5.500.000 Accounts payable 800.000 720.000 Bank loan 600.000 100,000 Total current liabilities 1.400.000 820.000 Bonds payable 900.000 1,000,000 Total liabilities 2,300.000 1.820.000 Common stock(130.000 shares) 300.000 300.000 Retained earnings 3,840,000 3.380,000 Total liabilities & equity $6,440.000 $5,500.000 Note:The common shares are trading in the stock market for $40 each.</ocr>",Refer to the financial statements of Black Barn Company. The firm's return on sales ratio for 2009 is,"['A. 15.5%.', 'B. 14.6%.', 'C. 14.0%.', 'D. 15.0%.', 'E. 16.5%.']",,,,,,,,table,A,"$1,240,000/$8,000,000 = 0.155, or 15.5%.",easy,multiple-choice,financial statement analysis,english,351,9,1,,,,,,,release_basic_txt,english_351,easy_multiple-choice_financial statement analysis,easy_multiple-choice
20,english_14_1_r3,<ocr>image_1 ocr text: Stock of the Economy Probability HPR Boom 0.40 30% Normal growth 0.40 11% Recession 0.20 10%</ocr>,You have been given this probability distribution for the holding-period return for GM stock: <image_1> What is the expected holding-period return for GM stock?,"['A. 10.4%', 'B. 11.4%', 'C. 12.4%', 'D. 13.4%', 'E. 14.4%']",,,,,,,,table,E,<ans_image_1>,easy,multiple-choice,equity,english,14,1,1,,,,,,,release_basic_txt,english_14,easy_multiple-choice_equity,easy_multiple-choice
1183,english_420_2_r3,<image_1> /n <ocr>image_1 ocr text: State of Probability of Rate of Return if State Occurs Economy State of Economy Stock A Stock B Stock C Boom .25 .20 .25 .60 Normal .55 .15 11 .05 Bust .20 .01 .15 .50</ocr>,"If your portfolio is invested 40 percent each in A and B and 20 percent in C, what is the variance?",,,,,,,,,table,0.02317,"To find the variance, we find the squared deviations from the expected return. We then multiply each possible squared deviation by its probability, then add all of these up. The result is the variance. So, the variance of the portfolio is:
 <ans_image_1>",medium,open question,portfolio management,english,420,2,1,,,,,,,release_basic_txt,english_420,medium_open question_portfolio management,medium_open question
776,english_307_2_r3,"Bolero, Inc., has compiled the following information on its financing costs:<image_1> The company is in the 35 percent tax bracket and has a target debt–equity ratio of 60 percent. The target short-term debt/long-term debt ratio is 20 percent. /n <ocr>image_1 ocr text: Type of Financing Book Value Market Value Cost Short-term debt $12,000,000 $12,500,000 4.1% Long-term debt 20,000,000 23,000,000 7.2 Common stock 9,000,000 54,000,000 13.8 Total $41,000,000 $89,500,000</ocr>",What is the company’s weighted average cost of capital using market value weights?,,,,,,,,,table,0.099,"Using the market value weights, the company’s WACC is:
$R_{WACC} = (X_{STD})(R_{STD})(1 – t_C) + (X_{LTD})(R_{LTD})(1 – t_C) + (X_{Equity})(R_{Equity})$
$R_{WACC} = (\$12.5 / \$89.5)(.041)(1 – .35) + (\$23 / \$89.5)(.072)(1 – .35) + (\$54 / \$89.5)(.138) $
$R_{WACC} = .0990, or \,9.90\%$",medium,open question,corporate finance,english,307,2,1,,,,,,,release_basic_txt,english_307,medium_open question_corporate finance,medium_open question
931,english_344_4_r3,"Consider the following $1,000 par value zero-coupon bonds: <image_1> /n <ocr>image_1 ocr text: Bond Years to Maturity Price A 1 $909.09 B 2 $811.62 C 3 $711.78 D 4 $635.52</ocr>",The yield to maturity on bond D is,"['A. 10%.', 'B. 11%.', 'C. 12%.', 'D. 14%.', 'E. None of the options']",,,,,,,,table,C,"($1,000 - $635.52)/$635.52 = 0.573515; (1.573515)^(1/4) - 1.0 = 12%.",easy,multiple-choice,fixed income,english,344,4,1,,,,,,,release_basic_txt,english_344,easy_multiple-choice_fixed income,easy_multiple-choice
559,english_236_1_r3,"Omega Analytics provides risk management consulting for institutional and individual clients.
Rachel Osborne, is an investment advisor for Omega who works with the firm’s larger
accounts. She is considering derivative strategies for several clients.
• HMM Foundation owns 30,000 shares of Nasdaq 100 Index Tracking Stock (Symbol: QQQQ),
which has a current price of $30 per share. Osborne believes there is substantial risk of
downside price movement in the index over the next six months. She recommends HMM
use a six-month collar for the entire position of 30,000 shares as protection against the
QQQQ price falling below $27. Exhibit 1 illustrates current QQQQ puts and calls expiring in 6
months.
<image_1>
HMM would hold the collar strategy until expiration of the put and call options.
• Bob Valentine believes the prices of large capitalization stocks will rise slightly and he wants
to profit from this movement using a bull spread strategy. Osborne recommends Valentine
use Dow Jones Industrial Average (DJX) options expiring in two months. The current price of
DJX is $91. Exhibit 2 illustrates current option information for two DJX call options expiring in
two months.
Valentine decides to use 100 contracts per position. Each contract is equal to 100 shares.
<image_2> /n <ocr>image_1 ocr text: Exhibit 1 QQQQ Puts and Calls Expiring in Six Months Option Type Exercise Price($) Option Premium ($) Call 35 0.80 Put 27 0.95/nimage_2 ocr text: Exhibit 2 DJX Call Options Expiring in Two Months ExercisePrice ($) OptionPremium ($) Delta 88 4.40 0.75 94 1.00 0.30</ocr>","If the HHM Foundation enters into the collar recommended by Osborne and the market value of QQQQ is $33 at the expiration of the options, the profit from the position would be closest to","['A. $85,500', 'B. $90,000', 'C. $94,500']",,,,,,,,table,A,"Solution: A.
The profit per collar = ST + max(0, X1-ST)-max(0, ST-X2)-S0-(p0-c0), where:
S0, ST = price of underlying at time 0 and time T
X1 = exercise price of put, X2 = exercise price of call;
p0 = price of put at time 0; c0 = price of call at time 0
Profit = 33+0-0-30-0.15 = 2.85
Total profit = $2.85x30,000 = $85,500",hard,multiple-choice,derivatives,english,236,1,1,,,,,,,release_basic_txt,english_236,hard_multiple-choice_derivatives,hard_multiple-choice
871,english_335_4_r3,"Bentley Corp. and Rolls Manufacturing are considering a merger. The possible states of the economy and each company’s value in that state are shown here:<image_1> Bentley currently has a bond issue outstanding with a face value of $125,000. Rolls is an all-equity company. /n <ocr>image_1 ocr text: State Probability Bentley Rolls Boom .65 $290,000 $260,000 Recession .35 110,000 80,000</ocr>",What are the values of Bentley’s equity before the merger?,,,,,,,,,table,"$107,250","The value of Bentley’s equity in a boom is $165,000 ($290,000 company value minus $125,000 debt value), and the value of Bentley’s equity in a recession is zero since the value of its debt is greater than the value of the company in that state of the economy. So, the value of Bentley’s equity is:
EquityBentley = .65($165,000) + .35($0) EquityBentley = $107,250",hard,open question,corporate finance,english,335,4,1,,,,,,,release_basic_txt,english_335,hard_open question_corporate finance,hard_open question
950,english_349_1_r3,<image_1> /n <ocr>image_1 ocr text: Year 1-Year Forward Rate 1 5% 2 5.5% 3 6.0% 4 6.5% 5 7.0%</ocr>,"What should the purchase price of a 2-year zero-coupon bond be if it is purchased at the beginning of year 2 and has face value of $1,000?","['A. $877.54', 'B. $888.33', 'C. $883.32', 'D. $894.21', 'E. $871.80']",,,,,,,,table,D,"$1,000/[(1.055)(1.06)] = $894.21.",easy,multiple-choice,fixed income,english,349,1,1,,,,,,,release_basic_txt,english_349,easy_multiple-choice_fixed income,easy_multiple-choice
968,english_351_6_r3,"The financial statements of Black Barn Company are given below. <image_1> /n <ocr>image_1 ocr text: Black Barn Company Income Statement (2009) Sales $8.000.000 Cost of goods sold 5,260.000 Gross profit 2.740.000 Selling and administrative expenses 1,500,000 Operating profit 1,240,000 Interest expenses 140,000 Income before tax 1,100,000 Tax expense 440,000 Net income $660,000 Balance Sheet 2009 2008 Cash $200.000 $50,000 Accounts receivable 1,200,000 950,000 Inventory 1,840,000 1,500,000 Total current assets 3.240.000 2.500.000 Fixed assets 3,200,000 3,000,000 Total assets $6.440.000 $5.500.000 Accounts payable 800.000 720.000 Bank loan 600.000 100,000 Total current liabilities 1.400.000 820.000 Bonds payable 900.000 1,000,000 Total liabilities 2,300.000 1.820.000 Common stock(130.000 shares) 300.000 300.000 Retained earnings 3,840,000 3.380,000 Total liabilities & equity $6,440.000 $5,500.000 Note:The common shares are trading in the stock market for $40 each.</ocr>",Refer to the financial statements of Black Barn Company. The firm's inventory turnover ratio for 2009 is,"['A. 3.15.', 'B. 3.63.', 'C. 3.69.D.', 'D. 2.58.', 'E. 4.20.']",,,,,,,,table,A,"$5,260,000/[($1,840,000 + $1,500,000)/2] = 3.15.",easy,multiple-choice,financial statement analysis,english,351,6,1,,,,,,,release_basic_txt,english_351,easy_multiple-choice_financial statement analysis,easy_multiple-choice
1260,english_434_7_r3,"Assume that the following market model adequately describes the return-generating behavior of risky assets:
 <image_1>
 Short selling (i.e., negative positions) is allowed in the market. You are given the following information:
 <image_2>
 The variance of the market is .0121, and there are no transaction costs. /n <ocr>image_1 ocr text: Here: R.=The return on the ith asset at Time t. =The return on a portfolio containing all risky assets in some proportion at Time t. RM, and e. are statistically independent./nimage_2 ocr text: Asset B, E(R.) Var(e,) A .7 8.41% .0100 B 1.2 12.06 .0144 1.5 13.95 .0225</ocr>",Assume the risk-free rate is 3.3 percent and the expected return on the market is 10.6 percent. Which asset will not be held by rational investors?,,,,,,,,,table,Asset C,"We can use the model:
 <ans_image_3>
 which is the CAPM (or APT Model when there is one factor and that factor is the Market). So, the expected return of each asset is:
 <ans_image_4>
 We can compare these results for expected asset returns as per CAPM or APT with the expected returns given in the table. This shows that Assets A & B are accurately priced, but Asset C is overpriced (the model shows the return should be higher). Thus, rational investors will not hold Asset C.",medium,open question,portfolio management,english,434,7,1,,,,,,,release_basic_txt,english_434,medium_open question_portfolio management,medium_open question
799,english_314_1_r3,Use the option quote information shown here to answer the questions that follow. The stock is currently selling for $114.<image_1> /n <ocr>image_1 ocr text: Option and Strike Calls Puts NY Close Expiration Price Vol. Last Vol. Last Macrosoft February 110 85 7.60 40 .60 March 110 61 8.80 22 1.55 May 110 22 10.25 11 2.85 August 110 3 13.05 3 4.70</ocr>,"Suppose you buy 10 contracts of the February 110 call option. How much will you pay, ignoring commissions?",,,,,,,,,table,"$7,600","Each contract is for 100 shares, so the total cost is:
Cost = 10(100 shares/contract)($7.60)
Cost = $7,600",easy,open question,derivatives,english,314,1,1,,,,,,,release_basic_txt,english_314,easy_open question_derivatives,easy_open question
1191,english_421_2_r3,"You want to create a portfolio equally as risky as the market, and you have $1,000,000 to invest.
 <image_1> /n <ocr>image_1 ocr text: Asset Investment Beta StockA $180,000 .75 Stock B $290,000 1.25 Stock C 1.45 Risk-free asset</ocr>",Find the dollar investment in Stock C.,,,,,,,,,table,"$346,551.72","We know the total portfolio value and the investment of two stocks in the portfolio, so we can find the weight of these two stocks. The weights of Stock A and Stock B are:
 XA = $180,000 / $1,000,000 
 XA = .18 
 XB = $290,000 / $1,000,000 
 XB = .29 
 Since the portfolio is as risky as the market, the β of the portfolio must be equal to one. We also know the β of the risk-free asset is zero. We can use the equation for the β of a portfolio to find the weight of the third stock. Doing so, we find:
 \beta_{p} = 1.0 = XA(.75) + XB(1.25) + XC(1.45) + XRf(0) 
 Solving for the weight of Stock C, we find: 
 XC = .34655172
 So, the dollar investment in Stock C must be:
 Invest in Stock C = .34655172($1,000,000) 
 Invest in Stock C = $346,551.72",medium,open question,portfolio management,english,421,2,1,,,,,,,release_basic_txt,english_421,medium_open question_portfolio management,medium_open question
35,english_29_1_r3,<ocr>image_1 ocr text: State Probability Return on Stock A Return on Stock B 1 0.10 10% 8% 2 0.20 13% 7% 3 0.20 12% %9 4 0.30 14% %6 5 0.20 15% %8</ocr>,"Consider the following probability distribution for stocks A and B: <image_1> If you invest 40% of your money in A and 60% in B, what would be your portfolio's expected rate of return and standard deviation?","['A. 9.9%; 3%', 'B. 9.9%; 1.1%', 'C. 11%; 1.1%', 'D. 11%; 3%', 'E. None of the options are correct']",,,,,,,,table,B,<ans_image_1>,medium,multiple-choice,portfolio management,english,29,1,1,,,,,,,release_basic_txt,english_29,medium_multiple-choice_portfolio management,medium_multiple-choice
953,english_350_1_r3,<image_1> /n <ocr>image_1 ocr text: Year 1-Year Forward Rate I 4.6% 2 4.9% 3 5.2% 4 5.5% 5 5.8%</ocr>,"What should the purchase price of a 1-year zero-coupon bond be if it is purchased today and has face value of $1,000?","['A. $966.37', 'B. $912.87', 'C. $950.21', 'D. $956.02', 'E. $945.51']",,,,,,,,table,D,"$1,000/(1.046) = $956.02.",easy,multiple-choice,fixed income,english,350,1,1,,,,,,,release_basic_txt,english_350,easy_multiple-choice_fixed income,easy_multiple-choice
1118,english_395_1_r3,"Cutler Petroleum, Inc., is trying to evaluate a generation project with the following cash flows:
 <image_1> /n <ocr>image_1 ocr text: Year Cash Flow 0 -$ 78,000,000 110,000,000 2 13,000,000</ocr>","If the company requires a 10 percent return on its investments, should it accept this project?",,,,,,,,,table,Yes,"The equation for the NPV of the project is:
 NPV = –$78,000,000 + $110,000,000 / 1.1 – $13,000,000 / 1.1^{2}
 NPV = $11,256,198.35 
 The NPV is greater than 0, so we would accept the project.",easy,open question,corporate finance,english,395,1,1,,,,,,,release_basic_txt,english_395,easy_open question_corporate finance,easy_open question
777,english_307_3_r3,"Bolero, Inc., has compiled the following information on its financing costs:<image_1> The company is in the 35 percent tax bracket and has a target debt–equity ratio of 60 percent. The target short-term debt/long-term debt ratio is 20 percent. /n <ocr>image_1 ocr text: Type of Financing Book Value Market Value Cost Short-term debt $12,000,000 $12,500,000 4.1% Long-term debt 20,000,000 23,000,000 7.2 Common stock 9,000,000 54,000,000 13.8 Total $41,000,000 $89,500,000</ocr>",What is the company’s weighted average cost of capital using target capital structure weights?,,,,,,,,,table,0.1025,"Using the target debt–equity ratio, the target debt–value ratio for the company is: B/S = .60
B = .6S
Substituting this in the debt–value ratio, we get:
B/V = .6S / (.6S + S) B/V = .6 / 1.6
B/V = .375
And the equity–value ratio is one minus the debt–value ratio, or: S/V = 1 – .375
S/V = .625
We can use the ratio of short-term debt to long-term debt in a similar manner to find the short- term debt to total debt and long-term debt to total debt. Using the short-term debt to long-term debt ratio, we get:
STD/LTD = .20 STD = .2LTD
Substituting this in the short-term debt to total debt ratio, we get:
STD/B = .2LTD / (.2LTD + LTD) STD/B = .2 / 1.2
STD/B = .167
And the long-term debt to total debt ratio is one minus the short-term debt to total debt ratio, or: LTD/B = 1 – .167
LTD/B = .833
Now we can find the short-term debt to value ratio and long-term debt to value ratio by
multiplying the respective ratio by the debt–value ratio. So:
STD/V = (STD/B)(B/V) STD/V = .167(.375) STD/V = .063And the long-term debt to value ratio is:
LTD/V = (LTD/B)(B/V) LTD/V = .833(.375) LTD/V = .313
So, using the target capital structure weights, the company’s WACC is:
$R_{WACC} = (X_{STD})(R_{STD})(1 – t_C) + (X_{LTD})(R_{LTD})(1 – t_C) + (X_{Equity})(R_{Equity}) $
$R_{WACC} = (.063)(.041)(1 – .35) + (.313)(.072)(1 – .35) + (.625)(.138) $
$R_{WACC} = .1025, or\, 10.25\%$",hard,open question,corporate finance,english,307,3,1,,,,,,,release_basic_txt,english_307,hard_open question_corporate finance,hard_open question
134,english_128_1_r3,<ocr>image_1 ocr text: CE Now Risk-free rate in the United States 0.04/year Risk-free rate in Australia 0.03/year Spot exchange rate 1.67A$/$</ocr>,Consider the following: <image_1> What should be the proper futures price for a 1-year contract?,"['A. 1.703 A$/$', 'B. 1.654 A$/$', 'C. 1.638 A$/$', 'D. 1.778 A$/$', 'E. 1.686 A$/$']",,,,,,,,table,B,<ans_image_1>,easy,multiple-choice,derivatives,english,128,1,1,,,,,,,release_basic_txt,english_128,easy_multiple-choice_derivatives,easy_multiple-choice
959,english_350_7_r3,<image_1> /n <ocr>image_1 ocr text: Year 1-Year Forward Rate I 4.6% 2 4.9% 3 5.2% 4 5.5% 5 5.8%</ocr>,What is the yield to maturity of a 5-year bond?,"['A. 4.6%', 'B. 4.9%', 'C. 5.2%', 'D. 5.5%', 'E. 5.8%']",,,,,,,,table,C,[(1.046)(1.049)(1.052)(1.055)(1.058)]^(1/5) - 1 = 5.2%.,easy,multiple-choice,fixed income,english,350,7,1,,,,,,,release_basic_txt,english_350,easy_multiple-choice_fixed income,easy_multiple-choice
1338,english_466_2_r3,"Suppose that the price of gold at close of trading yesterday was $600 and its volatility was estimated as 1.3% per day. 
 The price at the close of trading today is $596. 
 Recall the formulation of EWMA and GARCH model in the screenshot images. <image_1><image_2> /n <ocr>image_1 ocr text: 23.2THE EXPONENTIALLYWEIGHTEDMOVING AVERAGE MODEL The exponentially weighted moving average (EWMA)model is a particular case of the model in equation (23.4 where the weights adecrease exponentially as we move back through time.Specifically,a+1=Aawhere A is a constant between O and 1. It turns out that this weighting scheme leads to a particularly simple formula for updating volatility estimates.The formula is =Aon-1+1-A)un-1 (23.7) The estimate,nof the volatility of a variable for day n made at the end of day n =1) is calculated from on-1the estimate that was made at the end of day n-2 of the volatility for day n - 1) and un-1the most recent daily percentage change in the variable). To understand why equation (23.7) corresponds to weights that decrease exponen tially,we substitute for n-1 to get =A[n-2+1-Aun-2]+1-Aun-1 or n=1-Aun-1+Aun-2+Xon-2 Substituting in a similar way for on-2 gives =1-A)un-1+Aun-2+Xun-3+0n-3/nimage_2 ocr text: Continuing in this way gives m -A-1u is the same as equation23.4 with =1--1.The weights for the udecline at rate A as we move back through time.Each weight is A times the previous weight./nimage_3 ocr text: 23.3 THEGARCH(1,1)MODEL We now move on to discuss what is known as the GARCH1,1) model,proposed by Bollerslev in 1986.7The difference between the GARCH1,1) model and the EWMA model is analogous to the difference between equation 23.4) and equation 23.5).In GARCH1,1), is calculated from a long-run average variance rate, VL, as well as from n-1 and un-1.The equation for GARCH(1,1) is =yV+aun-1+on-1 (23.8) where yis the weight assigned to V1,is the weight assigned to un-1,and Bis the weight assigned to n-1.Since the weights must sum to unity,it follows that y+a+=1 The EWMA model is a particular case of GARCH1,1where y=0,a=1-, and=. The""1,1 in GARCH1,1) indicates that  is based on the most recent observa- tion of u2 and the most recent estimate of the variance rate.The more general GARCHpq model calculates  from the most recent p observations on u and the most recent q estimates of the variance rate. GARCH1,1) is by far the most popular of the GARCH models. Setting  =yVLthe GARCH1,1model can also be written =w+aun-1+Bon-1 (23.9) This is the form of the model that is usually used for the purposes of estimating the parameters.Once a,and have been estimated,we can calculate y as 1.The long-term variance Vcan then be calculated as /y.For a stable GARCH1,1)process we require  +   1.Otherwise the weight applied to the long-term variance is negative.</ocr>","Update the volatility estimate using the GARCH(1,1) model with $\omage$ = 0.000002, $\alpha$ = 0.04, and $\beta$ = 0.94. What is the value of new daily volatility?",,,,,,,,,screenshot,0.1275,"The proportional change in the price of gold is -4/600 = -0.00667 . Using the GARCH(1,1) model, the variance is updated to
 $0.000002 + 0.94 * 0.013^2 + 0.04 * 0.00667^2 = 0.00016264$
 so that the new daily volatility is $\sqrt{0.00016264}$ = 0.01275 or 1.275\% per day.",hard,open question,portfolio management,english,466,2,1,,,,,,,release_basic_txt,english_466,hard_open question_portfolio management,hard_open question
949,english_348_4_r3,"The following is a list of prices for zero-coupon bonds with different maturities and par value of $1,000. <image_1> /n <ocr>image_1 ocr text: Maturity(Years) Price 1 $925.16 2 $862.57 3 $788.66 4 $711.00</ocr>","You have purchased a 4-year maturity bond with a 9% coupon rate paid annually. The bond has a par value of $1,000. What would the price of the bond be one year from now if the implied forward rates stay the same?","['A. $995.63', 'B. $1,108.88', 'C. $1,000.00', 'D. $1,042.78']",,,,,,,,table,A,"(925.16/711.00)^(1/3) - 1.0 = 9.17%; FV = 1000, PMT = 90, n = 3, i = 9.17, PV = $995.63.",easy,multiple-choice,fixed income,english,348,4,1,,,,,,,release_basic_txt,english_348,easy_multiple-choice_fixed income,easy_multiple-choice
985,english_352_11_r3,"The financial statements of Midwest Tours are given below. <image_1> /n <ocr>image_1 ocr text: Midwest Tours Income Statement (2009) Sales $2,500.000 Cost of goods sold 1,260,000 Gross profit 1,240,000 Selling and administrative expenses 700,000 Operating profit 540.000 Interest expenses 160,000 Income before tax 380,000 Tax expense 152,000 Net income $228.000 Midwest Tours Balance Sheet 2009 2008 Cash $60,000 $50,000 Accounts receivable 500,000 450,000 Inventory 300,000 270,000 Total current assets 860,000 770,000 Fixed assets 2,180,000 2,000,000 Total assets $3,040,000 $2,770,000 Accounts payable 200.000 170.000 Bank loan 460,000 440,000 Total current liabilities 660,000 610.000 Bonds payable 860.000 860,000 Total liabilities 1,520,000 1,470,000 Common stock 30.000 shares) 120,000 120,000 Retained earnings 1,400.000 1.300,000 Total liabilities & Equity $3.040.000 $2.890.000 Note:The common shares are trading in the stock market for $36 each.</ocr>",Refer to the financial statements of Midwest Tours. The firm's P/E ratio for 2009 is,"['A. 4.74.', 'B. 6.63.', 'C. 5.21.', 'D. 5.00.']",,,,,,,,table,A,"EPS = $228,000/30,000 = $7.60; $36/$7.60 = 4.74.",easy,multiple-choice,financial statement analysis,english,352,11,1,,,,,,,release_basic_txt,english_352,easy_multiple-choice_financial statement analysis,easy_multiple-choice
784,english_311_1_r3,"The company with the common equity accounts shown here has declared a stock dividend of 15 percent when the market value of its stock is $57 per share. Find what effects on the equity accounts will the distribution of the stock dividend have.<image_1> /n <ocr>image_1 ocr text: Common stock ($I par value) $435,000 Capital surplus 2,150,000 Retained earnings 5,873,000 Total owners' equity $8,458,000</ocr>",What is the value of new common stock?,,,,,,,,,table,"$500,250","With a stock dividend, the shares outstanding will increase by one plus the dividend amount, so: New shares outstanding = 435,000(1.15)
New shares outstanding = 500,250",medium,open question,corporate finance,english,311,1,1,,,,,,,release_basic_txt,english_311,medium_open question_corporate finance,medium_open question
116,english_110_1_r3,"<ocr>image_1 ocr text: Midwest Tours Income Statement(2009 Sales $2,500,000 Cost of goods sold 1,260,000 Gross profit 1,240,000 Selling & admin strative expenses 700,000 Operating profit 540,000 Interest expense 160,000 Income before tax 380,000 Tax expense 152,000 Net income $ 228,000/nimage_2 ocr text: Balance Sheet 2009 2008 Cash $ 60,000 S 50.000 Accounts receivable 500,000 450.000 Inventory 300,000 270.000 Total current assets $ 860,000 $ 770,000 Fixed assets 2,180,000 2,000,000 Total assets $3,040,000 $2,770,000 Accounts Payable $ 200,000 $ 170,000 Bank loan 460,000 440,000 Total current liabilities $ 660,000 $ 610,000 Bond payable 860,000 860.000 Total liabilities $1.520.000 $1.470.000 Common stock130.000 shares 120,000 $ 120,000 Retained earnings 1,400,000 1,300,000 Total liabilities & equity $ 3,040,000 $2,890.000</ocr>",The financial statements of Midwest Tours are given below. <image_1> <image_2> Note: The common shares are trading in the stock market for $36 each. Refer to the financial statements of Midwest Tours. The firm's return on sales ratio for 2009 is,"['A. 20.2%', 'B. 21.6%', 'C. 22.4%', 'D. 18.0%']",,,,,,,,table,B,"$540,000/$2,500,000 = 0.216, or 21.6%.",easy,multiple-choice,financial statement analysis,english,110,1,1,,,,,,,release_basic_txt,english_110,easy_multiple-choice_financial statement analysis,easy_multiple-choice
800,english_314_2_r3,Use the option quote information shown here to answer the questions that follow. The stock is currently selling for $114.<image_1> /n <ocr>image_1 ocr text: Option and Strike Calls Puts NY Close Expiration Price Vol. Last Vol. Last Macrosoft February 110 85 7.60 40 .60 March 110 61 8.80 22 1.55 May 110 22 10.25 11 2.85 August 110 3 13.05 3 4.70</ocr>,"In question 1,suppose that Macrosoft stock is selling for $140 per share on the expiration date. How much is your options investment worth?",,,,,,,,,table,"$30,000","If the stock price at expiration is $140, the payoff is: Payoff = 10(100)($140 – 110)
Payoff = $30,000",easy,open question,derivatives,english,314,2,1,,,,,,,release_basic_txt,english_314,easy_open question_derivatives,easy_open question
1015,english_361_1_r3,"You want to evaluate three mutual funds using the Jensen measure for performance evaluation. The risk-free return during the sample period is 6%, and the average return on the market portfolio is 18%. The average returns, standard deviations, and betas for the three funds are given below. <image_1> /n <ocr>image_1 ocr text: Average Return Standard.Deviation Beta Fund A 17.6% 10% 1.2 Fund B 17.5% 20% 1.0 Fund C 17.4% 30% 0.8</ocr>",The fund with the highest Jensen measure is,"['A. Fund A.', 'B. Fund B.', 'C. Fund C.', 'D. Funds A and B (tied for highest)', 'E. Funds A and C (tied for highest)']",,,,,,,,table,C,A: 17.6% - [6% + 1.2(18% - 6%)] = -2.8%; B: 17.5% - [6% + 1.0(18% - 6%)] = -0.5; C: 17.4% - [6% + 0.8(18% - 6%)] = +1.8.,easy,multiple-choice,portfolio management,english,361,1,1,,,,,,,release_basic_txt,english_361,easy_multiple-choice_portfolio management,easy_multiple-choice
887,english_336_7_r3,"Plant, Inc., is considering making an offer to purchase Palmer Corp. Plant’s vice president of finance has collected the following information:<image_1> .Plant also knows that securities analysts expect the earnings and dividends of Palmer to grow at a constant rate of 4 percent each year. Plant management believes that the acquisition of Palmer will provide the firm with some economies of scale that will increase this growth rate to 6 percent per year. /n <ocr>image_1 ocr text: Plant Palmer Price-earnings ratio 14.5 10 Shares outstanding 1,500,000 750,000 Earnings $4,200,000 $960,000 Dividends 1,050,000 470,000</ocr>","Plant’s outside financial consultants think that the 6 percent growth rate is too opti-
mistic and a 5 percent rate is more realistic. What is the value of Palmer to Plant?",,,,,,,,,table,"$12,061,099.80","Using the new growth rate in the dividend growth model, along with the dividend and required
return we calculated earlier, the price of the target under these assumptions is:
$P_P = \$.63(1.05) / (.0909 – .05) $
$P_P = \$16.08$
And the value of the target firm to the acquiring firm is: 
$V_P^* = 750,000(\$16.08)$
$V_P^* = \$12,061,099.80$",hard,open question,corporate finance,english,336,7,1,,,,,,,release_basic_txt,english_336,hard_open question_corporate finance,hard_open question
1369,english_481_1_r3,"Suppose that a = 0.05, b = 0.08, and s = 0.015 in Vasicek’s model with the initial short- term interest rate being 6%. Calculate the price of a 2.1-year European call option on a bond that will mature in 3 years. Suppose that the bond pays a coupon of 5% semiannually. The principal of the bond is 100 and the strike price of the option is 99. The strike price is the cash price (not the quoted price) that will be paid for the bond. Recall the Vasicek's formula for zero-coupon bond in the images. <image_1><image_2> /n <ocr>image_1 ocr text: The Vasicek Model In Vasicek's model,the risk-neutral process for r is dr=ab-r)dt+dz where a, b,and  are nonnegative constants. This model incorporates mean reversion. The short rate is pulled to a reversion levelb at""reversion rate""a.Superimposed upon this pull is a normally distributed stochastic term  dz. Zero-coupon bond prices in Vasicek's model are given by PtT=AtTe-B(t,Tt (31.6) where 1-e-aT-t) Bt,T (31.7) and BtT-T+t)ab-2/22BtT2 At,T=exp (31.8) a2 4a Whena=0,these equations become Bt,T=T-tandAt,T=exp[oT-t/6]/nimage_2 ocr text: To see this,note that m =ab-rands = in differential equation31.5,so that aPt,T) aP(t,T) aP(t,T) =rP(t,T) 1e dr dr2 when B-aB+1=0 and At-abAB+oAB2=0 where subscripts denote derivatives.The expressions for At,T and Bt,T in equa tions 31.7and 31.8 are solutions to these equations.What is morebecause AT,T=1 and BTT=0,the boundary condition PTT=1is satisfied.</ocr>",What is the total value of the option?,,,,,,,,,screenshot,0.815189,"As explained in the following pictures<ans_image_1><ans_image_2><ans_image_3>, the first stage is to calculate the value of r at time 2.1 years which is such that the value of the bond at that time is 99. Denoting this value of r by $r^*$ , we must solve $2.5A(2.1,2.5)e^{-B(2.1,2.5)r^*}+102.5A(2.1,3.0)e^{-B(2.1,3.0)r^*} = 99$, where the A and B functions are given by equations(31.7) and (31.8). In this case, A(2.1,2.5) = 0.999685, A(2.1,3.0) = 0.998432, B(2.1,2.5) = 0.396027, and B(2.1,3.0) = 0.88005, and Solver shows that $r^* = 0.065989$.\\
 Since $2.5A(2.1,2.5)e^{-B(2.1,2.5)*r^*} = 2.434745$ and $102.5A(2.1,3.0)e^{-B(2.1,3.0)*r^*} = 96.56535$ the call option on the coupon-bearing bond can be decomposed into a call option with a strike
 price of 2.434745 on a bond that pays off 2.5 at time 2.5 years and a call option with a strike price of 96.56535 on a bond that pays off 102.5 at time 3.0 years.\\
 The options are valued using equation (32.10). \\
 For the first option, $L = 2.5, K = 2.434745, T= 2.1$, and $s = 2.5$. Also, A(0,T) = 0.991836, B(0,T) = 1.99351, P(0,T) = 0.880022 while A(0,s) = 0.988604, B(0,s) = 2.350062, and P(0,s) = 0.858589. Furthermore, $\sigma_P = 0.008176$ and $h = 0.223351$. so that the option price is 0.009084.\\
 For the second option, $L = 102.5, K = 96.56535, T= 2.1$, and $s = 3.0$. Also, A(0,T) = 0.991836, B(0,T) = 1.99351, P(0,T) = 0.880022 while A(0,s) = 0.983904, B(0,s) = 2.78584, and P(0,s) = 0.832454. Furthermore, $\sigma_P = 0.018168$ and $h = 0.223343$. so that the option price is 0.806105.\\
 The total value of the option is therefore 0.0090084+0.806105 = 0.815189.",hard,open question,derivatives,english,481,1,1,,,,,,,release_basic_txt,english_481,hard_open question_derivatives,hard_open question
1367,english_480_1_r3,"Suppose that a = 0.1 and b = 0.1 and in both the Vasicek and the Cox, Ingersoll, Ross model. In both models, the initial short rate is 10\% and the initial standard deviation of the short-rate change in a short time $\bigtriangleup t$ is $0.02 \sqrt{\bigtriangleup t}$. Compare the prices given by the models for a zero-coupon bond that matures in year 10. Recall the Vasicek and CIR pricing formula in the images. <image_1><image_2>  /n <ocr>image_1 ocr text: The Vasicek Model In Vasicek's model, the risk-neutral process for r is dr=ab-rdt+dz where a,b, and  are nonnegative constants.2 This model incorporates mean reversion The short rate is pulled to a reversion levelb at ""reversion rate""a.Superimposed upon this pull is a normally distributed stochastic term  dz Zero-coupon bond prices in Vasicek's model are given by PtT=AtTe-B(t,Tt (31.6) where =1-e-aT-t) BtT= (31.7) a and BtT-T+tab-02/2BtT2 AtT=exp (31.8) a2 4a When a=0,these equations become BtT=T-t andAt,T=exp[T-t/6]./nimage_2 ocr text: The Cox,Ingersoll, and Ross Model Cox, Ingersoll, and Ross (CIR) have proposed the following alternative model:3 zp+p-q=p where a,b, and  are nonnegative constants.This has the same mean-reverting drift as Vasicek, but the standard deviation of the change in the short rate in a short period of time is proportional to r.This means that,as the short-term interest rate increases,the standard deviation increases. Bond prices in the CIR model have the same general form as those inVasicek's model, PtT=AtTe-B(t,Trt but the functions Bt,T and At,T are different: 2(eT-t-1 BtT y+aeT-i-1+2y and 2yea+y)T-t/2 2ab/ y+aeT-t-1+2y withy=Va2+2o2 To see this result,substitutem =abr ands =r into differential equation31.5 to get aPtT P a2PtT I =rPtT dt dr dr2 As in the case of Vasicek's model, we can prove the bond-pricing result by substituting are solutions of B-aB-oB+1=0A-abAB=0 Furthermore,the boundary condition PT,T= 1 is satisfied</ocr>",What is the bond price using Vasicek model?,,,,,,,,,screenshot,0.38046,"In Vasicek’s model, a = 0.1, b = 0.1, and $\sigma = 0.02$ so that $B(t,t+10) = \frac{1}{0.1}(1-e^{-0.1*10}) = 6.32121$\\
 $A(t,t+10) = exp[\frac{(6.32121-10)(0.1^2*0.1-0.0002)}{0.01}-\frac{0.0004*6.32121^2}{0.4}] = 0.71587$\\
 The bond price is therefore $0.71587e^{-6.32121*0.1} = 0.38046$",hard,open question,derivatives,english,480,1,1,,,,,,,release_basic_txt,english_480,hard_open question_derivatives,hard_open question
875,english_335_8_r3,"Bentley Corp. and Rolls Manufacturing are considering a merger. The possible states of the economy and each company’s value in that state are shown here:<image_1> Bentley currently has a bond issue outstanding with a face value of $125,000. Rolls is an all-equity company. /n <ocr>image_1 ocr text: State Probability Bentley Rolls Boom .65 $290,000 $260,000 Recession .35 110,000 80,000</ocr>","If the companies continue to operate separately, what is the total value of the debt?",,,,,,,,,table,"$119,750","Combined debt value = $119,750",easy,open question,corporate finance,english,335,8,1,,,,,,,release_basic_txt,english_335,easy_open question_corporate finance,easy_open question
597,english_244_1_r3,"Louis Armstrong are analysts with Cefrino Investments, which sponsors the Cefrino Sovereign
Bond Fund (the Fund).
Armstrong develops two alternative portfolio scenarios based on his own yield curve outlook.
Construct a condor to benefit from less curvature in the 5-year to 10-year area of the yield curve.
The condor will utilize the same 1-year, 5-year, 10-year, and 30-year bonds held in the Fund. The
maximum allowable position in the 30-year bond in the condor is $15 million, and the bonds
must have equal (absolute value) money duration.
Armstrong evaluates the Fund’s positions from Exhibit 1:
<image_1>
Stephen Foster is concerned that the scenario analysis models for the credit portfolio
underestimate tail risk, and he asks Armstrong how to address this issue. Armstrong responds,
“We can change the expected correlations between prices in our models to generate more
extremely unusual outcomes.”
Armstrong is preparing for the annual meeting with one of the firm’s largest clients. The client
wants to explore more international credit investing. Armstrong anticipates that the client will
ask about differences between investing in emerging markets credits and developed markets
credits. To address this potential inquiry, Armstrong plans to emphasize the following differences.
Difference 1: Commodity producers and banks represent a higher proportion of emerging
markets indexes than of developed market indexes.
Difference 2: Total or partial government ownership of emerging markets issuers is
common, which results in a higher average recovery rate for defaulted
senior unsecured bonds for emerging markets than for developed markets.
Difference 3: Compared with developed markets, the credit quality of emerging markets
issuers tends to be more concentrated at the very high and very low
portions of the credit spectrum.
Armstrong also is preparing a more general discussion about domestic versus international
portfolio management. The written report by Armstrong identifies three statements that he
would like to check for accuracy.
Statement 1 Currency risk in global credit portfolios can be mitigated by using currency swaps or
by investing in credits denominated in currencies that are pegged or tightly managed by the
government.
Statement 2 Liquidity concerns for emerging markets credits are mitigated by their frequency of
trading and modest legal risk.
Statement 3 Sectors tend to perform similarly across regions. /n <ocr>image_1 ocr text: Exhibit 1 Sovereign bonds fund current fund holdings of on-the-run bonds Maturity Coupon/YTM Modified Duration 1-year 0.78% 0.95 5-year 1.80% 4.52 10-year 2.34% 8.28 30-year 2.95% 20.61</ocr>","Based on Exhibit 1, which short position is most likely to be included in the condor outlined","['A. 1-year $325 million', 'B. 5-year $68 million', 'C. 10-year $37 million']",,,,,,,,table,A,"Solution: A. To determine the positions, we take the maximum allowance of 30
year bonds of 15 million and
determine money duration. Money duration is equal to market value x modified duration divided
by 100. 30 year bond money d uration = 15 million × 20.61 /100 = $ 091,5 00. The market values
of the other positions are:
1
year bond: $3, 091,500 × 100/0.95 = $325 million
5
year bond: $3,091,500 × 100/4.52 = $68 million
10
year bond: $3,091,500 × 100/8.28 = $37 million
To profit from
a decrease in yield curve curvature, the correct condor structure will be: short 1s,
long 5s, long 10s, and short 30s. The positions of the condor will be: short $3 25 million 1 year
bond, long $ 68 million 5 year bond, long $37 million 10 yea r bond, and sh ort $15 million 30 year
bond.This condor is structured so that it benefits from a decline in curvature, where the middle of
the yield curve decreases in yield relative to the short and long ends of the yield curve.",hard,multiple-choice,fixed income,english,244,1,1,,,,,,,release_basic_txt,english_244,hard_multiple-choice_fixed income,hard_multiple-choice
1096,english_386_4_r3,<image_1> /n <ocr>image_1 ocr text: APR Number of Times Compounded EAR Semiannually 8.9% Monthly 18.8 Weekly 10.4 Infinite 13.6</ocr>,Find the APR for the fourth row in the table.,,,,,,,,,table,".1275, or 12.75%","Solving the continuous compounding EAR equation:
 EAR = e^{r} – 1
 We get:
 APR = ln(1 + EAR)
 APR = ln(1 + .1360)
 APR = .1275, or 12.75%",easy,open question,corporate finance,english,386,4,1,,,,,,,release_basic_txt,english_386,easy_open question_corporate finance,easy_open question
801,english_314_3_r3,Use the option quote information shown here to answer the questions that follow. The stock is currently selling for $114.<image_1> /n <ocr>image_1 ocr text: Option and Strike Calls Puts NY Close Expiration Price Vol. Last Vol. Last Macrosoft February 110 85 7.60 40 .60 March 110 61 8.80 22 1.55 May 110 22 10.25 11 2.85 August 110 3 13.05 3 4.70</ocr>,"In question 1,suppose that Macrosoft stock is selling for $125 per share on the expiration date. How much is your options investment worth?",,,,,,,,,table,"$15,000","If the stock price at expiration is $125, the payoff is:
Payoff = 10(100)($125 – 110) Payoff = $15,000",easy,open question,derivatives,english,314,3,1,,,,,,,release_basic_txt,english_314,easy_open question_derivatives,easy_open question
998,english_354_1_r3,"You purchased the following futures contract today at the settlement price listed in the Wall Street Journal. Answer the questions below regarding the contract. <image_1> /n <ocr>image_1 ocr text: Soybean Oil CBT) 60,000 Ibs.cents per Ib Lifetime Open High Low Settle Change High Low Open Interest Oct. 15.28 15.33 15.25 15.29 -.02 20.35 15.25 7.441</ocr>",What is the total value of the futures contract?,,,,,,,,,table,"The total value of the contract is $9,174,",,easy,open question,derivatives,english,354,1,1,,,,,,,release_basic_txt,english_354,easy_open question_derivatives,easy_open question
694,english_270_1_r3,"You manage a risky portfolio with
expected rate of return of 18% and standard deviation of 28%. The T-bill rate is 8%. /n <ocr>image_1 ocr text: Stock A 25% Stock B 32% Stock C 43%</ocr>","Suppose that your risky portfolio includes the following investments in the given proportions:<image_1>,What are the investment proportions of your client’s overall portfolio, including the position in T-bills?",,,,,,,,,table,"Investment proportions:
30.0% in T-bills 
17.5% in Stock A 
22.4% in Stock B 
30.1% in Stock C","Investment proportions:
30.0% in T-bills 
0.7 × 25% =17.5% in Stock A 
0.7 × 32% = 22.4% in Stock B 
0.7 × 43% = 30.1% in Stock C",easy,open question,portfolio management,english,270,1,1,,,,,,,release_basic_txt,english_270,easy_open question_portfolio management,easy_open question
773,english_306_3_r3,"North Pole Fishing Equipment Corporation and South Pole Fishing Equipment Corporation would have identical equity betas of 1.10 if both were all equity financed. The market value information for each company is shown here: <image_1> The expected return on the market portfolio is 10.9 percent, and the risk-free rate is 3.2 percent. Both companies are subject to a corporate tax rate of 35 percent. Assume the beta of debt is zero. /n <ocr>image_1 ocr text: North Pole South Pole Debt $2,700,000 $3,900,000 Equity $3,900,000 $2,700,000</ocr>",What is the required rate of return on the company North Pole’ equity?,,,,,,,,,table,15.48%,"We can use the Capital Asset Pricing Model to find the required return on each firm’s equity. Doing so, we find:
$R_S = R_F + \beta_{Equity}(R_M – R_F)$
$R_S = 3.20\% + 1.60(10.90\% – 3.20\%)$
$R_S = 15.48\%$",easy,open question,equity,english,306,3,1,,,,,,,release_basic_txt,english_306,easy_open question_equity,easy_open question
381,english_194_4_r3,"Stanley Kumar Singh is the risk manager at SKS Asset Management. He works
with individual clients to manage their investment portfolios. One client, Sherman
Hopewell, is worried about how short- term market fluctuations over the next three
months might impact his equity position in Walnut Corporation. Although Hopewell is
concerned about short- term downside price movements, he wants to remain invested in
Walnut shares because he remains positive about its long- term performance. Hopewell
has asked Singh to recommend an option strategy that will keep him invested in
Walnut shares while protecting against a short- term price decline. Singh gathers the
information in Exhibit-1 to explore various strategies to address Hopewell’s concerns.
Another client, Nigel French, is a trader who does not currently own shares of
Walnut Corporation. French has told Singh that he believes that Walnut shares will
experience a large move in price after the upcoming quarterly earnings release in two
weeks. French also tells Singh, however, that he is unsure which direction the stock
will move. French asks Singh to recommend an option strategy that would allow him
to profit should the share price move in either direction.
A third client, Wanda Tills, does not currently own Walnut shares and has asked
Singh to explain the profit potential of three strategies using options in Walnut: a
long straddle, a bull call spread, and a bear put spread. In addition, Tills asks Singh
to explain the gamma of a call option. In response, Singh prepares a memo to be
shared with Tills that provides a discussion of gamma and presents his analysis on
three option strategies:
Strategy 1: A long straddle position at the $67.50 strike option
Strategy 2: A bull call spread using the $65 and $70 strike options
Strategy 3: A bear put spread using the $65 and $70 strike options <image_1> /n <ocr>image_1 ocr text: Exhibit1 Walnut Corporation Current Stock Price:$67.79 Walnut Corporation European Options Market Call Market Put ExercisePrice Price Call Delta Price Put Delta $55.00 $12.83 1.00 $0.24 0.05 $65.00 $3.65 0.91 $1.34 -0.29 $67.50 $1.99 0.63 $2.26 -0.42 $70.00 $0.91 0.37 $3.70 -0.55 $80.00 $0.03 0.02 $12.95 -0.76 Note: Each option has 106 days remaining until expiration.</ocr>","Based on the data in Exhibit 1, Singh would advise Tills that the call option with the largest gamma would have a strike price closest to:","['A. $ 55.00', 'B. $ 67.50', 'C. $ 80.00']",,,,,,,,table,B,"B is correct. The $67.50 call option is approximately at the money because the Walnut share price is currently $67.79. Gamma measures the sensitivity of an option’s delta to a change in the underlying. The largest gamma occurs when options are trading at the money or near expiration, when the deltas of such options move quickly toward 1.0 or 0.0. Under these conditions, the gammas tend to be largest and delta hedges are hardest to maintain.",hard,multiple-choice,derivatives,english,194,4,1,,,,,,,release_basic_txt,english_194,hard_multiple-choice_derivatives,hard_multiple-choice
918,english_341_1_r3,Consider the following three stocks: <image_1> /n <ocr>image_1 ocr text: Stock Price Number of shares outstanding StockA $40 200 Stock B $70 500 Stock C $10 600</ocr>,The value-weighted index constructed with the three stocks using a divisor of 100 is,"['A. 1.2', 'B. 1200', 'C. 490', 'D. 4900', 'E. 49']",,,,,,,,table,C,The sum of the value of the three stocks divided by 100 is 490: [($40 × 200) + ($70 × 500) + ($10 × 600)]/100 = 490.,easy,multiple-choice,equity,english,341,1,1,,,,,,,release_basic_txt,english_341,easy_multiple-choice_equity,easy_multiple-choice
340,english_186_3_r3,"REDD Partners specializes in forecasting and consulting in particular sectors of the equity market. Minglu Li is an analyst for REDD and specializes in the consumer credit industry. Last year (2012), Li and her team gathered data to determine the expected return for the industry, shown in Exhibit 1.

<image_1>


After considering a number of approaches, Li and her team decided to use the bond-yield-plus-risk-premium method. The method had worked well in 2012, but a new assignment presented to Li’s team the previous week posed a new challenge.
A new consumer credit mechanism was being tested on a small scale using a smartphone application to pay for items instead of the traditional credit card. The application had proved successful in the use of microloans in developing countries and was now being applied to a much broader consumer base. The new challenge for Li’s team is to develop a model for the expected return for these new consumer credit companies, which are called “smart credit” companiesbecause they combine the consumer credit industry and what had traditionally been considered the telecommunications industry.
Although smart credit company returns data are sparse, a five-year monthly equally weighted index called the “Smart Credit Index” (SCI) was created from the existing companies’ returns data. The number of companies in the index at a given time varies because of firms failing and also merging over time.
The SCI risk premium, equal to the SCI return minus the risk-free rate, denoted as SCIRP, is used as the dependent variable in a two-factor regression in which the independent variables are index returns minus the risk-free rate for the consumer credit industry (CCIRP) and the telecommunications industry (TELIRP). The regression results are in Exhibit 2.

<image_2>

Although volatility information is available from the SCI data and correspondingly for the SCIRP, Li’s team wants to determine the statistical relationship between the SCIRP and both the CCIRP and the TELIRP because forecasting the CCIRP and TELIRP is much less difficult than forecasting the SCIRP. After some discussion, the team believes that the volatility measure for the SCIRP data based on the volatility of CCIRP and TELIRP through the regression should be adjusted to incorporate a correlation coefficient of 0.25 between the CCIRP and TELIRP. Although the two index risk premiums were uncorrelated in the past and within the regression, Li’s team believes the two technologies will become more correlated in the future.
Li’s team also examined survey data within the consumer credit and telecommunications industries over the same time period for which the actual data were collected. They found that projections in the surveys of the CCI and TELI tended to be more volatile than the actual data. However, Li’s team has decided not to make any adjustments because a definitive procedure could not be determined.
Given the effect of short-term interest rates on consumer credit, Li’s team then decided to determine what the short-term interest rate is expected to be in the future. The central bank’s last official statement identified 2.5% as the appropriate rate, assuming no other factors. Li’s team then estimates potential factors that may make the central bank behave differently from the 2.5% rate in the statement, shown in Exhibit 3.


<image_3>


Based on Taylor’s rule, with an assumption of equal weights applied to forecast versus trend measures, the short-term rate is expected to increase from the current 1.23%, and the yield curve is expected to flatten.
For further insight, Li decides to consult an in-house expert on central banking, Randy Tolliver. Tolliver states that a flat yield curve is consistent with tight monetary policies and tight fiscal policies. /n <ocr>image_1 ocr text: Exhibit 1:Returns & Premiums Data, 2012 Securities and Interest Rates Expected Yield (% 10-year US Treasury securities. 3.8 Short-term real rate 2 Long-term real rate. 2.3 10-year AA corporate bond yield 4.4 Type of Premium Premium (%) Inflation premium 0.8 Illiquidity premium 0.9 Equity risk premium 8.4/nimage_2 ocr text: Exhibit 2: Data, Statistics, and Regression Results Index Mean Variance SCIRP 5.40% 0.2704 CCIRP 4.60% 0.0784 TELIRP 2.80% 0.1024 Regression Coefficient a b (CCIRP) b (TELIRP) Coefficient value 0.011 1.02 1.045 Note:CCIRP and TELIRP are uncorrelated Note: All coefficients are statistically significant at the 95% level./nimage_3 ocr text: Exhibit 3:Estimated Central Bank Factors GDP growth forecast 2.00% GDP growth trend 1.00% Inflation forecast 1.50% Inflation target 3.50% Earnings growth forecast 4.00% Earnings growth trend 2.00%</ocr>","Based on the correlation that Li's team believes to exist between the CCIRP and TELIRP, the new volatility for the SCIRP is closest to:","['A. 56.4%.', 'B. 31.8%.', 'C. 49.1%.']",,,,,,,,screenshot,A,Answer = A. <ans_image_1>,hard,multiple-choice,portfolio management,english,186,3,1,,,,,,,release_basic_txt,english_186,hard_multiple-choice_portfolio management,hard_multiple-choice
920,english_341_3_r3,Consider the following three stocks: <image_1> /n <ocr>image_1 ocr text: Stock Price Number of shares outstanding StockA $40 200 Stock B $70 500 Stock C $10 600</ocr>,"If an equally weighted portfolio is created with one share of each stock, what is the total value of the portfolio?","['A. $120', 'B. $130', 'C. $210', 'D. $40']",,,,,,,,table,A,To calculate the total value of the equally weighted portfolio with one share of each: Stock A ($40) + Stock B ($70) + Stock C ($10) = $120.,easy,multiple-choice,equity,english,341,3,1,,,,,,,release_basic_txt,english_341,easy_multiple-choice_equity,easy_multiple-choice
763,english_304_4_r3,"Prices of zero-coupon bonds reveal the following pattern of forward rates:<image_1>
In addition to the zero-coupon bond, investors also may purchase a 3-year bond making annual payments of $60 with par value $1,000. /n <ocr>image_1 ocr text: Year Forward Rate 1 5% 2 7 3 8</ocr>","If you forecast that the yield curve in 1 year will be flat at 7%, what is your forecast for the
expected rate of return on the coupon bond for the 1-year holding period?",,,,,,,,,table,5.88%,<ans_image_2>,medium,open question,fixed income,english,304,4,1,,,,,,,release_basic_txt,english_304,medium_open question_fixed income,medium_open question
1059,english_374_2_r3,"The Stancil Corporation provided the following current information:
 <image_1> /n <ocr>image_1 ocr text: Proceeds from long-term borrowing $17,800 Proceeds from the sale of common stock 5,000 Purchases of fixed assets 27,000 Purchases of inventories 2,300 Payment of dividends 15,200</ocr>",Determine the cash flows to investors of the firm.,,,,,,,,,table,"$7,600","And the cash flows to the investors of the firm are:
 <ans_image_2>",easy,open question,corporate finance,english,374,2,1,,,,,,,release_basic_txt,english_374,easy_open question_corporate finance,easy_open question
726,english_284_5_r3,"If the simple CAPM is valid, each figure represents a situation. Please indicate whether it is possible or not, considering each situation independently.  /n <ocr>image_1 ocr text: Portfolio Expected Return Beta A 20 1.4 B 25 1.2/nimage_2 ocr text: Standard Portfolio Expected Return Deviation A 30 35 B 40 25/nimage_3 ocr text: Standard Portfolio Expected Return Deviation Risk-free 10 0 Market 18 24 A 16 12/nimage_4 ocr text: Standard Portfolio Expected Return Deviation Risk-free 10 0 Market 18 24 A 20 22/nimage_5 ocr text: Portfolio Expected Return Beta Risk-free 10 0 Market 18 1.0 A 16 1.5/nimage_6 ocr text: Portfolio Expected Return Beta Risk-free 10 0 Market 18 1.0 A 16 0.9/nimage_7 ocr text: Standard Portfolio Expected Return Deviation Risk-free 10 0 Market 18 24 A 16 22</ocr>",If the situation is possible in <image_5>?,,,,,,,,,table,Not possible.,"Not possible. The SML for this scenario is: E(r) = 10 + \beta × (18 – 10) Portfolios with beta equal to 1.5 have an expected return equal to:
E(r) = 10 + [1.5 × (18 – 10)] = 22%
The expected return for Portfolio A is 16%; that is, Portfolio A plots below the SML (\alpha_{A} = –6%), and hence, is an overpriced portfolio. This is inconsistent with the CAPM.",medium,open question,portfolio management,english,284,5,1,,,,,,,release_basic_txt,english_284,medium_open question_portfolio management,medium_open question
1004,english_356_3_r3,"Consider the following: <image_1>, /n <ocr>image_1 ocr text: Risk-free rate in the United States 0.04/vear Risk-free rate in Australia 0.03/year Spot exchange rate 1.67A$/$</ocr>","Assume the current market futures price is 1.66 A$/$. You borrow 167,000 A$ and convert the proceeds to U.S. dollars and invest them in the U.S. at the risk-free rate. You simultaneously enter a contract to purchase 170,340 A$ at the current futures prices (maturity of 1 year). What would be your profit (loss)?","['A. Profit of 630 A$', 'B. Loss of 2300 A$', 'C. Profit of 2300 A$', 'D. Loss of 630 A$']",,,,,,,,table,A,"[A$167,000/1.67 × 1.04 × 1.66] - (A$167,000 × 1.03) = A$630.",easy,multiple-choice,derivatives,english,356,3,1,,,,,,,release_basic_txt,english_356,easy_multiple-choice_derivatives,easy_multiple-choice
745,english_295_1_r3,<ocr>image_1 ocr text: This Year Last Year Yield on top-rated corporate bonds 8% 8.5% Yield on intermediate-grade 10.5 10 corporate bonds</ocr>,"Given the following data, is the confidence index rising or falling? What might explain the pattern of yield changes?<image_1>",,,,,,,,,table,The confidence index is decreasing.,"This year: Confidence Index = (8%/10.5%) = 0.762 
Last year: Confidence Index = (8.5%/10%) = 0.850 
Thus, the confidence index is decreasing.",easy,open question,portfolio management,english,295,1,1,,,,,,,release_basic_txt,english_295,easy_open question_portfolio management,easy_open question
1070,english_377_1_r3,"The most recent financial statements for Heine, Inc., are shown here:
 <image_1>
 Assets and costs are proportional to sales. Debt and equity are not. A dividend of $3,500 was paid, and the company wishes to maintain a constant payout ratio. Next year’s sales are projected to be $45,426. /n <ocr>image_1 ocr text: Income Statement Balance Sheet Sales $40,200 Assets $145,000 Debt $ 39,000 Costs 27,300 Equity 106,000 Taxable income $ 12,900 Total $145,000 Total $145.000 Taxes (34%) 4,386 Net income $ 8,514</ocr>",What external financing is needed?,,,,,,,,,table,"$13,184.18","An increase of sales to $45,426 is an increase of: 
 Sales increase = ($45,426 – 40,200) / $40,200 
 Sales increase = .1300, or 13.00%
 Assuming costs and assets increase proportionally, the pro forma financial statements will look like this:
 <ans_image_1>
 The payout ratio is constant, so the dividends paid this year is the payout ratio from last year times net income, or:
 Dividends = ($3,500 / $8,514)($9,620.82) 
 Dividends = $3,955
 The addition to retained earnings is:
 Addition to retained earnings = $9,620.82 – 3,955 
 Addition to retained earnings = $5,665.82
 And the new equity balance is:
 Equity = $106,000 + 5,665.82
 Equity = $111,665.82
 So the EFN is:
 EFN = Total assets – Total liabilities and equity
 EFN = $163,850 – 150,665.82 
 EFN = $13,184.18",hard,open question,corporate finance,english,377,1,1,,,,,,,release_basic_txt,english_377,hard_open question_corporate finance,hard_open question
176,english_156_1_r3,"London-based Kingsbridge Partners has been selected to manage a GBP150 million global bond portfolio for a pension fund. Jonathan Bixby, Kingsbridge’s portfolio manager, meets with Iain Seymour, a fixed income analyst at the firm to review the portfolio and its holdings relative to the client’s objectives.
The pension fund allows the use of 100% leverage to generate incremental returns. Bixby evaluates the use of leverage in the portfolio using the data in Exhibit 1.

<image_1>

Bixby's current macro view is that the economy is growing at a rate above the trend rate and, as a result, interest rates are likely to rise. Given his view, he is concerned the duration of the portfolio is inappropriate and plans to use the futures market to manage its interest rate risk. His new duration target for the asset portfolio is 4.25, and he uses the data in Exhibit 2 to reposition the portfolio.

<image_2>

Seymour suggests to Bixby that as an alternative to futures he could use interest rate swaps or options to alter the portfolio’s duration. He says he can alter the duration by receiving fixed and paying floating on a swap. Seymour also suggests that buying a protective put will achieve the hedging objective but provides more upside if Bixby is wrong about the future direction of interest rates. He says Bixby can also express his view by writing a covered call and not incur the cost of the premium.
Seymour tells Bixby, “International interest rates are not perfectly correlated. We can see the impact of a change in US interest rates on our model global bond portfolio. This portfolio contains US and German bonds and is not currently hedged with regard to currency or interest rates. Our analysis shows that the country beta between the United States and Germany is 0.62.” Model global bond portfolio data is provided in Exhibit 3.


<image_3>


Bixby asks Seymour whether the model portfolio should be hedged back to its domestic currency, the pound sterling (GBP). Bixby tells him that actively managing currency risk is an expected source of incremental returns for the portfolio and has historically accounted for 25% of Kingsbridge’s alpha relative to the benchmark.Seymour refers to the data in Exhibit 4 to support his current view that currency exposure in the portfolio should be actively managed.

<image_4>

Bixby asks whether this global portfolio would benefit from including emerging market debt securities. Seymour responds that returns can be attractive in emerging markets during certain periods, but risks also abound. He notes the following risks:
Risk 1: Returns are frequently characterized by significant negative skewness because the potential large downside is not offset by a comparable upside.
Risk 2: Emerging markets offer less protection from interference by the executive branch than developed countries.
Risk 3: Emerging market countries have limited access to secondary sources of liquidity. /n <ocr>image_1 ocr text: Exhibit 1 Assets Liabilities Portfolio (GBP millions 300 150 Duration 5.50 1.00 Expected Return or Cost % 4.75 3.95/nimage_2 ocr text: Exhibit 2 Futures Market Data Futures Contract Price GBP100,500 Conversion Factor 1.12 Duration of Cheapest to Deliver Bond 5.3 Price of Cheapest to Deliver Bond GBP97,750/nimage_3 ocr text: Exhibit 3 Global Bond Model Portfolic Duration Allocation (%) US Bond Issuers 6.6 60 German Bond Issuers 3.9 40/nimage_4 ocr text: Exhibit 4 Currency Market Data United United States Eurozone Kingdom Risk free rate-One Year 0.25% 1.50% 0.90% Spot rate GBP per USD or EUR) 0.6098 0.8929 Forward rate (GBP per USD or EUR) 0.6137 0.8875 Kingsbridge forecast spot rate in 1 year 0.6173 0.8850</ocr>","Based on the data in Exhibit 1, the duration of equity in the leveraged portfolio is closest to:","['A. 4.50', 'B. 5.00', 'C. 10.00']",,,,,,,,table,C,C is correct. Kingsbridge can leverage the GBP150 million portfolio by 100% by borrowing an additional GBP150 million. <ans_image_1>,easy,multiple-choice,fixed income,english,156,1,1,,,,,,,release_basic_txt,english_156,easy_multiple-choice_fixed income,easy_multiple-choice
1011,english_358_3_r3,"You are given the following information about a portfolio you are to manage. For the long-term you are bullish, but you think the market may fall over the next month. <image_1> /n <ocr>image_1 ocr text: Portfolio Value $1 million Portfolio's Beta 0.86 Current S&P500Value 990 Anticipated S&P500 Value 915</ocr>","For a 75-point drop in the S&P 500, by how much does the futures position change?","['A. $200,000', 'B. $50,000', 'C. $250,000', 'D. $500,000', 'E. $18,750']",,,,,,,,table,E,"The change is 75 points times the $250 multiplier, which equals $18,750.",easy,multiple-choice,portfolio management,english,358,3,1,,,,,,,release_basic_txt,english_358,easy_multiple-choice_portfolio management,easy_multiple-choice
640,english_252_5_r3,"Rhys Jacobs is a 70-year-old resident of Sahjong, a small island country off the coast of Australia
that caters to high-net-worth individuals because of its low tax rates and status as a sought-after
free trade zone. Jacobs grew up in Sahjong and is a well-respected entrepreneur.
Jacobs has long put it off but believes that now is the time to finally receive some
much-needed assistance in tax-efficient wealth accumulation, retirement and estate planning,
and other financial matters, so he recently hired Jassica Simson as his tax and financial adviser.
In preparing for their introductory meeting, Jacobs performs initial research on various taxplanning strategies available in Sahjong, where the capital gains tax rate is much lower than the
income tax rate. He finds several strategies that might be appropriate for his investment portfolio
and summarizes them as follows:
1 A strategy based on low portfolio turnover whereby assets are held for extended periods.
2 A strategy that concentrates on tax- exempt securities.
3 A strategy to restructure his portfolio to focus on annual capital gains versus income
generation.
Jacobs provides materials to Simson, including the following notes he took from a recent
financial blog discussing the various tools currently being used in retirement planning:
1 Long-term market return and historical inflation averages are simple but effective strategies
for accurately extrapolating how much wealth will be accumulated after a period of time if
one could earn, say, 10% a year.
2 The Monte Carlo approach helps an investor get to a straightforward “yes/no” determination
on whether a particular retirement income goal can be achieved.
3 Given a particular investment strategy, the likelihood of achieving a certain percentage return
throughout retirement can be answered with a Monte Carlo simulation.
4 Sustainable spending rates in retirement can be approximated without the need for a Monte
Carlo simulation by using the notion of ruin probabilities.
Jacobs asks Simson to evaluate these notes.
Simson states that she is very much in favor of a long-term buy-and-hold strategy focused on
capital appreciation. She states that investors often do not realize just how much of their
investment returns are consumed by taxes, and she provides Jacobs with the data in Exhibit 1 to
illustrate the point.
<image_1>
Turning to retirement planning, Simson confirms that sustainable spending rates in retirement
can be approximated without the need for a Monte Carlo simulation by using the notion of ruin
probabilities. The analysis incorporates lifespan uncertainty as well as financial market risk. After
they discuss the method, Jacobs asks her to determine how much he could withdraw annually
from a balanced portfolio if he wants to be at least 94% certain that the portfolio will last for the
remainder of his life. He states that the current value of his (balanced) portfolio is $2 million,
made up of 50% income-producing equities and 50% bonds. Simson uses the ruin probabilities in
Exhibit 2 as the basis for her calculation of Jacobs’ lifetime sustainable annual withdrawal.
<image_2>
The oil firm that Jacobs controls is headquartered in the island country of Mahjong,located
near Sahjong. Because of the foreign location of the oil firm, Simson believes there might be
opportunities to reduce taxes.
Simson knows that Sahjong uses the exemption method, whereby it does not impose taxes
on income that stems from a foreign country. However, Sahjong will soon hold parliamentary
elections, and the opposition party is said to favor the deduction method. Simson plans to
investigate how this possible change might affect Jacobs’ tax liability. She compares the tax rates
in the two countries in Exhibit 3.
<image_3> /n <ocr>image_1 ocr text: Exhibit 1 Data lllustrating the Effect of Taxes on Wealth Accumulation Initial investment $250,000 Holding period. 25 years Expectedannual gain 8% Tax rate on investment returns 10%/nimage_2 ocr text: Exhibit 2 Ruin Probabilities for a Balanced Portfolio:50% Equity and 50%Bonds Real Annual Spending per $100 of Initial Nest Egg Hazard Current $2 $3 $5 $9 Rate, A $4 (%) $6 (%) $7 %) $8 (%) $10 (%) Age (%) (%) (%) (%) (%) 70 4.75 0.8 2.8 6.3 11.4 17.6 24.7 32.2 39.8 47.2/nimage_3 ocr text: Exhibit 3 Comparative Income Tax Rates Country Sahjong Mahjong Income tax rate 10.00% 15.50%</ocr>","If the opposition party wins the election in Sahjong and its tax proposals are passed into law, the tax rate that Jacobs will face on income stemming from Mahjong will be closest to","['A. 0.0%', 'B. 15.5%', 'C. 24.0%']",,,,,,,,table,C,Solution:C. <ans_image_2>,hard,multiple-choice,portfolio management,english,252,5,1,,,,,,,release_basic_txt,english_252,hard_multiple-choice_portfolio management,hard_multiple-choice
888,english_336_8_r3,"Plant, Inc., is considering making an offer to purchase Palmer Corp. Plant’s vice president of finance has collected the following information:<image_1> .Plant also knows that securities analysts expect the earnings and dividends of Palmer to grow at a constant rate of 4 percent each year. Plant management believes that the acquisition of Palmer will provide the firm with some economies of scale that will increase this growth rate to 6 percent per year. /n <ocr>image_1 ocr text: Plant Palmer Price-earnings ratio 14.5 10 Shares outstanding 1,500,000 750,000 Earnings $4,200,000 $960,000 Dividends 1,050,000 470,000</ocr>","Plant’s outside financial consultants think that the 6 percent growth rate is too opti-
mistic and a 5 percent rate is more realistic. What would Plant’s gain be from this acquisition?",,,,,,,,,table,"$2,461,099.80","The gain to the acquiring firm will be:
Gain = $12,061,099.80 – 750,000($12.80) Gain = $2,461,099.80",hard,open question,corporate finance,english,336,8,1,,,,,,,release_basic_txt,english_336,hard_open question_corporate finance,hard_open question
1250,english_431_3_r3,"Suppose a factor model is appropriate to describe the returns on a stock. The current expected return on the stock is 10.5 percent. Information about those factors is presented in the following chart:
 <image_1> /n <ocr>image_1 ocr text: Factor B Expected Value Actual Value Growth in GNP 1.67 2.1% 2.6% Inflation 1.09 4.3 4.8</ocr>",What is the total return on this stock?,,,,,,,,,table,13.11%,"The total return is the expected return, plus the two components of unexpected return: the systematic risk portion of return and the unsystematic portion. So, the total return of the stock is:
 <ans_image_1>",easy,open question,portfolio management,english,431,3,1,,,,,,,release_basic_txt,english_431,easy_open question_portfolio management,easy_open question
41,english_35_1_r3,<ocr>image_1 ocr text: State Probability Retun on Stock A Return on Stock B 1 0.15 %8 8% 23 0.20 13% 7% 0.15 12% 6% 4 0.30 14% %6 5 0.20 16% 11%</ocr>,"Consider the following probability distribution for stocks A and B: <image_1> The expected rates of return of stocks A and B are _____ and _____, respectively.","['A. 13.2%; 9%', 'B. 13%; 8.4%', 'C. 13.2%; 7.7%', 'D. 7.7%; 13.2%']",,,,,,,,table,B,<ans_image_1>,easy,multiple-choice,portfolio management,english,35,1,1,,,,,,,release_basic_txt,english_35,easy_multiple-choice_portfolio management,easy_multiple-choice
1149,english_405_2_r3,"Aday Acoustics, Inc., projects unit sales for a new seven-octave voice emulation implant as follows:
 <image_1>
 Production of the implants will require $1,500,000 in net working capital to start and additional net working capital investments each year equal to 15 percent of the projected sales increase for the following year. Total fixed costs are $1,850,000 per year, variable production costs are $190 per unit, and the units are priced at $345 each. The equipment needed to begin production has an installed cost of $19,500,000. Because the implants 
 are intended for professional singers, this equipment is considered industrial machinery and thus qualifies as seven-year MACRS property. In five years, this equipment can be sold for about 20 percent of its acquisition cost. The company is in the 35 percent marginal tax bracket and has a required return on all its projects of 18 percent. /n <ocr>image_1 ocr text: Year Unit Sales - 81,000 2 89,000 3 97,000 4 92,000 5 77,000</ocr>","Based on these preliminary project estimates, what is the IRR?",,,,,,,,,table,33.29%,"Probably the easiest OCF calculation for this problem is the bottom up approach, so we will construct an income statement for each year. Beginning with the initial cash flow at time zero, the project will require an investment in equipment. The project will also require an investment in NWC of $1,500,000. So, the cash flow required for the project today will be:
 <ans_image_1>
 Now we can begin the remaining calculations. Sales figures are given for each year, along with the price per unit. The variable costs per unit are used to calculate total variable costs, and fixed costs are given at $1,850,000 per year. To calculate depreciation each year, we use the initial equipment cost of $19.5 million, times the appropriate MACRS depreciation each year. The remainder of each income statement is calculated below. Notice at the bottom of the income statement we added back depreciation to get the OCF for each year. The section labeled “Net cash flows” will be discussed below:
 <ans_image_2>
 After we calculate the OCF for each year, we need to account for any other cash flows. The other cash flows in this case are NWC cash flows and capital spending, which is the aftertax salvage of the equipment. The required NWC is 15 percent of the sales increase in the next year. We will work through the NWC cash flow for Year 1. The total NWC in Year 1 will be 15 percent of the sales increase from Year 1 to Year 2, or:
 Increase in NWC for Year 1 = .15($27,945,000 – 30,705,000) 
 Increase in NWC for Year 1 = –$414,000
 Notice that the NWC cash flow is negative. Since the sales are increasing, we will have to spend more money to increase NWC. In Year 3, the NWC cash flow becomes positive when sales are declining. And, in Year 5, the NWC cash flow is the recovery of all NWC the company still has in the project. 
 To calculate the aftertax salvage value, we first need the book value of the equipment. The book value at the end of the five years will be the purchase price, minus the total depreciation. So, the ending book value is:
 Ending book value = $19,500,000 – ($2,786,500 + 4,775,550 + 3,410,550 + 2,435,550 + 1,741,350) 
 Ending book value = $4,350,450
 The market value of the used equipment is 20 percent of the purchase price, or $3.9 million, so the aftertax salvage value will be:
 Aftertax salvage value = $3,900,000 + ($4,350,450 – 3,900,000)(.35) 
 Aftertax salvage value = $4,057,658
 The aftertax salvage value is included in the total cash flows as capital spending. Now we have all of the cash flows for the project. 
 The IRR is:
 IRR = 0 = –$21,000,000 + $7,519,543 / (1 + IRR) + $9,021,693 / (1 + IRR)^{2} + $10,022,693 / (1 + IRR)^{3} + $9,695,193 / (1 + IRR)^{4} + $12,515,380 / (1 + IRR)^{5}
 IRR = 33.29%",hard,open question,corporate finance,english,405,2,1,,,,,,,release_basic_txt,english_405,hard_open question_corporate finance,hard_open question
975,english_352_1_r3,"The financial statements of Midwest Tours are given below. <image_1> /n <ocr>image_1 ocr text: Midwest Tours Income Statement (2009) Sales $2,500.000 Cost of goods sold 1,260,000 Gross profit 1,240,000 Selling and administrative expenses 700,000 Operating profit 540.000 Interest expenses 160,000 Income before tax 380,000 Tax expense 152,000 Net income $228.000 Midwest Tours Balance Sheet 2009 2008 Cash $60,000 $50,000 Accounts receivable 500,000 450,000 Inventory 300,000 270,000 Total current assets 860,000 770,000 Fixed assets 2,180,000 2,000,000 Total assets $3,040,000 $2,770,000 Accounts payable 200.000 170.000 Bank loan 460,000 440,000 Total current liabilities 660,000 610.000 Bonds payable 860.000 860,000 Total liabilities 1,520,000 1,470,000 Common stock 30.000 shares) 120,000 120,000 Retained earnings 1,400.000 1.300,000 Total liabilities & Equity $3.040.000 $2.890.000 Note:The common shares are trading in the stock market for $36 each.</ocr>",Refer to the financial statements of Midwest Tours. The firm's current ratio for 2009 is,"['A. 1.82.', 'B. 1.03.', 'C. 1.30.', 'D. 1.65.', 'E. None of the options']",,,,,,,,table,C,"$860,000/$660,000 = 1.30.",easy,multiple-choice,financial statement analysis,english,352,1,1,,,,,,,release_basic_txt,english_352,easy_multiple-choice_financial statement analysis,easy_multiple-choice
1323,english_461_6_r3,"Suppose that the result of a major lawsuit affecting a company is due to be announced tomorrow. The company’s stock price is currently $60. If the ruling is favorable to the company, the stock price is expected to jump to $75. If it is unfavorable, the stock is expected to jump to $50. Assume that the volatility of the company’s stock will be 25% for 6 months after the ruling if the ruling is favorable and 40% if it is unfavorable. The company does not pay dividends. Assume that the 6 month risk free rate is 6%. 
Recall the contexutal knowledge on implied volatilities in
 <image_1><image_2>. Calculate the implied volatility for 6 month European options on the company today given the strike prices stated below. /n <ocr>image_1 ocr text: 20.1 IMPLIED VOLATILITIES OF CALLSAND PUTS This section shows that the implied volatility of a European call option is the same as that of a European put option when they have the same strike price and time to maturity. This is a particularly convenient result. It shows that when talking about a volatility smile or volatility surface we do not have to worry about whether the options are calls or puts. As explained in earlier chapters, put-call parity provides a relationship between the prices of European call and put options when they have the same strike price and time to maturity.With a dividend yield on the underlying asset of q, the relationship is p + Soe-qT = c + Ke-rT (20.1) As usual, c and p are the European call and put price. They have the same strike. price, K, and time to maturity, T. The variable So is the price of the underlying asset today,and r is the risk-free interest rate for maturity T. A key feature of the put-call parity relationship is that it is based on a relatively simple no-arbitrage argument. It does not require any assumption about the probability./nimage_2 ocr text: distribution of the asset price in the future.It is true both when the asset price distribution is lognormal and when it is not lognormal. Suppose that, for a particular value of the volatility, PBs and cbs are the values of European put and call options calculated using the Black-Scholes-Merton model. Suppose further that Pmktand Cmkt are the market values of these options.Because put-call parity holds for the Black-Scholes-Merton model, we must have In the absence of arbitrage opportunities, put-call parity also holds for the market prices,so that Subtracting these two equations, we get (20.2) PBS-Pmkt=CBS-Cmkt This shows that the dollar pricing error when the Black-Scholes-Merton model is used to price a European put option should be exactly the same as the dollar pricing error when it is used to price a European call option with the same strike price and time to maturity. Suppose that the implied volatility of the put option is 22%.This means that PBs =Pmkt when a volatility of 22% is used in the Black-Scholes-Merton model.From equation (20.2),it follows that cbs = cmkt when this volatility is used.The implied volatility of the call is, therefore, also 22%.This argument shows that the implied volatility of a European call option is always the same as the implied volatility of a European put option when the two have the same strike price and maturity date.To put this another way,for a given strike price and maturity, the correct volatility to use in conjunction with the Black-Scholes-Merton model to price a European call should always be the same as that used to price a European put.This means that the volatility smile (i.e.,the relationship between implied volatility and strike price for a particular maturity) is the same for European calls and European puts.More generally,it means that the volatility surface (i.e.,the implied volatility as a function of strike price and time to maturity) is the same for European calls and European puts.These results are also true to a good approximation for American options.</ocr>",Consider call options with strike prices of $80.,,,,,,,,,screenshot,40.36%,The results are shown in the table below.<ans_image_1> The pattern of implied volatilities is shown in the image below. <ans_image_2>,hard,open question,derivatives,english,461,6,1,,,,,,,release_basic_txt,english_461,hard_open question_derivatives,hard_open question
1008,english_357_4_r3,"You are given the following information about a portfolio you are to manage. For the long-term you are bullish, but you think the market may fall over the next month. <image_1> /n <ocr>image_1 ocr text: Portfolio Value $1 million Portfolio's Beta 0.60 Current S&P500 Value 1400 Anticipated S&P500 Value 1200</ocr>",How many contracts should you buy or sell to hedge your position? Allow fractions of contracts in your answer,"['A. sell 1.714', 'B. buy 1.714', 'C. sell 4.236', 'D. buy 4.236', 'E. sell 11.235']",,,,,,,,table,A,"The number of contracts equals the hedge ratio = change in portfolio value/profit on one futures contract = $85,700/$50,000 = 1.714. You should sell the contract because as the market falls the value of the futures contract will rise and will offset the decline in the portfolio's value.",easy,multiple-choice,portfolio management,english,357,4,1,,,,,,,release_basic_txt,english_357,easy_multiple-choice_portfolio management,easy_multiple-choice
1078,english_382_1_r3,"<image_1> /n <ocr>image_1 ocr text: Present Value Years Interest Rate Future Value $ 242 4 $ 345 410 8 927 51,700 16 152184 18,750 27 538,600</ocr>",Solve for the unknown interest rate for the first row in the table.,,,,,,,,,table,".0927, or 9.27%","To answer this question, we can use either the FV or the PV formula. Both will give the same answer since they are the inverse of each other. We will use the FV formula, that is:
 FV = PV(1 + r)^{t}
 Solving for r, we get:
 r = (FV / PV)^{1/t} – 1
 <ans_image_1>
 FV = $345 = $242(1 + r)^{4}; 
 r = ($345 / $242)^{1/4} – 1 = .0927, or 9.27%",easy,open question,corporate finance,english,382,1,1,,,,,,,release_basic_txt,english_382,easy_open question_corporate finance,easy_open question
937,english_345_6_r3,Suppose that all investors expect that interest rates for the 4 years will be as follows: <image_1> /n <ocr>image_1 ocr text: Year Forward Interest Rate 0 (today)5% 1 7% 2 9% 3 10%</ocr>,What is the yield to maturity on a 3-year zero-coupon bond?,"['A. 6.37%', 'B. 9.00%', 'C. 7.33%', 'D. 10.00%', 'E. None of the options']",,,,,,,,table,C,"(1,000/808.81)^(1/3) - 1 = 7.33%.",easy,multiple-choice,fixed income,english,345,6,1,,,,,,,release_basic_txt,english_345,easy_multiple-choice_fixed income,easy_multiple-choice
1067,english_376_1_r3,"Use the following information for Ingersoll, Inc. (assume the tax rate is 34 percent):
 <image_1>
 <image_2>
 <image_3>
 <image_4>
 <image_5> /n <ocr>image_1 ocr text: 2014 2015 Sales $9,402 $10,091 Depreciation 1,350 1,351 Cost of goods sold 3,235 3,672 Other expenses 767 641 Interest 630 724 Cash 4,931 6,244 Accounts receivable 6,527 7,352 Short-term notes payable 953 895 Long-term debt 16,152 19,260 Net fixed assets 41,346 42,332 Accounts payable 5,179 5,022 Inventory 11,604 11,926 Dividends 1,147 1,261/nimage_2 ocr text: Balance sheet as of Dec.31,2014 Cash $4,931 Accounts payable $5,179 Accounts receivable 6,527 Notes payable 953 Inventory 11,604 Current liabilities $6,132 Current assets $23,062 Long-term debt $16,152 Net fixed assets $41,346 Owners'equity 42,124 Total assets $64,408 Total liab.& equity $64,408/nimage_3 ocr text: Balance sheet as of Dec.31.2015 Cash $6,244 Accounts payable $5,022 Accounts receivable 7,352 Notes payable 895 Inventory 11,926 Current liabilities $5,917 Current assets $25,522 Long-term debt $19.260 Net fixed assets $42,332 Owners'equity 42,677 Total assets $67,854 Total liab.& equity $67854/nimage_4 ocr text: 2014 Income Statement Sales $9,402.00 COGS 3,235.00 Other expenses 767.00 Depreciation 1,350.00 EBIT $4,050.00 Interest 630.00 EBT $3,420.00 Taxes 1,162.80 Net income $2,257.20 Dividends $1,147.00 Additions to RE 1,110.20/nimage_5 ocr text: 2015 Income Statement Sales $10,091.00 COGS 3,672.00 Other expenses 641.00 Depreciation 1.351.00 EBIT $4,427.00 Interest 724.00 EBT $3,703.00 Taxes 1,259.02 Net income $2,443.98 Dividends $1,261.00 Additions to RE 1,182.98</ocr>","For 2015, calculate the cash flow from assets.",,,,,,,,,table,–$493.02,"OCF = EBIT + Depreciation – Taxes 
 OCF = $4,427 + 1,351 – 1,259.02 
 OCF = $4,518.98
 
 Change in NWC = NWC_{end} – NWC_{beg} = (CA – CL)_{end} – (CA – CL)_{beg} 
 Change in NWC = ($25,522 – 5,917) – ($23,062 – 6,132) 
 Change in NWC = $2,675
 
 Net capital spending = NFA_{end} – NFA_{beg} + Depreciation 
 Net capital spending = $42,332 – 41,346 + 1,351
 Net capital spending = $2,337
 
  
 Cash flow from assets = OCF – Change in NWC – Net capital spending
 Cash flow from assets = $4,518.98 – 2,675 – 2,337 
 Cash flow from assets = –$493.02",medium,open question,corporate finance,english,376,1,1,,,,,,,release_basic_txt,english_376,medium_open question_corporate finance,medium_open question
862,english_333_5_r3,"Consider the following premerger information about a bidding firm (Firm B) and a target firm (Firm T). Assume that both firms have no debt outstanding.<image_1> Firm B has estimated that the value of the synergistic benefits from acquiring Firm T is $12,600. /n <ocr>image_1 ocr text: Firm B Firm T Shares outstanding 8,300 3,400 Price per share $46 $21</ocr>",What is the NPV of the merger assuming the conditions in question 4?,,,,,,,,,table,"$4,814","The NPV of the acquisition using a share exchange is the market value of the target firm plus synergy benefits, minus the cost. The cost is the value per share of the merged firm times the number of shares offered to the target firm shareholders, so:
NPV = 3,400($21) + $12,600 – 1,700($46.58) NPV = $4,814",medium,open question,corporate finance,english,333,5,1,,,,,,,release_basic_txt,english_333,medium_open question_corporate finance,medium_open question
952,english_349_3_r3,<image_1> /n <ocr>image_1 ocr text: Year 1-Year Forward Rate 1 5% 2 5.5% 3 6.0% 4 6.5% 5 7.0%</ocr>,"Calculate the price at the beginning of year 1 of an 8% annual coupon bond with face value $1,000 and 5 years to maturity.","['A. $1,105.47', 'B. $1,131.91', 'C. $1,084.25', 'D. $1,150.01', 'E. $719.75']",,,,,,,,table,C,"i = [(1.05) (1.055) (1.06) (1.065) (1.07)]^(1/5) - 1 = 6%; FV = 1000, PMT = 80, n = 5, i = 6, PV = $1084.25.",easy,multiple-choice,fixed income,english,349,3,1,,,,,,,release_basic_txt,english_349,easy_multiple-choice_fixed income,easy_multiple-choice
695,english_271_1_r3,"A pension fund manager is considering three mutual funds. The first is a stock fund, the second is a long-term government and corporate bond fund, and the third is a T-bill money market fund that yields a rate of 8%. The probability distri- bution of the risky funds is as follows:<image_1>.The correlation between the fund returns is .10. /n <ocr>image_1 ocr text: Expected Return Standard Deviation Stock fund (S) 20% 30% Bond fund (B) 12 15</ocr>","What are the investment proportions in the minimum-variance portfolio of the two risky funds, and what is the expected value and standard deviation of its rate of return?",,,,,,,,,table,"The minimum-variance portfolio is computed as follows:
W_{Min}(S) = 0.1739
W_{Min}(B) = 0.8261
The minimum variance portfolio mean and standard deviation are:
E(r_{Min}) = 13.39%
\delta_{Min} = 13.92%",<ans_image_1>,easy,open question,portfolio management,english,271,1,1,,,,,,,release_basic_txt,english_271,easy_open question_portfolio management,easy_open question
928,english_344_1_r3,"Consider the following $1,000 par value zero-coupon bonds: <image_1> /n <ocr>image_1 ocr text: Bond Years to Maturity Price A 1 $909.09 B 2 $811.62 C 3 $711.78 D 4 $635.52</ocr>",The yield to maturity on bond A is,"['A. 10%.', 'B. 11%.', 'C. 12%.', 'D. 14%.', 'E. None of the options']",,,,,,,,table,A,"($1,000 - $909.09)/$909.09 = 10%.",easy,multiple-choice,fixed income,english,344,1,1,,,,,,,release_basic_txt,english_344,easy_multiple-choice_fixed income,easy_multiple-choice
1049,english_371_1_r3,"The following are prices of options traded on X Corporation, which pays no dividends. <image_1>. The stock is trading at $83, and the annualized riskless rate is 3.8%. The standard deviation in ln stock prices (based upon historical data) is 30%. /n <ocr>image_1 ocr text: Call Put K=85 K=90 K=85 K=90 1 month 2.75 1.00 4.50 7.50 3 month 4.00 2.75 5.75 9.00 6 month 7.75 6.00 8.00 12.00/nimage_2 ocr text: Call Options Put Options K 1 year 3 year 1 year 3 year 45 $8.69 $13.34 $1.99 $3.55 50 $5.86 $10.89 $3.92 $5.40 55 $3.78 $8.82 $6.59 $7.63 60 $2.35 $7.11 $9.92 $10.23</ocr>","Estimate the value of a three-month call, with a strike price of 85.",,,,,,,,,table,$4.42,"The values of the option parameters are as follows:
S = $83
K = $85
t = 0.25
r = 3.80%
Variance = 0.09
Value of call = $4.42",medium,open question,derivatives,english,371,1,1,,,,,,,release_basic_txt,english_371,medium_open question_derivatives,medium_open question
867,english_334_5_r3,"Consider the following premerger information about Firm A and Firm B:<image_1> /n <ocr>image_1 ocr text: Firm A Firm B Total earnings $2,100 $750 Shares outstanding 900 300 Price per share $ 60 $ 12</ocr>","If there are no synergy gains, what will the price–earnings ratio be?",,,,,,,,,table,20.21 times,"The PE ratio of the merged company will be:
PE = $59.69 / $2.95 PE = 20.21 times",medium,open question,corporate finance,english,334,5,1,,,,,,,release_basic_txt,english_334,medium_open question_corporate finance,medium_open question
152,english_146_1_r3,<ocr>image_1 ocr text: Market Sooner Portfolio Average return 20% 11 Standard deviations of returns 44% 19% Beta 1.8 1.0 Residual standard deviation 2.0 0.0%</ocr>,The following data are available relating to the performance of Sooner Stock Fund and the market portfolio: <image_1> The risk-free return during the sample period was 3%. What is the Treynor measure of performance evaluation for Sooner Stock Fund?,"['A. 1.33%', 'B. 4.00%', 'C. 8.67%', 'D. 9.44%', 'E. 37.14%']",,,,,,,,table,D,<ans_image_1>,easy,multiple-choice,equity,english,146,1,1,,,,,,,release_basic_txt,english_146,easy_multiple-choice_equity,easy_multiple-choice
890,english_336_10_r3,"Plant, Inc., is considering making an offer to purchase Palmer Corp. Plant’s vice president of finance has collected the following information:<image_1> .Plant also knows that securities analysts expect the earnings and dividends of Palmer to grow at a constant rate of 4 percent each year. Plant management believes that the acquisition of Palmer will provide the firm with some economies of scale that will increase this growth rate to 6 percent per year. /n <ocr>image_1 ocr text: Plant Palmer Price-earnings ratio 14.5 10 Shares outstanding 1,500,000 750,000 Earnings $4,200,000 $960,000 Dividends 1,050,000 470,000</ocr>","Plant’s outside financial consultants think that the 6 percent growth rate is too opti-
mistic and a 5 percent rate is more realistic. What is the most Plant should be willing to pay in cash per share for the stock
of Palmer?",,,,,,,,,table,$42.30,"The new price per share of the merged firm will be:
$P_{FP} = [\$60,900,000 + 12,061,099.80] / (1,500,000 + 225,000) $
$P_{FP} = \$42.30$",hard,open question,corporate finance,english,336,10,1,,,,,,,release_basic_txt,english_336,hard_open question_corporate finance,hard_open question
1175,english_417_1_r3,<image_1> /n <ocr>image_1 ocr text: State of Probability of Rate of Return Economy State of Economy if State Occurs Depression .15 .105 Recession .30 .059 Normal .45 .130 Boom .10 .211</ocr>,Calculate the expected return.,,,,,,,,,table,".0816, or 8.16%","The expected return of an asset is the sum of the probability of each return occurring times the probability of that return occurring. So, the expected return of the stock is:
 E(RA) = .15(–.105) + .30(.059) + .45(.130) + .10(.211) 
 E(RA) = .0816, or 8.16%",easy,open question,equity,english,417,1,1,,,,,,,release_basic_txt,english_417,easy_open question_equity,easy_open question
774,english_306_4_r3,"North Pole Fishing Equipment Corporation and South Pole Fishing Equipment Corporation would have identical equity betas of 1.10 if both were all equity financed. The market value information for each company is shown here: <image_1> The expected return on the market portfolio is 10.9 percent, and the risk-free rate is 3.2 percent. Both companies are subject to a corporate tax rate of 35 percent. Assume the beta of debt is zero. /n <ocr>image_1 ocr text: North Pole South Pole Debt $2,700,000 $3,900,000 Equity $3,900,000 $2,700,000</ocr>",What is the required rate of return on the company South Pole’ equity?,,,,,,,,,table,19.62%,"$R_S = R_F + \beta_{Equity}(R_M – R_F)$
$R_S = 3.20\% + 2.13(10.90\% – 3.20\%)$
$R_S = 19.62\%$",easy,open question,equity,english,306,4,1,,,,,,,release_basic_txt,english_306,easy_open question_equity,easy_open question
1344,english_467_1_r3,"Suppose that the risk-free zero curve is flat at 7 % per annum with continuous compounding and that defaults can occur halfway through each year in a new 5-year credit default swap. Suppose that the recovery rate is 30% and the hazard rate is 3%. 
Consider the tables in the screenshots as illustrative examples of cash flow computation for pricing CDS. <image_1><image_2><image_3><image_4> /n <ocr>image_1 ocr text: Table 25.1 Unconditional default probabilities and survival probabilities. Year Probability of Probability of surviving to year end default during year 1 0.9802 0.0198 2 0.9608 0.0194 3 0.9418 0.0190 4 0.9231 0.0186 5 0.9048 0.0183/nimage_2 ocr text: Table25.2 Calculation of the present value of expected payments. Payment= s per annum. Time Probability Expected Discount PVof expected (years) ofsurvival payment factor payment 1 0.9802 0.9802s 0.9512 0.9324s 2 0.9608 0.9608s 0.9048 0.8694s 3 0.9418 0.9418s 0.8607 0.8106s 4 0.9231 0.9231s 0.8187 0.7558s 5 0.9048 0.9048s 0.7788 0.7047s Total 4.0728s/nimage_3 ocr text: Table 25.3 Calculation of the present value of expected payoff. Notional principal =$1. Time Probability Recovery Expected DiscountPVof expected (years) of default rate payoff ($) factor payoff ($) 0.5 0.0198 0.4 0.0119 0.9753 0.0116 1.5 0.0194 0.4 0.0116 0.9277 0.0108 2.5 0.0190 0.4 0.0114 0.8825 0.0101 3.5 0.0186 0.4 0.0112 0.8395 0.0094 4.5 0.0183 0.4 0.0110 0.7985 0.0088 Total 0.0506/nimage_4 ocr text: Table25.4 Calculation of the present value of accrual payment Time Probability Expected Discount PV of expected (years) ofdefault accrual payment factor accrual payment 0.5 0.0198 0.0099s 0.9753 0.0097s 1.5 0.0194 0.0097s 0.9277 0.0090s 2.5 0.0190 0.0095s 0.8825 0.0084s 3.5 0.0186 0.0093s 0.8395 0.0078s 4.5 0.0183 0.0091s 0.7985 0.0073s Total 0.0422s</ocr>",What is the value of the credit default swap spread? Assume payments are made annually.,,,,,,,,,screenshot,0.0217,"The table corresponding to Tables 25.1, giving unconditional default probabilities, is as follows:<ans_image_1>. 
 The table corresponding to Table 25.2, giving the present value of the expected regular payments (payment rate is s per year), is as follows:<ans_image_2>. 
 The table corresponding to Table 25.3, giving the present value of the (notional principal =\$1), is as follows: expected payoffs (notional principal =\$1), is as follows:<ans_image_3>. 
 The table corresponding to Table 25.4, giving the present value of accrual payments, is as follows:<ans_image_4>. 
 The credit default swap spread s is given by: 
 3.7412s+0.0590s = 0.0826.
 It is 0.0217 or 217 basis points. ",hard,open question,derivatives,english,467,1,1,,,,,,,release_basic_txt,english_467,hard_open question_derivatives,hard_open question
51,english_45_1_r3,<ocr>image_1 ocr text: State of Nature Moderate Stock Strong Growth Growth Weak Growth A 39% 17% %9- B 30% 15% 0% C 6% 14% 22%</ocr>,"There are three stocks: A, B, and C. You can either invest in these stocks or short sell them. There are three possible states of nature for economic growth in the upcoming year (each equally likely to occur); economic growth may be strong, moderate, or weak. The returns for the upcoming year on stocks A, B, and C for each of these states of nature are given below: <image_1> If you invested in an equally-weighted portfolio of stocks A and C, your portfolio return would be ____________ if economic growth was strong.","['A. 17.0%', 'B. 22.5%', 'C. 30.0%', 'D. 30.5%']",,,,,,,,table,B,0.5(39%) + 0.5(6%) = 22.5%.,easy,multiple-choice,portfolio management,english,45,1,1,,,,,,,release_basic_txt,english_45,easy_multiple-choice_portfolio management,easy_multiple-choice
820,english_320_2_r3,Blue Steel Community Bank has the following market value balance sheet:<image_1> /n <ocr>image_1 ocr text: MarketValue Duration Asset or Liability (in $ millions) (in years) Federal funds deposits $31 0 Accounts receivable 540 .20 Short-term loans 320 .65 Long-term loans 98 5.25 Mortgages 435 12.85 Checking and savings deposits 615 0 Certificates of deposit 390 1.60 Long-term financing 285 9.80 Equity 134 N/A</ocr>,What is the duration of the liabilities?,,,,,,,,,table,2.65 years,"The total market value of liabilities in millions is:
Market value of liabilities = $615 + 390 + 285 
Market value of liabilities = $1,290
Note that equity is not included in this calculation since it is not a liability. So, the market value weight of each asset is:
Checking and savings deposits = $615/$1,290 = .477 
Certificates of deposit = $390/$1,290 = .302 
Long-term financing = $285/$1,290 = .221
Since the duration of a group of liabilities is the weighted average of the durations of each individual asset in the group, the duration of liabilities is:
Duration of liabilities = .477(0) + .302(1.60) + .221(9.80) Duration of liabilities = 2.65 years",hard,open question,fixed income,english,320,2,1,,,,,,,release_basic_txt,english_320,hard_open question_fixed income,hard_open question
803,english_314_5_r3,Use the option quote information shown here to answer the questions that follow. The stock is currently selling for $114.<image_1> /n <ocr>image_1 ocr text: Option and Strike Calls Puts NY Close Expiration Price Vol. Last Vol. Last Macrosoft February 110 85 7.60 40 .60 March 110 61 8.80 22 1.55 May 110 22 10.25 11 2.85 August 110 3 13.05 3 4.70</ocr>,"On the expiration date, Macrosoft is selling for $104 per share. What is your net gain?",,,,,,,,,table,"$1,300","If the stock price at expiration is $104, the position will have a profit of:
Profit = 10(100)($110 – 104) – $4,700 Profit = $1,300",medium,open question,derivatives,english,314,5,1,,,,,,,release_basic_txt,english_314,medium_open question_derivatives,medium_open question
782,english_309_2_r3,"The balance sheet for Levy Corp. is shown here in market value terms. There are 14,000 shares of stock outstanding. <image_1> The company has declared a dividend of $1.60 per share. The stock goes ex dividend tomorrow. /n <ocr>image_1 ocr text: Market Value Balance Sheet Cash $62,000 Equity $507,000 Fixed assets 445,000 Total $507.000 Total $507.000</ocr>",What will it sell for tomorrow?,,,,,,,,,table,$34.61 per share,"Ignoring tax effects, the stock price will drop by the amount of the dividend, so:
$P_X = \$36.21 – 1.60 $
$P_X = \$34.61$",medium,open question,corporate finance,english,309,2,1,,,,,,,release_basic_txt,english_309,medium_open question_corporate finance,medium_open question
567,english_238_1_r3,"Declan Kaufman is an investment manager working at New Wave Advisers, an investment firm
specializing in providing innovative derivatives solutions to institutional investors and
sophisticated individuals.
Ariadne Burch is corporate treasurer of a large European retailer, looking to expand
operations into the United States. She is exploring ways of borrowing USD, which is required for
the expansion, and has presented Kaufman with the following information:
• The rate on USD loan direct from a U.S. bank is the USD reference rate +100 bps.
• The rate on EUR loan direct from European bank is the EUR reference rate +70 bps.
• The EUR-USD cross-currency basis swap is quoted at –20 bps.
Burch would like to know what the effective cost of borrowing USD would be if this were
conducted through a cross-currency basis swap rather than directly borrowing USD.
Another client of Kaufman, Beatrice Rutledge, has asked Kaufman for advice on derivatives
based on volatility. Rutledge is aware that volatility is a key input when pricing options; however,
she is not familiar with other derivatives used to trade volatility.
Kaufman prepares a short presentation on variance swaps. He bases his presentation on
data displayed below in Figure 1.
<image_1>
During Kaufman’s presentation, Rutledge asks Kaufman how the payoff of a variance swap is
likely to behave. Kaufman replies with the following comments:
• Comment 1: The sensitivity of the value of a variance swap to changes in implied volatility
falls over the life of the swap.
• Comment 2: The payoff of a variance swap is convex with respect to changes in volatility. /n <ocr>image_1 ocr text: Figure 1:Variance Swap Example Data Volatility strike on swap (quoted as annual volatility) 19% Variance notional $263 Realized volatility at end of swap 21%</ocr>","If Burch’s firm raises USD financing through a cross currency basis swap, the cost of borrowing verses a direct USD loan would be","['A. 20 bps lower', 'B. 10 bps lower', 'C. 20 bps higher']",,,,,,,,table,B,"Soluton: B. If Burc
h’s firm borrows directly in USD, her firm will pay the USD reference rate +100bps.
If Burch’s firm uses the cross
currency basis swap to borrow USD the firm will:
• Borrow EUR directly at EUR reference rate +70bps.
• Swap the Euros for USD under the swap, and in doing so agreeing to pay the USD reference
rate, and receive the EUR reference rate minus 20bps since the basis is 20bps.
The net interest paid would, therefore, be:
(EUR reference rate + 70bps) + USD reference rate
(EUR reference rate 20bps) = US D
reference rate + 90bps
The advantage of borrowing USD through the swap market versus
directly is therefore 10 bps (i.e.,
the difference between the cost of direct borrowing [USD reference rate + 100bps] and the cost
of borrowing USD through the swap [USD reference rate + 90bps]).",hard,multiple-choice,derivatives,english,238,1,1,,,,,,,release_basic_txt,english_238,hard_multiple-choice_derivatives,hard_multiple-choice
70,english_64_1_r3,<ocr>image_1 ocr text: Maturity (Years) Price 1 $943.40 23 881.68 808.88 4 742.09</ocr>,"The following is a list of prices for zero-coupon bonds with different maturities and par values of $1,000. <image_1> What is the yield to maturity on a 3-year zero-coupon bond?","['A. 6.37%', 'B. 9.00%', 'C. 7.33%', 'D. 10.00%', 'E. None of the options are correct']",,,,,,,,table,C,<ans_image_1>,easy,multiple-choice,fixed income,english,64,1,1,,,,,,,release_basic_txt,english_64,easy_multiple-choice_fixed income,easy_multiple-choice
22,english_16_1_r3,<ocr>image_1 ocr text: Stock of the Economy Probability HPR Boom 0.40 30% Normal growth 0.40 11% Recession 0.20 -10%</ocr>,You have been given this probability distribution for the holding-period return for GM stock: <image_1> What is the expected variance for GM stock?,"['A. 200.00%', 'B. 221.04%', 'C. 246.37%', 'D. 14.87%', 'E. 16.13%']",,,,,,,,table,B,<ans_image_1>,medium,multiple-choice,equity,english,16,1,1,,,,,,,release_basic_txt,english_16,medium_multiple-choice_equity,medium_multiple-choice
160,english_152_2_r3,"Martin Standish is an economic analyst with Exeter Asset Management, a British firm that specializes in global funds for institutional investors, most of whom are based in the United Kingdom. Standish is identifying potential countries and asset classes to include in a developed markets fund that Exeter intends to introduce later this year. He begins his work by collecting macroeconomic data with which he can assess the outlook and expectations for a set of investment opportunities he is considering. Standish observes the following data: <image_1>


Deeba Kumar, Standish’s supervisor, stops by to see how his work is progressing. She asks him to research at least five additional countries for the new fund, and suggests Chile, Singapore, Great Britain, the United States and Denmark as potential candidates. She cautions Standish that he needs to be aware of interest rate linkages between these economies, and mentions three points that he should consider:
1 Since the Chilean peso appears to be undervalued relative to the British pound and is likely to rise, Chilean bond yields may be lower than they should be relative to British bonds.
2 The peg linking Denmark’s currency to the euro is considered to be at risk and likely to break. Therefore, Danish bond yields are expected to drop if the Danish krone weakens relative to the euro.
3 After removing expected inflation, the real bond yield is likely to be similar in Singapore and Sweden.
Next, Standish begins to identify specific assets to include in the developed markets portfolio. He considers equally weighted positions in Chilean Real Estate, Swiss bonds, and US equities, among others. He reviews the forecasts of inflation for these three countries and notes that inflation is predicted to be above expected levels in Chile, but below expectations in both Switzerland and the United States. With this new information, he ponders how he should adjust the portfolio weights to reflect the economic forecast.
Exeter also manages an emerging markets fund. Standish has been asked to help Mary Jones, a new trainee, review the country risk associated with assets in that fund. Standish tells Jones that the evaluation process is similar to the evaluation of assets in developed countries, but with more emphasis on several key factors. Jones responds that her country risk analysis will focus on the balance of payments, debt level, and the political situation in each country.
Jones tells Standish that she is particularly concerned about currency risk in the emerging markets fund. She is worried that the fund’s positions in Thailand may be at risk if there is a change in the value of the Thai baht (THB) relative to the British pound (GBP). Jones has gathered some projections (Exhibit 2) to assist her in analyzing the risk; she believes that Purchasing Power Parity (PPP) should provide a good model for esr1marmg any currency change.

<image_2>

Jones and Standish discuss her estimate. Standish mentions that PPP can be combined with a relative economic strength forecast for a more complete analysis, and suggests to her that there are at least three strengths to the combined approach:
1 PPP provides a useful guide to the short-term direction of exchange rates;
2 Relative economic strength focuses on trade flows, so it is independent of short-term interest rates;
3 Relative economic strength captures the impact of news on the economy. /n <ocr>image_1 ocr text: Exhibit1 Inventory Cycle Data: Inventory to Sales Ratios for Selected Countries Year Sweden Czech Republic Switzerland 2014 1.30 1.43 1.35 2015 1.35 1.37 1.36 2016 1.51 1.24 1.34/nimage_2 ocr text: Exhibit2 Basis of Currency Risk Assessment for Thai Baht vs.British Pound Thailand Great Britain Predicted annual inflation rate for next 5 years 3.4% 1.9% Current exchange rate:THB/GBP, i.e.,THB per GBP 51.4801</ocr>","Based on Exhibit 2 and her proposed forecasting model, the most accurate prediction that Jones can make about the THB/GBP exchange rate in five years is:","['A. THB 55.7674 per GBP', 'B. THB 47.1928 per GBP', 'C. THB 52.2523 per GBP']",,,,,,,,table,A,"A is correct. According to purchasing power parity (PPP), the movement in the exchange rate should offset any difference in the inflation rates between the two countries. Accordingly, the THB/GBP exchange rate in five years is predicted to be: <ans_image_1>",hard,multiple-choice,economics,english,152,2,1,,,,,,,release_basic_txt,english_152,hard_multiple-choice_economics,hard_multiple-choice
515,english_227_2_r3,"Olli Nava is a junior economist for Globofunds Asset Management, a large investment
management company. She has been asked to produce capital market expectations for asset
classes in several different markets relevant to the Diversified Absolute Return Strategies Fund
(DARS), the company’s largest fund.
Nava is aware that long-term GDP trend forecasting is considered the starting point to form
capital market expectations at Globofunds, but she is unsure why this is the case. She asks a
colleague, Jedd Wiggins to explain why long-term trend GDP growth is considered so important
when forecasting asset class returns. Wiggins makes the following two statements.
• Statement 1: There is both theoretical and empirical support for the case that the average
level of real government bond yields is causally linked to the trend rate of growth in the
economy.
• Statement 2: Over the long run, the total return of an equity market is causally linked to the
growth rate of GDP.
To make a forecast of trend GDP growth in the domestic economy, Nava collates the
following Globofunds data displayed in Figure 1. 
<image_1>
Nava has the view that increased levels of globalization will lead to the current account
playing a larger role in growth rate of economies. She considers the macroeconomic linkages
between the three main economies which the fund is exposed to. Macroeconomic data relating
to these economies is displayed in Figure 2.
<image_2>
Nava also considers the movement in foreign exchange to be a key determinant of the
medium-term performance of DARS. She considers the macroeconomic policy of the three main
developing markets which the fund is exposed to and collates the data as shown in Figure 3.
<image_3>
Nava attempts to forecast the likely foreign exchange rate movements that will affect the
fund. She notes that the largest foreign currency exposure is in Country X. The current spot rate
of the domestic currency of the fund (DOM) versus the foreign currency of Country X (FOR) is
DOM/FOR = 1.3020. Data related to the expected returns in the domestic and foreign markets is
displayed below in Figure 4.
<image_4>
Nava also considers purchasing power parity as a tool for long-term foreign exchange rate
forecasting. She notes that expected inflation in the domestic country is higher than the expected
inflation in Country X. /n <ocr>image_1 ocr text: Figure 1:Information on Domestic Economy Annual labor input growth 0.8% Annual labor productivity growth 1.2% Annual inflation 2.5% Dividend yield 3.0% Long-term change in profits as a share of GDP 0% Long-term change in PE multiples 0%/nimage_2 ocr text: Figure 2: Macroeconomic Data Relating to Three Economies Economy Savings Investment Taxation Government Spending 1 Increasing Decreasing Increasing Decreasing 2 Decreasing Increasing Decreasing Increasing 3 Increasing Increasing Increasing Increasing/nimage_3 ocr text: Figure 3: Macroeconomic Data Relating to Three Developing Markets Developing Market Capital Flows Exchange Rate A Restricted Fixed B Unrestricted Fixed C Unrestricted Floating/nimage_4 ocr text: Figure 4:Expected Returns in Domestic Markets and Foreign Country X Return Domestic Country X Short-term interest rates 0.75% 1.25% Term premium 0.00% 0.50% Credit premium 1.10% 0.60% Equity premium 3.00% 4.00% Liquidity premium 0.00% 0.00%</ocr>","Based on the data in Figure 1, the projected long-term domestic market equity return is closest to","['A. 4.5%', 'B. 5.0%', 'C. 7.5%']",,,,,,,,table,C,"Solution: C.
Real GDP growth = labor input growth + labor productivity growth = 0.8% + 1.2% = 2.0%
Nominal GDP growth = real GDP growth + inflation = 2.0% + 2.5% =4.5%
Long-term capital gains in equity markets = %Δ nominal GDP + %Δ profits/GDP + %Δ PE = 4.5% + 0%
+ 0% = 4.5%
Long-term total domestic market equity return = capital gains + dividend yield = 4.5% + 3.0% =
7.5%",hard,multiple-choice,economics,english,227,2,1,,,,,,,release_basic_txt,english_227,hard_multiple-choice_economics,hard_multiple-choice
1019,english_362_4_r3,The following data are available relating to the performance of Sooner Stock Fund and the market portfolio: <image_1> /n <ocr>image_1 ocr text: Sooner Market Portfolig 20% 11% Average Return Standard Deviation of Returns 44% 19% Beta 1.8 1.0 Residual standard deviation 2.0% 0.0%</ocr>,The risk-free return during the sample period was 3%. Calculate the information ratio for Sooner Stock Fund.,"['A. 1.53', 'B. 1.30', 'C. 8.67', 'D. 31.43', 'E. 37.14']",,,,,,,,table,B,"αP = 20% - [3% + 1.8(11% - 3%)] = 2.6%, 2.6%/2.00% = 1.3.",easy,multiple-choice,portfolio management,english,362,4,1,,,,,,,release_basic_txt,english_362,easy_multiple-choice_portfolio management,easy_multiple-choice
883,english_336_3_r3,"Plant, Inc., is considering making an offer to purchase Palmer Corp. Plant’s vice president of finance has collected the following information:<image_1> .Plant also knows that securities analysts expect the earnings and dividends of Palmer to grow at a constant rate of 4 percent each year. Plant management believes that the acquisition of Palmer will provide the firm with some economies of scale that will increase this growth rate to 6 percent per year. /n <ocr>image_1 ocr text: Plant Palmer Price-earnings ratio 14.5 10 Shares outstanding 1,500,000 750,000 Earnings $4,200,000 $960,000 Dividends 1,050,000 470,000</ocr>","If Plant were to offer $20 in cash for each share of Palmer, what would the NPV of the acquisition be?",,,,,,,,,table,"$1,114,285.71","The NPV of the acquisition is the value of the target firm to the acquiring firm minus the cost of the acquisition, so:
NPV = $16,114,285.71 – 750,000($20) NPV = $1,114,285.71",hard,open question,corporate finance,english,336,3,1,,,,,,,release_basic_txt,english_336,hard_open question_corporate finance,hard_open question
787,english_312_2_r3,"The all-equity firm Metallica Heavy Metal Mining (MHMM) Corporation wants to diversify its operations. Some recent financial information for the company is shown here: <image_1> MHMM is considering an investment that has the same PE ratio as the firm. The cost of the investment is $1,500,000, and it will be financed with a new equity issue. The return on the investment will equal MHMM’s current ROE. /n <ocr>image_1 ocr text: Stock price $75 Number of shares 65,000 Total assets $9,400,000 Total liabilities $4,100,000 Net income $980,000</ocr>",What is the value of EPS after the stock offer ?,,,,,,,,,table,$14.79 per share,"The number of shares the company will offer is the cost of the investment divided by the current share price, so:
Number of new shares = $1,500,000 / $75 
Number of new shares = 20,000
The earnings per share after the stock offer will be:
$EPS_1 = \$1,257,358 / (65,000 + 20,000 shares) $
$EPS_1 = \$14.79$",hard,open question,corporate finance,english,312,2,1,,,,,,,release_basic_txt,english_312,hard_open question_corporate finance,hard_open question
951,english_349_2_r3,<image_1> /n <ocr>image_1 ocr text: Year 1-Year Forward Rate 1 5% 2 5.5% 3 6.0% 4 6.5% 5 7.0%</ocr>,What would the yield to maturity be on a four-year zero-coupon bond purchased today?,"['A. 5.75%', 'B. 6.30%', 'C. 5.65%', 'D. 5.25%']",,,,,,,,table,A,[(1.05) (1.055) (1.06) (1.065)]^(1/4) - 1 = 5.75%.,easy,multiple-choice,fixed income,english,349,2,1,,,,,,,release_basic_txt,english_349,easy_multiple-choice_fixed income,easy_multiple-choice
1084,english_383_3_r3,"<image_1> /n <ocr>image_1 ocr text: Present Value Years Interest Rate Future Value $ 625 7% $ 1,284 810 12 4,341 16,500 17 402,662 21,500 8 147,350</ocr>",Solve for the unknown number of years for the third row in the table.,,,,,,,,,table,20.35 years,"To answer this question, we can use either the FV or the PV formula. Both will give the same answer since they are the inverse of each other. We will use the FV formula, that is:
 FV = PV(1 + r)^{t}
 Solving for t, we get:
 t = ln(FV / PV) / ln(1 + r)
 <ans_image_3>
 FV = $402,662 = $16,500(1.17)^{t}; 
 t = ln($402,662 / $16,500) / ln 1.17 = 20.35 years",easy,open question,corporate finance,english,383,3,1,,,,,,,release_basic_txt,english_383,easy_open question_corporate finance,easy_open question
936,english_345_5_r3,Suppose that all investors expect that interest rates for the 4 years will be as follows: <image_1> /n <ocr>image_1 ocr text: Year Forward Interest Rate 0 (today)5% 1 7% 2 9% 3 10%</ocr>,"What is, according to the expectations theory, the expected forward rate in the third year?","['A. 7.00%', 'B. 7.33%', 'C. 9.00%', 'D. 11.19%', 'E. None of the options']",,,,,,,,table,C,881.68/808.88 - 1 = 9%.,easy,multiple-choice,fixed income,english,345,5,1,,,,,,,release_basic_txt,english_345,easy_multiple-choice_fixed income,easy_multiple-choice
922,english_342_1_r3,You have been given this probability distribution for the holding-period return for KMP stock: <image_1> /n <ocr>image_1 ocr text: State of the Economv Probability HPR Boom .30 18% Normal growth .50 12% Recession .20 -5%</ocr>,What is the expected holding-period return for KMP stock?,"['A. 10.40%', 'B. 9.32%', 'C. 11.63%', 'D. 11.54%', 'E. 10.88%']",,,,,,,,table,A,HPR = .30 (18%) + .50 (12%) + .20 (-5%) = 10.4%.,easy,multiple-choice,equity,english,342,1,1,,,,,,,release_basic_txt,english_342,easy_multiple-choice_equity,easy_multiple-choice
42,english_36_1_r3,<ocr>image_1 ocr text: State Probability Return on Stock A Return on Stock B 1 0.15 %8 %8 2 0.20 13% 7% 3 0.15 12% 6% 4 0.30 14% %6 5 0.20 16% 11%</ocr>,"Consider the following probability distribution for stocks A and B: <image_1> The standard deviations of stocks A and B are _____ and _____, respectively.","['A. 1.56%; 1.99%', 'B. 2.45%; 1.66%', 'C. 3.22%; 2.01%', 'D. 1.54%; 1.11%']",,,,,,,,table,B,<ans_image_1>,easy,multiple-choice,portfolio management,english,36,1,1,,,,,,,release_basic_txt,english_36,easy_multiple-choice_portfolio management,easy_multiple-choice
1315,english_460_4_r3,"A fund manager has a well-diversified portfolio that mirrors the performance of an index and is worth $360 million. The value of the index is 1,200, and the portfolio manager would like to buy insurance against a reduction of more than 5% in the value of the portfolio over the next 6 months. The risk-free interest rate is 6% per annum. The dividend yield on both the portfolio and the index is 3%, and the volatility of the index is 30% per annum.
Recall the BSM pricing formulas in the screenshots. 
 <image_1><image_2> /n <ocr>image_1 ocr text: Pricing Formulas By replacing So by Sge-qT in the Black-Scholes-Merton formulas, equations (15.20) and 15.21)we obtain the price,c, of a European call and the price,p,of a European put on a stock paying a dividend yield at rate q as c =Soe-qTN(di) - Ke-rTN(d2) (17.4) p-N-p-N=d (17.5) Since Soe-qT So ln In qT K K it follows that d and d are given by lnSo/K+r-q+2/27 d OVT lnS/K+r-q-/2T VT These results were first derived by Merton.3 As discussed in Chapter 15, the word. dividend should, for the purposes of option valuation, be defined as the reduction in the stock price on the ex-dividend date arising from any dividends declared.If the dividend yield rate is known but not constant during the life of the option, equations (17.4)/nimage_2 ocr text: Table 19.6 Greek letters for European options on an asset providing a yield at rate q. Greek letter Call option Put option Delta e-qT N(di) e-qT[Nd1)-1] N'(d1)e-qT N'(di)e-qT Gamma SoVT SVT Theta -SoN'(d1)e-qT/(2VT) -SoN'(d1)e-qT/(2VT) + qSoN(dj)e-qT - rKe~rT N(d2) -qSoN-d)e-qT+ rKe-rTN-d2) Vega SoVTN'(d1)e-qT SoVTN'(di)e-qT Rho KTe-rT N(d2) -KTe-rTN-d)</ocr>","Assume that the portfolio has a beta of 1.5 and the dividend yield on the portfolio is 4\% per annum. If the fund manager buys traded European put options, how much would the insurance cost?",,,,,,,,,screenshot,"$34,326,000","When the value of the portfolio goes down 5% in six months, the total return from the portfolio, including dividends, in the six months is $-5+2 = -3\% $\\ 
 that is, -6% per annum. This is 12% per annum less than the risk-free interest rate. Since the portfolio has a beta of 1.5, we would expect the market to provide a reture of 8% per annum
 less than the rist-free interest rate; that is, we would expect the market to provide a return of -2% per annum. Since dividends on the market index are 3% per annum, we would expect
 the market index to have dropped at the rate of 5% per annum or 2.5% per six months; that is, we would expect the market to have dropped to 1170. A total of 450,000 = (1.5*300,000)
 put options on the index with exercise price 1170 and exercise date in six months are therefore required.
 $S_0 = 1200, K = 1170, r = 0.06, \sigma = 0.30, T = 0.50\quad and\quad q = 0.03, Hence,$\\
 $d_1 = \frac{ln(1200/1170)+(0.06-0.03+0.09/2)*0.5}{0.3 \sqrt{0.5}} = 0.2961$\\
 $d_2 = d_1 -0.3\sqrt{0.5} = 0.0840$\\
 $N(d_1) = 0.6164; N(d_2) = 0.5335$\\
 $N(-d_1) = 0.3836; N(-d_2) = 0.4665$\\
 The value of one put option is\\
 $Ke^{-rT}N(-d_2)-S_0e^{-qT}N(-d_1)$\\
 $=1170e^{-0.06*0.5}*0.4665-1200e^{-0.03*0.5}*0.3836$\\
 $=76.28$\\
 The total cost of the insurance is therefore, \\
 $450,000*76.28 = \$34,326,000$",hard,open question,portfolio management,english,460,4,1,,,,,,,release_basic_txt,english_460,hard_open question_portfolio management,hard_open question
1158,english_412_1_r3,"Suppose the following bond quote for IOU Corporation appears in the financial page of today’s newspaper. Assume the bond has a face value of $1,000, semiannual coupon payments, and the current date is April 15, 2015.
 <image_1> /n <ocr>image_1 ocr text: Company EST Vol (Ticker) Coupon Maturity Last Price Last Yield (000s) IOU (IOU) 7.240 Apr 15,2026 105.312 ?? 1,827</ocr>",What is the yield to maturity of the bond?,,,,,,,,,table,6.55%,"The bond has 11 years to maturity, so the bond price equation is:
 P = $1,053.12 = $36.20(PVIFAR%,22) + $1,000(PVIFR%,22)
 Using a spreadsheet, financial calculator, or trial and error we find:
 R = 3.277% 
 This is the semiannual interest rate, so the YTM is:
 YTM = 2 × 3.277% = 6.55%",easy,open question,fixed income,english,412,1,1,,,,,,,release_basic_txt,english_412,easy_open question_fixed income,easy_open question
378,english_194_1_r3,"Stanley Kumar Singh is the risk manager at SKS Asset Management. He works
with individual clients to manage their investment portfolios. One client, Sherman
Hopewell, is worried about how short- term market fluctuations over the next three
months might impact his equity position in Walnut Corporation. Although Hopewell is
concerned about short- term downside price movements, he wants to remain invested in
Walnut shares because he remains positive about its long- term performance. Hopewell
has asked Singh to recommend an option strategy that will keep him invested in
Walnut shares while protecting against a short- term price decline. Singh gathers the
information in Exhibit-1 to explore various strategies to address Hopewell’s concerns.
Another client, Nigel French, is a trader who does not currently own shares of
Walnut Corporation. French has told Singh that he believes that Walnut shares will
experience a large move in price after the upcoming quarterly earnings release in two
weeks. French also tells Singh, however, that he is unsure which direction the stock
will move. French asks Singh to recommend an option strategy that would allow him
to profit should the share price move in either direction.
A third client, Wanda Tills, does not currently own Walnut shares and has asked
Singh to explain the profit potential of three strategies using options in Walnut: a
long straddle, a bull call spread, and a bear put spread. In addition, Tills asks Singh
to explain the gamma of a call option. In response, Singh prepares a memo to be
shared with Tills that provides a discussion of gamma and presents his analysis on
three option strategies:
Strategy 1: A long straddle position at the $67.50 strike option
Strategy 2: A bull call spread using the $65 and $70 strike options
Strategy 3: A bear put spread using the $65 and $70 strike options <image_1> /n <ocr>image_1 ocr text: Exhibit1 Walnut Corporation Current Stock Price:$67.79 Walnut Corporation European Options Market Call Market Put ExercisePrice Price Call Delta Price Put Delta $55.00 $12.83 1.00 $0.24 0.05 $65.00 $3.65 0.91 $1.34 -0.29 $67.50 $1.99 0.63 $2.26 -0.42 $70.00 $0.91 0.37 $3.70 -0.55 $80.00 $0.03 0.02 $12.95 -0.76 Note: Each option has 106 days remaining until expiration.</ocr>","Based on Exhibit 1, Strategy 1 is profitable when the share price at expiration is closest to:","['A. $63.00', 'B. $65.24', 'C. $69.49']",,,,,,,,table,A,"A is correct. The straddle strategy consists of simultaneously buying a call
option and buying a put option at the same strike price. The market price for
the $67.50 call option is $1.99, and the market price for the $67.50 put option
is $2.26, for an initial net cost of $4.25 per share. Thus, this straddle position
requires a move greater than $4.25 in either direction from the strike price of
$67.50 to become profitable. So, the straddle becomes profitable at $67.50 –
$4.26 = $63.24 or lower, or $67.50 + $4.26 = $71.76 or higher. At $63.00, the
profit on the straddle is positive.",easy,multiple-choice,derivatives,english,194,1,1,,,,,,,release_basic_txt,english_194,easy_multiple-choice_derivatives,easy_multiple-choice
74,english_68_1_r3,<ocr>image_1 ocr text: 1-Year Forward Year Rate 1 5.8% 2 6.4% 3 7.1% 4 7.3% 5 7.4%</ocr>,What would the yield to maturity be on a four-year zero-coupon bond purchased today? <image_1>,"['A. 5.80%', 'B. 7.30%', 'C. 6.65%', 'D. 7.25%', 'E. None of the options are correct']",,,,,,,,table,C,<ans_image_1>,easy,multiple-choice,fixed income,english,68,1,1,,,,,,,release_basic_txt,english_68,easy_multiple-choice_fixed income,easy_multiple-choice
1082,english_383_1_r3,"<image_1> /n <ocr>image_1 ocr text: Present Value Years Interest Rate Future Value $ 625 7% $ 1,284 810 12 4,341 16,500 17 402,662 21,500 8 147,350</ocr>",Solve for the unknown number of years for the first row in the table.,,,,,,,,,table,10.64 years,"To answer this question, we can use either the FV or the PV formula. Both will give the same answer since they are the inverse of each other. We will use the FV formula, that is:
 FV = PV(1 + r)^{t}
 Solving for t, we get:
 t = ln(FV / PV) / ln(1 + r)
 <ans_image_1>
 FV = $1,284 = $625(1.07)^{t}; 
 t = ln($1,284 / $625) / ln 1.07 = 10.64 years",easy,open question,corporate finance,english,383,1,1,,,,,,,release_basic_txt,english_383,easy_open question_corporate finance,easy_open question
942,english_347_1_r3,Suppose that all investors expect that interest rates for the 4 years will be as follows: <image_1> /n <ocr>image_1 ocr text: Year Forward Interest Rate 0 (today)3% 4% 5% 3 6%</ocr>,"What is the price of 3-year zero-coupon bond with a par value of $1,000?","['A. $889.08', 'B. $816.58', 'C. $772.18', 'D. $765.55', 'E. None of the options']",,,,,,,,table,A,"$1,000/(1.03)(1.04)(1.05) = $889.08.",easy,multiple-choice,fixed income,english,347,1,1,,,,,,,release_basic_txt,english_347,easy_multiple-choice_fixed income,easy_multiple-choice
155,english_149_1_r3,<ocr>image_1 ocr text: Market Monarch Portfolio Average return 16% 12 Standard deviations of returns 26% 22% Beta 1.15 1.00 Residual standard deviation 1 0</ocr>,The following data are available relating to the performance of Monarch Stock Fund and the market portfolio: <image_1> The risk-free return during the sample period was 4%. What is the information ratio measure of performance evaluation for Monarch Stock Fund?,"['A. 1.00%', 'B. 280.00%', 'C. 44.00%', 'D. 50.00%', 'E. None of the options are correct']",,,,,,,,table,B,<ans_image_1>,easy,multiple-choice,equity,english,149,1,1,,,,,,,release_basic_txt,english_149,easy_multiple-choice_equity,easy_multiple-choice
9,english_3_1_r3,<ocr>image_1 ocr text: Number of shares Stock Price outstanding StockA $40 200 StockB $70 500 Stock C $10 009</ocr>,Consider the following three stocks: <image_1> The price-weighted index constructed with the three stocks is,"['A. 30', 'B. 40', 'C. 50', 'D. 60', 'E. 70']",,,,,,,,table,B,<ans_image_1>,easy,multiple-choice,equity,english,3,1,1,,,,,,,release_basic_txt,english_3,easy_multiple-choice_equity,easy_multiple-choice
50,english_44_1_r3,<ocr>image_1 ocr text: State of Nature Moderate Stock Strong Growth Growth Weak Growth A 39% 17% %9- B 30% 15% 0% C 6% 14% 22%</ocr>,"There are three stocks: A, B, and C. You can either invest in these stocks or short sell them. There are three possible states of nature for economic growth in the upcoming year (each equally likely to occur); economic growth may be strong, moderate, or weak. The returns for the upcoming year on stocks A, B, and C for each of these states of nature are given below: <image_1> If you invested in an equally-weighted portfolio of stocks A and B, your portfolio return would be ___________ if economic growth were moderate.","['A. 3.0%', 'B. 14.5%', 'C. 15.5%', 'D. 16.0%']",,,,,,,,table,C,<ans_image_1>,easy,multiple-choice,portfolio management,english,44,1,1,,,,,,,release_basic_txt,english_44,easy_multiple-choice_portfolio management,easy_multiple-choice
349,english_187_6_r3,"Brian O'Reilly is a capital markets consultant for the Tennessee Teachers' Retirement System (TTRS). O'Reilly is meeting with the TTRS board to present his capital market expectations for the next year. Board member Kay Durden asks O'Reilly about the possibility that data measurement biases exist in historical data. O'Reilly responds:
Some benchmark indexes suffer from survivorship bias. For example, the returns of failed or merged companies are dropped from the data series, resulting in an upward bias to reported returns. This bias may result in an overly optimistic expectation with respect to future index returns. Another bias results from the use of appraisal data in the absence of market transaction data. Appraisal values tend to be less volatile than market determined values for identical assets. The result is that calculated correlations with other assets tend to be biased upward in absolute value compared with the true correlations, and the true variance of the asset is biased downward.
Board member Arnold Brown asks O'Reilly about the use of high-frequency (daily) data in developing capital market expectations. O'Reilly answers, ""Sometimes it is necessary to use daily data to obtain a dataseries of the desired length. High-frequency data are more sensitive to asynchronism across variables and, as a result, tend to produce higher correlation estimates.""
Board member Harold Melson notes he recently read an article on psychological traps related to making accurate and unbiased forecasts. He asks O'Reilly to inform the board about the anchoring trap and the confirming evidence trap. O'Reilly offers the following explanation:
The anchoring trap is the tendency for forecasts to be overly influenced by the memory of catastrophic or dramatic past events that are anchored in a person's memory. The confirming evidence trap is the bias that leads individuals to give greater weight to information that supports a preferred viewpoint than to evidence that contradicts it.
The board asks O'Reilly about using a multifactor model to estimate asset returns and covariances among asset returns. O'Reilly presents the factor covariance matrix for global equity and global bonds shown in Exhibit 1 and market factor sensitivities and residual risk shown in Exhibit 2.

<image_1>

Finally, the board asks about forecasting expected returns for major markets, given that price earnings ratios are not constant over time and that many companies are repurchasing shares instead of increasing cash dividends. O'Reilly responds that the Grinold–Kroner model accounts for those factors and then makes the following forecasts for the European equity market:
• The dividend yield will be 1.95%.
• Shares outstanding will decline 1.00%.
• The long-term inflation rate will be 1.75% per year.
• An expansion rate for P/E multiples will be 0.15% per year.
• The long-term corporate earnings growth premium will be 1% above GDP growth.
• GDP growth will be 2.5% per year.
• The risk-free rate will be 2.5%. /n <ocr>image_1 ocr text: Exhibit 1: Factor Covariance Matrix Global Equity Global Bonds Global Equity 0.0225 0.0022 Global Bonds 0.0022 0.0025 Exhibit 2: Market Factor Sensitivities and Residual Risk Sensitivities Residual Risk Global Global Equity Bonds Market1 1.20 0.00 12.00% Market 2 0.90 0.00 7.00% Market 3 0.00 0.95 1.80%</ocr>","Given O'Reilly's forecasts for the European market, the expected long-term equity return using the Grinold–Kroner model is closest to","['A. 6.35%.', 'B. 8.35%.', 'C. 7.35%.']",,,,,,,,screenshot,B,Answer = B. <ans_image_1> <ans_image_2>,hard,multiple-choice,portfolio management,english,187,6,1,,,,,,,release_basic_txt,english_187,hard_multiple-choice_portfolio management,hard_multiple-choice
1126,english_397_3_r3,"Consider the following cash flows of two mutually exclusive projects for AZ-Motorcars. Assume the discount rate for both projects is 10 percent.
 <image_1> /n <ocr>image_1 ocr text: Year AZM Mini-SUV AZF Ful-SUV 0 $495,000 $960,000 352,000 385,000 2 198,000 464,000 3 165,000 319.000</ocr>","Based on the IRR, which project should be accepted?",,,,,,,,,table,AZM,"The IRR is the interest rate that makes the NPV of the project equal to zero. So, the IRR of the AZM is: 
 0 = –$495,000 + $352,000 / (1 + IRR) + $198,000 / (1 + IRR)^{2} + $165,000 / (1 + IRR)^{3} 
 Using a spreadsheet, financial calculator, or trial and error to find the root of the equation, we find that:
 IRRAZM = 24.65% 
 And the IRR of the AZF is:
 0 = –$960,000 + $385,000 / (1 + IRR) + $464,000 / (1 + IRR)^{2} + $319,000 / (1 + IRR)^{3}
 Using a spreadsheet, financial calculator, or trial and error to find the root of the equation, we find that:
 IRRAZF = 10.80% 
 The IRR criteria implies we accept the AZM because it has the highest IRR. Remember the IRR does not necessarily rank projects correctly.",medium,open question,alternative investments,english,397,3,1,,,,,,,release_basic_txt,english_397,medium_open question_alternative investments,medium_open question
118,english_112_1_r3,"<ocr>image_1 ocr text: Midwest Tours Income Statement 2009 Sales $2,500,000 1,260,000 Gross profit 1,240,000 Selling & administrative expenses 700,000 Operating profit 540,000 Interest expense 160,000 Income before tax 380,000 Tax expense 152,000 Net income $ 228,000/nimage_2 ocr text: Balance Sheet 2009 2008 Cash $ 60,000 $ 50.000 Accounts receivable 500,000 450,000 Inventory 300,000 270,000 Total current assets $ 860,000 $ 770,000 Fixed assets 2,180,000 2,000,000 Total assets $3,040,000 $2,770,000 Accounts Payable $ 200,000 $ 170,000 Bank loan 460,000 440,000 Total current liabilities $ 660.000 $ 610,000 Bond payable 860,000 860.000 Total liabilities $1,520.000 $1,470.000 Common st0ck130.000 shares $ 120,000 $ 120.000 Retained earnings 1,400,000 1,300,000 Total liabilities & equity $3,040,000 $2,890,000</ocr>",The financial statements of Midwest Tours are given below. <image_1> <image_2> Note: The common shares are trading in the stock market for $36 each. Refer to the financial statements of Midwest Tours. The firm's P/E ratio for 2009 is,"['A. 4.74', 'B. 6.63', 'C. 5.21', 'D. 5.00']",,,,,,,,table,A,<ans_image_1>,easy,multiple-choice,financial statement analysis,english,112,1,1,,,,,,,release_basic_txt,english_112,easy_multiple-choice_financial statement analysis,easy_multiple-choice
21,english_15_1_r3,<ocr>image_1 ocr text: Stock of the Economy Probability HPR Boom 0.40 30% Normal growth 0.40 11% Recession 0.20 -10%</ocr>,You have been given this probability distribution for the holding-period return for GM stock: <image_1> What is the expected standard deviation for GM stock?,"['A. 16.91%', 'B. 16.13%', 'C. 13.79%', 'D. 15.25%', 'E. 14.87%']",,,,,,,,table,E,<ans_image_1>,medium,multiple-choice,equity,english,15,1,1,,,,,,,release_basic_txt,english_15,medium_multiple-choice_equity,medium_multiple-choice
1313,english_460_2_r3,"A fund manager has a well-diversified portfolio that mirrors the performance of an index and is worth $360 million. The value of the index is 1,200, and the portfolio manager would like to buy insurance against a reduction of more than 5% in the value of the portfolio over the next 6 months. The risk-free interest rate is 6% per annum. The dividend yield on both the portfolio and the index is 3%, and the volatility of the index is 30% per annum.
Recall the BSM pricing formulas in the screenshots. 
 <image_1><image_2> /n <ocr>image_1 ocr text: Pricing Formulas By replacing So by Sge-qT in the Black-Scholes-Merton formulas, equations (15.20) and 15.21)we obtain the price,c, of a European call and the price,p,of a European put on a stock paying a dividend yield at rate q as c =Soe-qTN(di) - Ke-rTN(d2) (17.4) p-N-p-N=d (17.5) Since Soe-qT So ln In qT K K it follows that d and d are given by lnSo/K+r-q+2/27 d OVT lnS/K+r-q-/2T VT These results were first derived by Merton.3 As discussed in Chapter 15, the word. dividend should, for the purposes of option valuation, be defined as the reduction in the stock price on the ex-dividend date arising from any dividends declared.If the dividend yield rate is known but not constant during the life of the option, equations (17.4)/nimage_2 ocr text: Table 19.6 Greek letters for European options on an asset providing a yield at rate q. Greek letter Call option Put option Delta e-qT N(di) e-qT[Nd1)-1] N'(d1)e-qT N'(di)e-qT Gamma SoVT SVT Theta -SoN'(d1)e-qT/(2VT) -SoN'(d1)e-qT/(2VT) + qSoN(dj)e-qT - rKe~rT N(d2) -qSoN-d)e-qT+ rKe-rTN-d2) Vega SoVTN'(d1)e-qT SoVTN'(di)e-qT Rho KTe-rT N(d2) -KTe-rTN-d)</ocr>","If the fund manager decides to provide insurance by keeping part of the portfolio in risk-free securities, what should the initial portfolio be?",,,,,,,,,screenshot,33.27%,"The delta of one put option is \\
 $e^{-qT}[N(d_1)-1]$\\
 $=e^{-0.03*0.5}(0.6622-1)$\\
 $=-0.3327$\\
 This indicates that 33.27\% of the portfolio (i.e., $119.77 million) should be initially sold and invested in risk-free securities.",hard,open question,portfolio management,english,460,2,1,,,,,,,release_basic_txt,english_460,hard_open question_portfolio management,hard_open question
1238,english_427_18_r3,"There are three securities in the market. The following chart shows their possible payoffs:
 <image_1> /n <ocr>image_1 ocr text: Probability Return on Return on Return on State of Outcome Security Security 2 Security 3 : .15 .20 .20 .05 2 .35 .15 .10 .10 3 .35 .10 .15 .15 4 .15 .05 .05 .20</ocr>",What is the standard deviation of a portfolio with half of its funds invested in Security 2 and half in Security 3?,,,,,,,,,table,".0209, or 2.09%",,easy,open question,portfolio management,english,427,18,1,,,,,,,release_basic_txt,english_427,easy_open question_portfolio management,easy_open question
837,english_324_7_r3,"Here are the most recent balance sheets for Country Kettles, Inc. Excluding accumulated depreciation<image_1> /n <ocr>image_1 ocr text: COUNTRYKETTLES.INC Balance Sheet 2015 2016 Assets Cash $48,180 $45,815 Accounts receivable 100,155 105,413 Inventories 83,600 89,716 Property,plant and equipment 225,992 249,086 Less: Accumulated depreciation 77194 (85,579) Total assets $380,733 $404,451 Liabilities and Equity Accounts payable $72,522 $50,396 Accrued expenses 10,980 9,840 Long-term debt 49,500 45,000 Common stock 25,000 30,000 Accumulated retained earnings 222,731 269,215 Total liabilities and equity $380,733 $404,451</ocr>","Determine whether item Long-term debt is a source or a use of cash, and the amount.",,,,,,,,,table,"Use, –$4,500","$45,000-$49,500 = -$4,500<0",easy,open question,financial statement analysis,english,324,7,1,,,,,,,release_basic_txt,english_324,easy_open question_financial statement analysis,easy_open question
1298,english_451_3_r3,"Consider the market prices for the call option and put options <image_1> <image_2> /n <ocr>image_1 ocr text: Table 1.2 Prices of call options on Apple,May 21,2020;stock price:bid$316.23,ask $316.50 (Source:CBOE) Strike price June 2020 September 2020 December 2020 ($) Bid Ask Bid Ask Bid Ask 290 29.80 30.85 39.35 40.40 46.20 47.60 300 21.55 22.40 32.50 33.90 40.00 41.15 310 14.35 15.30 26.35 27.25 34.25 35.65 320 8.65 9.00 20.45 21.70 28.65 29.75 330 4.20 5.00 15.85 16.25 23.90 24.75 340 1.90 2.12 11.35 12.00 19.50 20.30/nimage_2 ocr text: Table 1.3 Prices of put options on Apple,May 21,2020stock price:bid $316.23, ask$316.50Source:CBOE. Strike price June 2020 September 2020 December 2020 ($) Bid Ask Bid Ask Bid Ask 290 3.00 3.30 12.70 13.65 20.05 21.30 300 4.80 5.20 15.85 16.85 23.60 24.90 310 7.15 7.85 19.75 20.50 28.00 28.95 320 11.25 12.05 24.05 24.80 32.45 33.35 330 17.10 17.85 28.75 29.85 37.45 38.40 340 24.40 25.45 34.45 35.65 42.95 44.05</ocr>","Calculate the intrinsic value from the mid market (average of bid and ask) prices for the September put options in Table 1.3. 
 <image_2>
 Assume that the current mid market stock price is $316.00.",,,,,,,,,screenshot,"0, 0, 0, 4, 14, and 24","For strike prices of 290, 300, 310, 320, 330, and 340, the intrinsic values of put options are 0, 0, 0, 4, 14, and 24.",hard,open question,derivatives,english,451,3,1,,,,,,,release_basic_txt,english_451,hard_open question_derivatives,hard_open question
929,english_344_2_r3,"Consider the following $1,000 par value zero-coupon bonds: <image_1> /n <ocr>image_1 ocr text: Bond Years to Maturity Price A 1 $909.09 B 2 $811.62 C 3 $711.78 D 4 $635.52</ocr>",The yield to maturity on bond B is,"['A. 10%.', 'B. 11%.', 'C. 12%.', 'D. 14%.', 'E. None of the options']",,,,,,,,table,B,"($1,000 - $811.62)/$811.62 = 0.2321; (1.2321)^(1/2) - 1.0 = 11%.",easy,multiple-choice,fixed income,english,344,2,1,,,,,,,release_basic_txt,english_344,easy_multiple-choice_fixed income,easy_multiple-choice
1055,english_373_2_r3,"McCaw Cellular Communications reported earnings before interest and taxes of $850 million in 1993, with a depreciation allowance of $400 million and capital expenditures of $ 550 million in that year; the working capital requirements were negligible. The earnings before interest and taxes and net cap ex are expected to grow 20% a year for the next five years. The cost of capital is 10% and the return on capital is expected to 15% in perpetuity after year 5; the growth rate in perpetuity is 5%. The firm has $10 billion in debt outstanding with the following characteristics.
<image_1>
The annualized standard deviation in the firm's stock price is 35%, while the annualized standard deviation in the traded bonds is 15%. The correlation between stock and bond prices has been 0.5 and the average debt ratio over the last few years has been 60%. The three-year bond rate is 5% and the tax rate is 40%. /n <ocr>image_1 ocr text: Duration Debt 1 year $2 billion 2 years $4 billion 5 years $4 billion</ocr>",Estimate the value of the equity.,,,,,,,,,table,$ 4958 million,"Value of equity as an option

S = 13386.28
K = 10000.00
T = Weighted duration of debt = 3 years
Riskless rate = 5%
Variance in firm value = (.35)(.4)^2+(.15)(.6)^2+ 2 (.35)(.15)(.5)(.4)(.6) = .20 = 0.0403
Value of equity = $ 4958 million",hard,open question,derivatives,english,373,2,1,,,,,,,release_basic_txt,english_373,hard_open question_derivatives,hard_open question
1066,english_375_7_r3,"Consider the following abbreviated financial statements for Weston Enterprises:
 <image_1>
 <image_2> /n <ocr>image_1 ocr text: WESTON ENTERPRISES 2015 and 2014 Partial Balance Sheets Assets Liabilities and Owners' Equity 2015 2014 2015 2014 Current assets $1,176 $ 964 Current liabilities $ 445 $ 401 Net fixed assets 5,104 4,384 Long-term debt 2,713 2,380/nimage_2 ocr text: WESTON ENTERPRISES 2015 Income Statement Sales $14,740 Costs 5,932 Depreciation 1,190 Interest paid 328</ocr>","During 2015, Weston Enterprises raised $455 in new long-term debt. What is the cash flow to creditors?",,,,,,,,,table,–$5,"Cash flow to creditors = Interest – Net new LTD 
 Cash flow to creditors = $328 – 333 
 Cash flow to creditors = –$5",easy,open question,corporate finance,english,375,7,1,,,,,,,release_basic_txt,english_375,easy_open question_corporate finance,easy_open question
1077,english_381_4_r3,"<image_1> /n <ocr>image_1 ocr text: Present Value Years Interest Rate Future Value 8 7% $13,827 13 15 43,852 17 725,380 26 18 590,710</ocr>",Compute the present value for the fourth row in the table,,,,,,,,,table,"$7,988.07","To find the PV of a lump sum, we use:
 PV = FV / (1 + r)^{t}
 <ans_image_4>
 PV = $590,710 / (1.18)^{26} = $7,988.07",easy,open question,corporate finance,english,381,4,1,,,,,,,release_basic_txt,english_381,easy_open question_corporate finance,easy_open question
625,english_249_2_r3,"Olympia Investments (OI) is an investment advisory firm based in US. One of OI’s clients HYDU is
a private university with an endowment valued at USD 1.5 billion invested primarily in traditional
assets. During the investment committee’s annual meeting, the chief investment officer (CIO) of
the endowment , Erik Lensherr suggests changing allocations in alternatives, specifically in hedge
funds and private equity. The investment committee (IC) asks Robert Reynold, a senior portfolio
manager at OI, to evaluate Lensherr’s suggestion. During their meeting, Reynold explains the risk
factor-based asset allocation framework, and currently the endowment still follows the
traditional approach to asset allocation. Reynold makes the following comments about the
benefits and limitations of the risk-based approach.
“The risk-based approach helps in identifying common risk factors across all investments,
whether public or private, passive or active. Investors can have an integrated risk management
framework, which can quantify risk effectively. This approach also faces certain limitations. The
risk-factor estimation may be sensitive to the historical sample, and it can sometimes lead to the
overestimation of portfolio diversification.”
Lensherr shows Reynold the endowment’s current asset given in Exhibit 1. 
<image_1>
The
endowment’s spending rate is 4% calculated as a percentage of the endowment’s trailing 5-year
average value. The IC assumes capital calls for private investments over the coming year to be
about 20% of the current private asset net asset value. Lensherr adds that the IC would like an
expected return of 8% and accept volatility of 15%. Reynold discovers that the IC is willing to
tolerate a 1-year 99% CVaR of -20%.
Reynold presents the following expected returns prepared by OI’s analysts to Lensherr based
on a stress scenario of the capital market for the next 12 months. OI predicts inflation to be at
expectations levels, short rates to be slightly up, bonds yield to be stable, and equities to be trending upwards.
<image_2>
Another client of OI is Atlantis Insurance. Reynold is discussing with Scott Lang, CFO of
Atlantis Insurance, how to diversify the insurance company’s portfolio. Lang is interested in
investing in different hedge fund strategies. In selecting a hedge fund manager, Lang prefers to
hire a manager that uses the following:
Take advantage of arbitrage opportunities between securities that arise because of
variations in duration, credit quality, liquidity, and optionality.
To exploit price differences relative to expected future price relationships, with mean
reversion being an important consideration.
To forecast macroeconomic conditions to enable trades across various points on the yield
curve.
Reynold presents the following potential hedge fund investments:
Hedge Fund 1: A relative value strategy fund focusing only on fixed-income arbitrage.
Hedge Fund 2: An equity strategy fund focusing only on Long/short equity strategies.
Hedge Fund 3: An opportunistic strategy fund focusing on global macro strategies. /n <ocr>image_1 ocr text: Exhibit 1 Strategic Asset Rebalancing Current Asset Allocation Target Ranges Allocation (with alternatives) Cash 2% 0-5% 2% Public Equities 35% 30-40% 34% Government Bonds& High 10% 5-15% 15% investment-grade Corporate Bonds (70%Govt/30% Corp.) Hedge Funds(excluding long/short 20% 15-25% 18% strategies) PrivateReal Estate 10% 5-15% 10% Private Equity 23% 20-30% 21% The high investment-grade corporate bonds are as liquid as the government bond investments./nimage_2 ocr text: Exhibit 2 Return Stress Scenario Cash 2.20% Public Equities -3.00% Government Bonds & High investment-grade Corporate -1.00% Bonds (70%Govt/30% Corp.) Hedge Funds -2.00% Private Real Estate 0.00% Private Equity -8.00%</ocr>","Based on the current asset allocations, the total next 12-month liabilities of the HYDU endowment are closest to","['A. $60 million', 'B. $153 million', 'C. $147 million']",,,,,,,,table,B,"Solution: B.
The endowment has next-12-month liabilities as follows:
Approximately $60 million to the university ($1,500 million x 4%).
Approximately $93 million in capital calls from private investment commitments (equally
allocated across private real estate, and private equity [(10% + 21%) × 1,500m× 20%] = $93
million.
Total liabilities next 12 months = $60 million + $93 million = $153 million",hard,multiple-choice,alternative investments,english,249,2,1,,,,,,,release_basic_txt,english_249,hard_multiple-choice_alternative investments,hard_multiple-choice
1094,english_386_2_r3,<image_1> /n <ocr>image_1 ocr text: APR Number of Times Compounded EAR Semiannually 8.9% Monthly 18.8 Weekly 10.4 Infinite 13.6</ocr>,Find the APR for the second row in the table.,,,,,,,,,table,".1735, or 17.35%","Here, we are given the EAR and need to find the APR. Using the equation for discrete compounding:
 EAR = [1 + (APR / m)]^{m} – 1
 We can now solve for the APR. Doing so, we get:
 APR = m[(1 + EAR)^{1/m} – 1]
 EAR = .1880 = [1 + (APR / 12)]^{12} – 1
 APR = 12[(1.1880)^{1/12} – 1] = .1735, or 17.35%",easy,open question,corporate finance,english,386,2,1,,,,,,,release_basic_txt,english_386,easy_open question_corporate finance,easy_open question
1033,english_367_2_r3,"In a particular year, Razorback Mutual Fund earned a return of 1% by making the following investments in asset classes: <image_1>. The return on a bogey portfolio was 2%, calculated from the following information. <image_2> /n <ocr>image_1 ocr text: Weight Return Bonds 20% 5% Stocks 80% 0%/nimage_2 ocr text: Weight Return Bonds (Lehman Brothers Index) 50% 5% StocksS&P 500Index 50% -1%</ocr>",The contribution of asset allocation across markets to the Razorback Fund's total excess return was,"['A. -1.80%.', 'B. -1.00%.', 'C. 0.80%.', 'D. 1.00%.']",,,,,,,,table,A,<ans_image_1>,easy,multiple-choice,portfolio management,english,367,2,1,,,,,,,release_basic_txt,english_367,easy_multiple-choice_portfolio management,easy_multiple-choice
1157,english_411_2_r3,"Consider the following project for Hand Clapper, Inc. The 
 company is considering a four-year project to manufacture clap-command garage door openers. This project requires an initial investment of $15 million that will be depreciated straight-line to zero over the project’s life. An initial investment in net working capital of $950,000 is required to support spare parts inventory; this cost is fully recoverable whenever the project ends. The company believes it can generate $10.9 million in pretax revenues with $4.1 million in total pretax operating costs. The tax rate is 38 percent, and the discount rate is 13 percent. The market value of the equipment over the life of the project is as follows:
 <image_1> /n <ocr>image_1 ocr text: Year Market Value ($ millions) - $13.0 2 10.0 3 7.5 4 0.0</ocr>","Now compute the project NPVs assuming the project is abandoned after only one year, after two years, and after three years. What economic life for this project maximizes its 
 value to the firm?",,,,,,,,,table,abandoning the project after three years,"The cash flows if we abandon the project after one year are:
 <ans_image_2>
 The book value of the equipment is: 
 Book value = $15,000,000 – (1)($15,000,000 / 4) 
 Book value = $11,250,000 
 So the taxes on the salvage value will be:
 Taxes = ($11,250,000 – 13,000,000)(.38)
 Taxes = –$665,000
 This makes the aftertax salvage value:
 Aftertax salvage value = $13,000,000 – 665,000 
 Aftertax salvage value = $12,335,000
 The NPV if we abandon the project after one year is:
 NPV = –$15,950,000 + $18,926,000 / 1.13
 NPV = $798,672.57
 If we abandon the project after two years, the cash flows are:
 <ans_image_3>
 The book value of the equipment is: 
 Book value = $15,000,000 – (2)($15,000,000 / 4) 
 Book value = $7,500,000 
 So the taxes on the salvage value will be:
 Taxes = ($7,500,000 – 10,000,000)(.38)
 Taxes = –$950,000
 This makes the aftertax salvage value:
 Aftertax salvage value = $10,000,000 – 950,000 
 Aftertax salvage value = $9,050,000
 The NPV if we abandon the project after two years is:
 NPV = –$15,950,000 + $5,641,000 / 1.13 + $15,641,000 / 1.132
 NPV = $1,291,232.67
 If we abandon the project after three years, the cash flows are:
 <ans_image_4>
 The book value of the equipment is: 
 Book value = $15,000,000 – (3)($15,000,000 / 4) 
 Book value = $3,750,000 
 So the taxes on the salvage value will be:
 Taxes = ($3,750,000 – 7,500,000)(.38)
 Taxes = $1,425,000
 This makes the aftertax salvage value:
 Aftertax salvage value = $7,500,000 – 1,425,000 
 Aftertax salvage value = $6,075,000
 The NPV if we abandon the project after three years is:
 NPV = –$15,950,000 + $5,641,000(PVIFA13%,2) + $12,666,000 / 1.133
 NPV = $2,237,939.19
 We should abandon the equipment after three years since the NPV of abandoning the project after three years has the highest NPV.",medium,open question,alternative investments,english,411,2,1,,,,,,,release_basic_txt,english_411,medium_open question_alternative investments,medium_open question
815,english_318_3_r3,You are given the following information concerning options on a particular stock:<image_1> /n <ocr>image_1 ocr text: Stock price = $83 Exercise price = $80 Reonnnnnnnr eennnnnrnr eenrene ge = enne enneeay Maturity = 6 months Standard deviation = 47% per year</ocr>,What is the time value of the call option?,,,,,,,,,screenshot,$10.49,"Using the Black–Scholes option pricing model to find the price of the call option, we find:<ans_image_1>Putting these values into the Black–Scholes model, we find the call price is:<ans_image_2> 
Option value consists of time value and intrinsic value, so:
Call option value = Intrinsic value + Time value 
$13.49 = $3 + TV
TV = $10.49",hard,open question,derivatives,english,318,3,1,,,,,,,release_basic_txt,english_318,hard_open question_derivatives,hard_open question
409,english_201_3_r3,"An active portfolio manager observes the following market information related to an
outstanding corporate bond and two on-the-
run
government bonds that pay annual
coupons:

<image_1>

The portfolio manager also observes 10-year
and 20-year
swap spreads of 0.20%
and 0.25%, respectively. /n <ocr>image_1 ocr text: Issuer Term Coupon Yield ModDur Corporate 12y 3.00% 2.80% 9.99 10y Government 1.75% 1.85% 9.09 Government 20y 2.25% 2.30% 15.94</ocr>",Calculate the ASW of the corporate bond.,"['A. 0.65%', 'B. 0.95%', 'C. 0.85%']",,,,,,,,table,C,"C is correct. The ASW is an estimate of the spread over MRR versus the bond’s original coupon rate to maturity, which is equal to the difference between the corporate bond coupon of 3.00% and the 12-year swap rate of 2.15%, or 0.85%.",hard,multiple-choice,fixed income,english,201,3,1,,,,,,,release_basic_txt,english_201,hard_multiple-choice_fixed income,hard_multiple-choice
764,english_305_1_r3,"Fountain Corporation’s economists estimate that a good business environment and a bad business environment are equally likely for the coming year. The managers of the company must choose between two mutually exclusive projects. Assume that the project the company chooses will be the firm’s only activity and that the firm will close one year from today. The company is obligated to make a $3,500 payment to bondholders at the end of the year. The projects have the same systematic risk but different volatilities. Consider the following information pertaining to the two projects: <image_1> /n <ocr>image_1 ocr text: Low-Volatility High-Volatility Economy Probability Project Payoff Project Payoff Bad .50 $3,500 $2,900 Good .50 3,700 4,300</ocr>",What is the expected value of the company if the low-volatility project is undertaken?,,,,,,,,,table,"$3,600","The expected value of each project is the sum of the probability of each state of the economy times the value in that state of the economy. 
Low-volatility project value = .50($3,500) + .50($3,700)
Low-volatility project value = $3,600",easy,open question,equity,english,305,1,1,,,,,,,release_basic_txt,english_305,easy_open question_equity,easy_open question
1071,english_378_1_r3,"The most recent financial statements for Wise Co. are shown here:
 <image_1>
 Assets and costs are proportional to sales. The company maintains a constant 30 percent dividend payout ratio and a constant debt-equity ratio. /n <ocr>image_1 ocr text: Income Statement Balance Sheet Sales $43,000 Current assets $27,000 Long-term debt $62,000 Costs 21,500 Fixed assets 118,000 Equity 83,000 Taxable income $21,500 Total $145,000 Total $145,000 Taxes (34%) 7,310 Net income $14,190</ocr>",What is the maximum increase in sales that can be sustained assuming no new equity is issued?,,,,,,,,,table,"$5,845.58","The maximum percentage sales increase without issuing new equity is the sustainable growth rate. To calculate the sustainable growth rate, we first need to calculate the ROE, which is:
 ROE = NI / TE 
 ROE = $14,190 / $83,000 
 ROE = .1710
 The plowback ratio, b, is one minus the payout ratio, so:
 b = 1 – .30 
 b = .70
 Now we can use the sustainable growth rate equation to get:
 Sustainable growth rate = (ROE × b) / [1 – (ROE × b)]
 Sustainable growth rate = [.1710(.70)] / [1 – .1710(.70)] 
 Sustainable growth rate = .1359, or 13.59%
 So, the maximum dollar increase in sales is:
 Maximum increase in sales = $43,000(.1359) 
 Maximum increase in sales = $5,845.58",medium,open question,corporate finance,english,378,1,1,,,,,,,release_basic_txt,english_378,medium_open question_corporate finance,medium_open question
935,english_345_4_r3,Suppose that all investors expect that interest rates for the 4 years will be as follows: <image_1> /n <ocr>image_1 ocr text: Year Forward Interest Rate 0 (today)5% 1 7% 2 9% 3 10%</ocr>,What is the yield to maturity of a 3-year zero-coupon bond?,"['A. 7.03%', 'B. 9.00%', 'C. 6.99%', 'D. 7.49%', 'E. None of the options']",,,,,,,,table,C,[(1.05)(1.07)(1.09)]^(1/3) - 1 = 6.99.,easy,multiple-choice,fixed income,english,345,4,1,,,,,,,release_basic_txt,english_345,easy_multiple-choice_fixed income,easy_multiple-choice
988,english_353_2_r3,"The financial statements of Snapit Company are given below. <image_1> /n <ocr>image_1 ocr text: Snapit Company IncomeStatement (2009) Sales $4.000.000 Cost of goods sold 3.040.000 Gross profit 960,000 Selling and administrative expenses 430.000 Operating profit 530.000 Interest expense 160.000 Income before tax 370,000 Tax expense 148,000 Net income $222.000 Balance Sheet 2009 2008 Cash $60.000 $50,000 Accounts receivable 550,000 500,000 Inventory 690.000 620,000 Total current assets 1,300,000 1.170,000 Fixed assets 1,300,000 1,230,000 Total assets 2,600,000 2,400,000 Accounts payable 270.000 250,000 Bank loan 580.000 500.000 Total current liabilities 850.000 750,000 Bonds payable 900,000 1,000,000 Total liabilities 1.750.000 1.750.000 Common stock (25,000 shares) 250,000 250.000 Retained earnings 600,000 400,000 Total liabilities & equity $2,600,000 $2,400,000 Note:The common shares are trading in the stock market for $100 each.</ocr>",Refer to the financial statements of Snapit Company. The firm's quick ratio for 2009 is,"['A. 1.68.', 'B. 1.12.', 'C. 0.72.', 'D. 1.92.', 'E. None of the options']",,,,,,,,table,C,"($1,300,000 - $690,000)/$850,000 = 0.72.",easy,multiple-choice,financial statement analysis,english,353,2,1,,,,,,,release_basic_txt,english_353,easy_multiple-choice_financial statement analysis,easy_multiple-choice
1058,english_374_1_r3,"The Stancil Corporation provided the following current information:
 <image_1> /n <ocr>image_1 ocr text: Proceeds from long-term borrowing $17,800 Proceeds from the sale of common stock 5,000 Purchases of fixed assets 27,000 Purchases of inventories 2,300 Payment of dividends 15,200</ocr>",Determine the cash flows from the firm.,,,,,,,,,table,"$29,300","With the information provided, the cash flows from the firm are the capital spending and the change in net working capital, so:
 <ans_image_1>",easy,open question,corporate finance,english,374,1,1,,,,,,,release_basic_txt,english_374,easy_open question_corporate finance,easy_open question
1273,english_440_2_r3,"Harrison, Inc., has the following book value balance sheet:<image_1> /n <ocr>image_1 ocr text: Total Debt Assets and Equity Current assets $200,000,000 Total debt $220,000,000 Equity Common stock $30,000,000 Capital surplus 80,000,000 Accumulated retained earnings 170,000,000 Net fixed assets $300,000,000 Total shareholders' equity $280,000,000 Total assets $500,000,000 Total debt and shareholders' $500,000,000 equity</ocr>",Suppose the market value of the company’s debt is $225 million and the market value of equity is $670 million. What is the debt–equity ratio based on market values?,,,,,,,,,screenshot,.336 times,"The debt–equity ratio based on the market value of debt and equity is:
 D/E = Market value of debt / Market value of equity D/E = $225,000,000 / $670,000,000
 D/E = .336 times",medium,open question,corporate finance,english,440,2,1,,,,,,,release_basic_txt,english_440,medium_open question_corporate finance,medium_open question
690,english_268_2_r3,Use the following scenario analysis for Stocks X and Y to answer Problems <image_1> /n <ocr>image_1 ocr text: Bear Market NormalMarket BullMarket Probability 0.2 0.5 0.3 StockX 20% 18% 50% Stock Y 15% 20% 10%</ocr>,What are the standard deviations of returns on Stocks X and Y?,,,,,,,,,table,"σ_{X} = 24.33%
σ_{Y} = 13.23%","\deltaX =[0.2×(–20–20)2]+[0.5×(18–20)2]+[0.3×(50–20)2]=592 \delta_{X} = 24.33%
\deltaY =[0.2×(–15–10)2]+[0.5×(20–10)2]+[0.3×(10–10)2]=175 \delta_{Y} = 13.23%",medium,open question,portfolio management,english,268,2,1,,,,,,,release_basic_txt,english_268,medium_open question_portfolio management,medium_open question
663,english_257_2_r3,"Somerset Investment Limited is a Singapore-based money management firm that is conducting
an appraisal of its investment performance. Cameron Li, has been charged with conducting
the appraisal and is to report back to upper management with his findings.
Li is convinced that trade executions play a substantial role in overall portfolio performance,
particularly for funds that have a relatively high level of turnover during the year. As a result, he is
seeking methods that will allow him to evaluate the quality of trade executions.
He first consults the firm’s head trader, Rick Gleeson, about the relationship between trade
urgency, market impact and execution risk. Gleeson makes the following two statements.
Statement 1: Market impact increases when large orders are traded with higher urgency.
Statement 2: Trading with lower urgency is associated with lower execution risk.
Li asks Gleeson for some recent trade data that he can use for analysis and presentation to
management. He receives the following data relating to a series of buy trades for Sumatra
Natural Resources (SNR), with all currency values in Singapore dollars:
<image_1>
Gleeson also tells Li that the portfolio manager had originally made the decision to purchase
5,000 SNR shares at 10:00 am when the price was $22.26. Gleeson released the order to the
market at 10:20 am when the price was $22.29. The closing price for the day was Gleeson’s last
trade at $22.65, at which point the order for the remaining 2,000 shares was cancelled. Gleeson
executed the trade at an average price of $22.47 and total commissions paid amounted to $210.
Gleeson subsequently provides Li with a summary of the algorithmic trading strategies that
he has used in the last month. Li notes that a significant number of Gleeson’s algorithmic trades
have been executed using arrival price algorithms. /n <ocr>image_1 ocr text: Trades of Sumatra Natura Resources Time Execution Price Shares Bought 10:30 $22.33 900 11:15 $22.43 600 13:45 $22.47 700 15:00 $22.65 800</ocr>","The trading cost for purchasing 3,000 SNR shares is closest to","['A. $210', 'B. $534', 'C. $624']",,,,,,,,table,B,"Solution: B.
Trading cost = (900 × $22.33 + 600 × $22.43 + 700 × $22.47 + 800 × $22.65) – 3,000 × $22.29 =
$534. The trading cost calculation uses the price of the shares when the trader releases the order
to the market, not the portfolio manager’s benchmark price.",hard,multiple-choice,portfolio management,english,257,2,1,,,,,,,release_basic_txt,english_257,hard_multiple-choice_portfolio management,hard_multiple-choice
43,english_37_1_r3,<ocr>image_1 ocr text: State Probability Return on Stock A Return on Stock  7 0.15 %8 8% 2 0.20 13% 7% 3 0.15 12% 6% 4 0.30 14% %6 5 0.20 16% 11%</ocr>,Consider the following probability distribution for stocks A and B: <image_1> The coefficient of correlation between A and B is,"['A. 0.474', 'B. 0.612', 'C. 0.590', 'D. 1.206']",,,,,,,,table,C,<ans_image_1>,medium,multiple-choice,portfolio management,english,37,1,1,,,,,,,release_basic_txt,english_37,medium_multiple-choice_portfolio management,medium_multiple-choice
997,english_353_11_r3,"The financial statements of Snapit Company are given below. <image_1> /n <ocr>image_1 ocr text: Snapit Company IncomeStatement (2009) Sales $4.000.000 Cost of goods sold 3.040.000 Gross profit 960,000 Selling and administrative expenses 430.000 Operating profit 530.000 Interest expense 160.000 Income before tax 370,000 Tax expense 148,000 Net income $222.000 Balance Sheet 2009 2008 Cash $60.000 $50,000 Accounts receivable 550,000 500,000 Inventory 690.000 620,000 Total current assets 1,300,000 1.170,000 Fixed assets 1,300,000 1,230,000 Total assets 2,600,000 2,400,000 Accounts payable 270.000 250,000 Bank loan 580.000 500.000 Total current liabilities 850.000 750,000 Bonds payable 900,000 1,000,000 Total liabilities 1.750.000 1.750.000 Common stock (25,000 shares) 250,000 250.000 Retained earnings 600,000 400,000 Total liabilities & equity $2,600,000 $2,400,000 Note:The common shares are trading in the stock market for $100 each.</ocr>",Refer to the financial statements of Snapit Company. The firm's market to book value for 2009 is,"['A. 0.7256.', 'B. 1.5294.', 'C. 2.9400.', 'D. 3.6142.']",,,,,,,,table,C,"$100/[($850,000/25,000)] = 2.9400.",easy,multiple-choice,financial statement analysis,english,353,11,1,,,,,,,release_basic_txt,english_353,easy_multiple-choice_financial statement analysis,easy_multiple-choice
338,english_186_1_r3,"REDD Partners specializes in forecasting and consulting in particular sectors of the equity market. Minglu Li is an analyst for REDD and specializes in the consumer credit industry. Last year (2012), Li and her team gathered data to determine the expected return for the industry, shown in Exhibit 1.

<image_1>


After considering a number of approaches, Li and her team decided to use the bond-yield-plus-risk-premium method. The method had worked well in 2012, but a new assignment presented to Li’s team the previous week posed a new challenge.
A new consumer credit mechanism was being tested on a small scale using a smartphone application to pay for items instead of the traditional credit card. The application had proved successful in the use of microloans in developing countries and was now being applied to a much broader consumer base. The new challenge for Li’s team is to develop a model for the expected return for these new consumer credit companies, which are called “smart credit” companiesbecause they combine the consumer credit industry and what had traditionally been considered the telecommunications industry.
Although smart credit company returns data are sparse, a five-year monthly equally weighted index called the “Smart Credit Index” (SCI) was created from the existing companies’ returns data. The number of companies in the index at a given time varies because of firms failing and also merging over time.
The SCI risk premium, equal to the SCI return minus the risk-free rate, denoted as SCIRP, is used as the dependent variable in a two-factor regression in which the independent variables are index returns minus the risk-free rate for the consumer credit industry (CCIRP) and the telecommunications industry (TELIRP). The regression results are in Exhibit 2.

<image_2>

Although volatility information is available from the SCI data and correspondingly for the SCIRP, Li’s team wants to determine the statistical relationship between the SCIRP and both the CCIRP and the TELIRP because forecasting the CCIRP and TELIRP is much less difficult than forecasting the SCIRP. After some discussion, the team believes that the volatility measure for the SCIRP data based on the volatility of CCIRP and TELIRP through the regression should be adjusted to incorporate a correlation coefficient of 0.25 between the CCIRP and TELIRP. Although the two index risk premiums were uncorrelated in the past and within the regression, Li’s team believes the two technologies will become more correlated in the future.
Li’s team also examined survey data within the consumer credit and telecommunications industries over the same time period for which the actual data were collected. They found that projections in the surveys of the CCI and TELI tended to be more volatile than the actual data. However, Li’s team has decided not to make any adjustments because a definitive procedure could not be determined.
Given the effect of short-term interest rates on consumer credit, Li’s team then decided to determine what the short-term interest rate is expected to be in the future. The central bank’s last official statement identified 2.5% as the appropriate rate, assuming no other factors. Li’s team then estimates potential factors that may make the central bank behave differently from the 2.5% rate in the statement, shown in Exhibit 3.


<image_3>


Based on Taylor’s rule, with an assumption of equal weights applied to forecast versus trend measures, the short-term rate is expected to increase from the current 1.23%, and the yield curve is expected to flatten.
For further insight, Li decides to consult an in-house expert on central banking, Randy Tolliver. Tolliver states that a flat yield curve is consistent with tight monetary policies and tight fiscal policies. /n <ocr>image_1 ocr text: Exhibit 1:Returns & Premiums Data, 2012 Securities and Interest Rates Expected Yield (% 10-year US Treasury securities. 3.8 Short-term real rate 2 Long-term real rate. 2.3 10-year AA corporate bond yield 4.4 Type of Premium Premium (%) Inflation premium 0.8 Illiquidity premium 0.9 Equity risk premium 8.4/nimage_2 ocr text: Exhibit 2: Data, Statistics, and Regression Results Index Mean Variance SCIRP 5.40% 0.2704 CCIRP 4.60% 0.0784 TELIRP 2.80% 0.1024 Regression Coefficient a b (CCIRP) b (TELIRP) Coefficient value 0.011 1.02 1.045 Note:CCIRP and TELIRP are uncorrelated Note: All coefficients are statistically significant at the 95% level./nimage_3 ocr text: Exhibit 3:Estimated Central Bank Factors GDP growth forecast 2.00% GDP growth trend 1.00% Inflation forecast 1.50% Inflation target 3.50% Earnings growth forecast 4.00% Earnings growth trend 2.00%</ocr>","Based on Exhibit 1 and the method used by Li's team, the expected return for the consumer credit industry in 2012 was closest to","['A. 12.8%.', 'B. 12.2%.', 'C. 12.4%.']",,,,,,,,table,B,Answer = B. The bond-yield-plus-risk-premium method sets the expected return to the yield to maturity on a long-term government bond plus the equity risk premium (12.2% = 3.8% + 8.4%).,hard,multiple-choice,portfolio management,english,186,1,1,,,,,,,release_basic_txt,english_186,hard_multiple-choice_portfolio management,hard_multiple-choice
34,english_28_1_r3,<ocr>image_1 ocr text: State Probability Return on Stock A Return on Stock B 1 0.10 10% %8 2 0.20 13% 7% 3 0.20 12% %9 4 0.30 14% %6 5 0.20 15% 8%</ocr>,Consider the following probability distribution for stocks A and B: <image_1> The coefficient of correlation between A and B is,"['A. 0.46', 'B. 0.60', 'C. 0.58', 'D. 1.20']",,,,,,,,table,A,<ans_image_1>,medium,multiple-choice,portfolio management,english,28,1,1,,,,,,,release_basic_txt,english_28,medium_multiple-choice_portfolio management,medium_multiple-choice
383,english_195_2_r3,"Anneke Ngoc is an analyst who works for an international bank, where she advises
high-net-
worth
clients on option strategies. Ngoc prepares for a meeting with a US-based
client, Mani Ahlim.
Ngoc notes that Ahlim recently inherited an account containing a large Brazilian
real (BRL) cash balance. Ahlim intends to use the inherited funds to purchase a vacation
home in the United States with an expected purchase price of US$750,000 in six
months. Ahlim is concerned that the Brazilian real will weaken against the US dollar
over the next six months. Ngoc considers potential hedge strategies to reduce the risk
of a possible adverse currency movement over this time period.
Ahlim holds shares of Pselftarô Ltd. (PSÔL), which has a current share price of
$37.41. Ahlim is bullish on PSÔL in the long term. He would like to add to his long
position but is concerned about a moderate price decline after the quarterly earnings
announcement next month, in April. Ngoc recommends a protective put position with
a strike price of $35 using May options and a $40/$50 bull call spread using December
options. Ngoc gathers selected PSÔL option prices for May and December, which are
presented in Exhibit 1.
<image_1>
Ahlim also expresses interest in trading options on India’s NIFTY 50 (National
Stock Exchange Fifty) Index. Ngoc gathers selected one-month
option prices and
implied volatility data, which are presented in Exhibit 2. India’s NIFTY 50 Index is
currently trading at a level of 11,610.
<image_2>
Ngoc reviews a research report that includes a one-month
forecast of the NIFTY
50 Index. The report’s conclusions are presented in Exhibit 3.
<image_3>
Based on these conclusions, Ngoc considers various NIFTY 50 Index option
strategies for Ahlim. /n <ocr>image_1 ocr text: Exhibit 1 Selected PsOL Option Prices (all prices in Us dollars) ExercisePrice Expiration Month Call Price Put Price 35 May 3.00 1.81 40 December 6.50 10.25 50 December 4.25 20.50/nimage_2 ocr text: Exhibit2 Selected One-Month Option Prices and Implied Volatility Data NIFTY50 Index (all prices in Indian rupees) Market Call Market Put Implied Call Implied Put ExercisePrice Price Price Volatility Volatility 11,200 526.00 61.90 5.87 17.72 11,400 365.45 102.60 10.80 17.01 11,600 240.00 165.80 12.26 16.44 11,800 135.00 213.00 12.14 16.39 12,000 65.80 370.00 11.98 16.56/nimage_3 ocr text: Exhibit 3 Research Report Conclusions:NIFTY 50 Index One-month forecast: .We have a neutral view on the direction of the index's move over the next month. . The rate of the change in underlying prices (vega) is expected to increase. . The implied volatility of index options is expected to be above the consensus. forecast.</ocr>","Based on Exhibit 1, the breakeven price per share of Ngoc’s recommended PSÔL protective put position is:","['A. $35.60', 'B. $36.81', 'C. $39.22']",,,,,,,,table,C,"C is correct. Ngoc recommends a protective put position with a strike price of $35 using May options. The breakeven price per share on the protective put is calculated as Breakeven price per share of protective put = S0 + p0. Breakeven price per share of protective put = $37.41 + $1.81 = $39.22. In summary, Ahlim would need PSÔL’s share price to rise by the price of the put option ($1.81) from the current price of $37.41 to reach the breakeven share price—the price at which the gain from the increase in the value of the stock offsets the purchase price of the put option. A is incorrect because $35.60 represents incorrectly subtracting (rather than adding) the put premium in the calculation of the protective put breakeven price: $37.41 − $1.81 = $35.60. B is incorrect because $36.81 represents incorrectly adding the put premium to the strike price (not the current share price): $35.00 + $1.81 = $36.81.",hard,multiple-choice,derivatives,english,195,2,1,,,,,,,release_basic_txt,english_195,hard_multiple-choice_derivatives,hard_multiple-choice
